junction_aa,cluster
CASSRLAGGVNEQFF,0
CASSRLAGGWNEQFF,0
CASSRLAGGDNEQFF,0
CASSPLAGGDNEQFF,0
CASSPLAGGGNEQFF,0
CASSALAGGGNEQFF,0
CASSLLAGGQETQYF,1
CASSTLAGGQETQYF,1
CASSQDPGEGETQYF,2
CASSQDWGEGETQYF,2
CASSPSGAAGYEQYF,3
CASSPSGGAGYEQYF,3
CASSLGLAGTYEQYF,4
CASSQGLAGTYEQYF,4
CASSLGLGGTYEQYF,4
CASSLGLAGSYEQYF,4
CASSQGLAGSYEQYF,4
CASSPTGLGQPQHF,5
CASSPTGLSQPQHF,5
CASSPQGVGQPQHF,5
CASSRQGVGQPQHF,5
CASRPTGLGQPQHF,5
CASSLRGLGQPQHF,5
CASSLRGLSQPQHF,5
CASSDGGLGQPQHF,5
CASSLGGLGQPQHF,5
CASSHFGLGQPQHF,5
CASSHTGLGQPQHF,5
CASSPQGLGQPQHF,5
CASSLTGLGQPQHF,5
CASSPTGVGQPQHF,5
CASSQDPGGTDTQYF,6
CASSQDPGMTDTQYF,6
CASSQDGGGTDTQYF,6
CASSYDGGGTDTQYF,6
CASSQGGGGTDTQYF,6
CASSFSSERTDTQYF,7
CASSFSSPRTDTQYF,7
CASSLTGGAGNEQFF,8
CASSLTGGKGNEQFF,8
CASSMGQGGYNEQFF,9
CASSMGQGSYNEQFF,9
CASSLDGSSYNEQFF,10
CASSLDRSSYNEQFF,10
CASSLGGGSYNEQFF,10
CASSLPGGSYNEQFF,10
CASSEGGGSYNEQFF,10
CASSLGGSSYNEQFF,10
CASSVSGSSYNEQFF,10
CASSVTGSSYNEQFF,10
CASSISGSSYNEQFF,10
CASSLIGGSYNEQFF,10
CASSLLGSSYNEQFF,10
CASSHLGSSYNEQFF,10
CASSIQGSSYNEQFF,10
CASSIQTSSYNEQFF,10
CASSPDRISYNEQFF,10
CASSPDRSSYNEQFF,10
CASSVGGSSYNEQFF,10
CASSSSGSSYNEQFF,10
CASSQPGGSYNEQFF,10
CASSVGLSSYNEQFF,10
CASSVGGVSYNEQFF,10
CASSGGLAGPYEQYF,11
CASSGGLAPPYEQYF,11
CASSFWDRGNTGELFF,12
CASSLWDRGNTGELFF,12
CASSQGTSGGYEQYF,13
CASSQGTSGSYEQYF,13
CASSPGTSGAYEQYF,13
CASSPGTSGSYEQYF,13
CASSSGTSGSYEQYF,13
CASSSGTSGAYEQYF,13
CASSSGTSGTYEQYF,13
CASSQGGGQGYEQYF,14
CASSQGRGQGYEQYF,14
CASSVAGGGKYNEQFF,15
CASSVAGGGRYNEQFF,15
CASSPWTGMNTEAFF,16
CASSPWTGTNTEAFF,16
CASSERGGTVNEQFF,17
CASSERGGTYNEQFF,17
CSARDLGGSYEQYF,18
CSARDRGGSYEQYF,18
CSARDRTGSYEQYF,18
CASLPGGGASYEQYF,19
CASSPGGGASYEQYF,19
CASSPGGGVSYEQYF,19
CASSLMGGSDTEAFF,20
CASSLVGGSDTEAFF,20
CASSLGTSGSLYEQYF,21
CASSLGTSGSSYEQYF,21
CASSLAGGPSYNEQFF,22
CASSLAGGPVYNEQFF,22
CASSPRLAGAETQYF,23
CASSPRLAGGETQYF,23
CASSPSGGGSYEQYF,24
CASSWSGGGSYEQYF,24
CASSLTSGGYNEQFF,25
CASSPTSGGYNEQFF,25
CASSLTGGGYNEQFF,25
CASSIRAGDNTEAFF,26
CASSPRAGDNTEAFF,26
CASSGLAGVTDTQYF,27
CASSPLAGVTDTQYF,27
CASSSLAGVTDTQYF,27
CASSGLAGVPDTQYF,27
CASSPLAGVSDTQYF,27
CASSDFGQGSYEQYF,28
CASSFFGQGSYEQYF,28
CASRITSGGTDTQYF,29
CASRRTSGGTDTQYF,29
CASSLEQGANTGELFF,30
CASSLGQGANTGELFF,30
CASSDGLAGYNEQFF,31
CASSPGLAGYNEQFF,31
CASSPGLAGGNEQFF,31
CASSPQLAGGNEQFF,31
CASSPGLAGVNEQFF,31
CASSSGLAGVNEQFF,31
CASSPGLAGANEQFF,31
CASSLSGATYNEQFF,32
CASSLVGATYNEQFF,32
CASSAPGTGDYEQYF,33
CASSAPGTGHYEQYF,33
CASSQDRASGYEQYF,34
CASSQDRLSGYEQYF,34
CASSLEQGFYNEQFF,35
CASSLRQGFYNEQFF,35
CASSLRDRGLEGQYF,36
CASSLRDRGLETQYF,36
CASSGGTSGYNEQFF,37
CASSYGTSGYNEQFF,37
CASSLGGQGAYEQYF,38
CASSLGGQGTYEQYF,38
CASSEGGQGAYEQYF,38
CASSLGPTNTGELFF,39
CASSLGRTNTGELFF,39
CASSSQRDSTDTQYF,40
CASSSTRDSTDTQYF,40
CASSLGAGVNTEAFF,41
CASSLGQGVNTEAFF,41
CASSLLAGGTDTQYF,42
CASSLLAGSTDTQYF,42
CASSYLAGSTDTQYF,42
CASSKLAGGTDTQYF,42
CASSNGTGGVYEQYF,43
CASSQGTGGVYEQYF,43
CASSQGTGGLYEQYF,43
CASSPGTGGLIEQYF,43
CASSPGTGGLYEQYF,43
CASSLIAGSSYNEQFF,44
CASSLISGSSYNEQFF,44
CASSETSGGAYNEQFF,45
CASSRTSGGAYNEQFF,45
CASSSRGPPYNEQFF,46
CASSYRGPPYNEQFF,46
CASSAYKSSYNEQFF,47
CASSLYKSSYNEQFF,47
CASSQDKGLNTEAFF,48
CASSQDSGLNTEAFF,48
CASSSSGGFYEQYF,49
CASSSSGGGYEQYF,49
CASSLGLAGGQETQYF,50
CASSLGLGGGQETQYF,50
CASSLDYYSNQPQHF,51
CASSRDYYSNQPQHF,51
CASSSEGGNQPQHF,52
CASSSTGGNQPQHF,52
CASSLAGTSGYEQYF,53
CASSLTGTSGYEQYF,53
CASSVAGTSGYEQYF,53
CASSLGEGGTDTQYF,54
CASSLGSGGTDTQYF,54
CASSLTSGGTDTQYF,54
CASSQERGPYNEQFF,55
CASSQIRGPYNEQFF,55
CASSLAYSSGNTIYF,56
CASSQAYSSGNTIYF,56
CASSQTGGGTYEQYF,57
CASSQTGGKTYEQYF,57
CASSQDLAGGGETQYF,58
CASSQDLAGGQETQYF,58
CASSLRGGSAYEQYF,59
CASSLRGGVAYEQYF,59
CASSVDGREDYGYTF,60
CASSVDYREDYGYTF,60
CASSFSGTGGSEQFF,61
CASSVSGTGGSEQFF,61
CASSLQGSGYNEQFF,62
CASSLRGSGYNEQFF,62
CASSLPGLAYNEQFF,63
CASSTPGLAYNEQFF,63
CASSLSADMNTEAFF,64
CASSLSAGMNTEAFF,64
CASSQTSGSGDTQYF,65
CASSWTSGSGDTQYF,65
CASSLGDGSSYEQYF,66
CASSLGQGSSYEQYF,66
CASSLAGTGTYEQYF,67
CASSQAGTGTYEQYF,67
CASSLFSGPPYEQYF,68
CASSLISGPPYEQYF,68
CASSLGGLAGVGTGELFF,69
CASSLLGLAGVGTGELFF,69
CASSQFGLAADTQYF,70
CASSQGGLAADTQYF,70
CASSVDSGAGTEAFF,71
CASSVGSGAGTEAFF,71
CASSQETGSGANVLTF,72
CASSQGTGSGANVLTF,72
CASSLGTGGSYEQYF,73
CASSLGTGISYEQYF,73
CASSLGTGGIYEQYF,73
CASSLEGGSNQPQHF,74
CASSLLGGSNQPQHF,74
CASSQGQGGAYEQYF,75
CASSQGRGGAYEQYF,75
CASSYSSGGDNEQFF,76
CASSYTSGGDNEQFF,76
CASSYSSGGFNEQFF,76
CASSSGPGSTDTQYF,77
CASSSSPGSTDTQYF,77
CASSPAQGFYNEQFF,78
CASSPVQGFYNEQFF,78
CASSLGGGLGETQYF,79
CASSLGGVLGETQYF,79
CASRGAGVGSYNEQFF,80
CASRGQGVGSYNEQFF,80
CASSLVARGQETQYF,81
CASSLVFRGQETQYF,81
CASSLVAGSSNEQFF,82
CASSLVAGSYNEQFF,82
CASSLSSGRTDTQYF,83
CASSLSSGVTDTQYF,83
CASSLAWAGTDTQYF,84
CASSLAWGGTDTQYF,84
CASSPRDRERGEQYF,85
CASSPRDRERGEQYV,85
CASSLDGGAYNEQFF,86
CASSLDGGNYNEQFF,86
CASSARTSGTYEQYF,87
CASSLRTSGTYEQYF,87
CASSLRTSGIYEQYF,87
CASSLQDSGANVLTF,88
CASSRQDSGANVLTF,88
CASSPSGGAGETQYF,89
CASSPSGGAMETQYF,89
CASSFLAGGFNEQFF,90
CASSFLAGGYNEQFF,90
CASSLTSGGATDTQYF,91
CASSQTSGGATDTQYF,91
CASSLRDRGTDTQYF,92
CASSLRDRSTDTQYF,92
CASSPRDRGTDTQYF,92
CASSPGGGYNSPLHF,93
CASSPGVGYNSPLHF,93
CASSQVSGGAYEQYF,94
CASSQVTGGAYEQYF,94
CASSDSGANQPQHF,95
CASSTSGANQPQHF,95
CASSWGGGSHYGHTF,96
CASSWGGGSHYGYTF,96
CASSPGTGHYNEQFF,97
CASSPGTGYYNEQFF,97
CASSFRDSSSYEQYF,98
CASSFRGSSSYEQYF,98
CASSQGLAGVHEQFF,99
CASSTGLAGVHEQFF,99
CASSPDSYSNQPQHF,100
CASSVDSYSNQPQHF,100
CASSLVRAGSTDTQYF,101
CASSRVRAGSTDTQYF,101
CASSLADGGFSYEQYF,102
CASSLAQGGFSYEQYF,102
CASSQGAGAGQPQHF,103
CASSQGAGANQPQHF,103
CATSRGLAGGDTQYF,104
CATSRGLAGTDTQYF,104
CASSLGQGAFTEAFF,105
CASSLGQGAYTEAFF,105
CASTRLAGAGTDTQYF,106
CASTRLAGASTDTQYF,106
CASSLFGASTDTQYF,107
CASSTFGASTDTQYF,107
CASSPGQASTDTQYF,108
CASSPGTASTDTQYF,108
CASSPGTGRTDTQYF,109
CASSPLTGRTDTQYF,109
CASSQETGYNQPQHF,110
CASSQSTGYNQPQHF,110
CASSQETGGNQPQHF,110
CASSVGGTGDYEQYF,111
CASSVGGTGVYEQYF,111
CASSDTSGGADTQYF,112
CASSETSGGADTQYF,112
CASSPGDPSTDTQYF,113
CASSRGDPSTDTQYF,113
CASSPEGLAAYNEQFF,114
CASSPTGLAAYNEQFF,114
CASSFGQGANTEAFF,115
CASSPGQGANTEAFF,115
CASSLGRDSNQPQHF,116
CASSLWRDSNQPQHF,116
CASSAGTSGQETQYF,117
CASSASTSGQETQYF,117
CASSPKGGSYNEQFF,118
CASSPLGGSYNEQFF,118
CASSTPSGPYNEQFF,119
CASSTTSGPYNEQFF,119
CASSAGLAGDYEQYF,120
CASSPGLAGDYEQYF,120
CASSLVGNTEAFF,121
CASSLVRNTEAFF,121
CASSWPGGTEAFF,121
CASSYPGGTEAFF,121
CASSVGGGTEAFF,121
CASSYGGGTEAFF,121
CASSLGGNTEAFF,121
CASSLGQNTEAFF,121
CASSFGGGTEAFF,121
CASSFQGGTEAFF,121
CASSLQGGTEAFF,121
CASSLGDNTEAFF,121
CASSLRDNTEAFF,121
CASSYGGNTEAFF,121
CASSYSGNTEAFF,121
CASSLVEGTEAFF,121
CASSLVENTEAFF,121
CASSQGGGTEAFF,121
CASSQVGGTEAFF,121
CASSLEGNTEAFF,121
CASSPGGNTEAFF,121
CASSLWDNTEAFF,121
CASSLSRNTEAFF,121
CASSLGWNTEAFF,121
CASSVGGYTEAFF,121
CASSYGGYTEAFF,121
CASSQGQNTEAFF,121
CASSQTGGTEAFF,121
CASSLGIFTEAFF,121
CASSLGINTEAFF,121
CASSLGGGTEAFF,121
CASSPSGNTEAFF,121
CASSPSGVTEAFF,121
CASSYVGNTEAFF,121
CASSYVRNTEAFF,121
CASSLGRATEAFF,121
CASSLGVATEAFF,121
CASSTGGRTEAFF,121
CASSVGGRTEAFF,121
CASSLAGDTEAFF,121
CASSLAGNTEAFF,121
CASSQVGNTEAFF,121
CASSLGGDTEAFF,121
CASSFSGGTEAFF,121
CASSFGQNTEAFF,121
CASSFGQYTEAFF,121
CASSLSRATEAFF,121
CASSEAGNTEAFF,121
CASSPPGNTEAFF,121
CASSPPGRTEAFF,121
CASSRGRATEAFF,121
CASSVGGGTEQFF,121
CASSLQGSTEAFF,121
CASSPGGATEAFF,121
CASSLPGDTEAFF,121
CASSLEENTEAFF,121
CASSYSTNTEAFF,121
CASSDAGNTEAFF,121
CASSFSRNTEAFF,121
CASSFGMNTEAFF,121
CASSQGMNTEAFF,121
CASSLPGDSEAFF,121
CASSPTGGTEAFF,121
CASSLSMNTEAFF,121
CASSTSMNTEAFF,121
CASSLAANTEAFF,121
CASSPRGGTEAFF,121
CASSEGWNTEAFF,121
CASSVQGSTEAFF,121
CASSLAHTGELFF,122
CASSLSHTGELFF,122
CASSLAGTGELFF,122
CASSPGGLNEKLFF,123
CASSPGQLNEKLFF,123
CASSFGSYGYTF,124
CASSLGSYGYTF,124
CASSFGAYGYTF,124
CASSQGAYGYTF,124
CASSMGSYGYTF,124
CASSQGSYGYTF,124
CASSLGVYGYTF,124
CASSTGVYGYTF,124
CASSAGAYGYTF,124
CASSIGAYGYTF,124
CASSMGAYGYTF,124
CASSTGSYGYTF,124
CASSVGSYGYTF,124
CASSLASYGYTF,124
CASSIGVHGYTF,124
CASSIGVYGYTF,124
CASSLGNYGYTF,124
CASSIGIYGYTF,124
CASSIGLYGYTF,124
CASSIGAYRYTF,124
CASSAGSYGYTF,124
CASSIGSYGYTF,124
CASSTGTYGYTF,124
CASSQGNYGYTF,124
CASSWGAYGYTF,124
CASSMGVYGYTF,124
CASSQGFYGYTF,124
CASSTGAYGYTF,124
CASSIGYYGYTF,124
CASSTGAWGYTF,124
CASSQGSWGYTF,124
CATSQGAYGYTF,124
CASSLGGAYEQYF,125
CASSSGGAYEQYF,125
CASSLGTAYEQYF,125
CASSSGTAYEQYF,125
CASSLGLDYEQYF,125
CASSTGLDYEQYF,125
CASSLGLGYEQYF,125
CASSLGLTYEQYF,125
CASSLGLAFEQYF,125
CASSLGLAYEQYF,125
CASSLGQGYEQYF,125
CASSLGQYYEQYF,125
CASSPGQGNEQYF,125
CASSSGQGNEQYF,125
CASSLGGLYEQYF,125
CASSLGGQYEQYF,125
CASSLGRAYEQYF,125
CASSLNLGYEQYF,125
CASSPGQGSEQYF,125
CASSLGQGYEQFF,125
CASLLGQGYEQYF,125
CASSSGQGYEQYF,125
CASSPGQGNEQFF,125
CASSLGQGSEQYF,125
CASSLAGAYEQYF,125
CASSSGTSYEQYF,125
CASSLGILYEQYF,125
CASSLRSSYEQYF,126
CASSMRSSYEQYF,126
CASSSRSAYEQYF,126
CASSSRSGYEQYF,126
CASSTRSAYEQYF,126
CASSTRSGYEQYF,126
CASSHRSSYEQYF,126
CASSVRSSYEQYF,126
CASSGRSGGEQYF,126
CASSGRSGYEQYF,126
CASSFDSSYEQYF,126
CASSFRSSYEQYF,126
CASSIRSGYEQYF,126
CASSITSGYEQYF,126
CASSSDSSYEQYF,126
CASSIRSSYEQYF,126
CASSTRSSYEQYF,126
CASSEGPSYEQYF,126
CASSLGPSYEQYF,126
CASSFRSGYEQYF,126
CASSIRSNYEQYF,126
CASSIRSTYEQYF,126
CASSARSSYEQYF,126
CASSSDSAYEQYF,126
CASSSRQGYEQYF,126
CASSSRSSYEQYF,126
CASSMRASYEQYF,126
CASSIGAAYEQYF,126
CASSIRAAYEQYF,126
CASSFASSYEQYF,126
CASSVRSAYEQYF,126
CASSLTESYEQYF,126
CASSLTLSYEQYF,126
CASSIRSAYEQYF,126
CASSRRAAYEQYF,126
CASSTRAAYEQYF,126
CASSIRASYEQYF,126
CASSSRWGYEQYF,126
CASSQRSSYEQYF,126
CASSIRSSYEQFF,126
CASSIRSGNEQYF,126
CASSMRASVEQYF,126
CASSSRSGVEQYF,126
CASSSRSGSEQYF,126
CASSIRSSNEQFF,126
CASSLGSSYEQYF,126
CASSLGNSYEQYF,126
CASSEGSSYEQYF,126
CASSMRASVEQFF,126
CASSFLSSYEQYF,126
CASSIRSGYEQFF,126
CASSIRGAYEQYF,126
CASSFTSSYEQYF,126
CASSLTSSYEQYF,126
CASSMRSAYEQYF,126
CASSTRSGWEQYF,126
CASSKDSAYEQYF,126
CASSARSSTEQYF,126
CASSARSVYEQYF,126
CASSPSSYEQYF,127
CASSTSSYEQYF,127
CASSPIPYEQYF,127
CASSPSPYEQYF,127
CASSLAGDEQYF,127
CASSLLGDEQYF,127
CASSLGGNEQFF,127
CASSLGGNEQYF,127
CASSRSPYEQYF,127
CASSLSGYEQYF,127
CASSLVGYEQYF,127
CASSFPGNEQFF,127
CASSFSGNEQFF,127
CASSLFGNEQFF,127
CASGTSSYEQYF,127
CASSPDPYEQYF,127
CASSLGGYEQYF,127
CASSLTGDEQYF,127
CASSLTGYEQYF,127
CASSLGYYEQYF,127
CASSPGYYEQYF,127
CASSLTGSEQYF,127
CASSLVGGEQYF,127
CASSQGGNEQFF,127
CASSRSSYEQYF,127
CASSLGDYEQYF,127
CASSHAGDEQYF,127
CASSLGLYEQYF,127
CASSLGSYEQYF,127
CASSLLLDEQYF,127
CASSLAPYEQYF,127
CASSLTPYEQYF,127
CASSQGYNEQFF,127
CASSEGGNEQYF,127
CASSLEGYEQYF,127
CASSPGGDEQFF,127
CASSVGGDEQFF,127
CASSFGGNEQFF,127
CASSFGNNEQFF,127
CASSFGYNEQFF,127
CASSPTGYEQYF,127
CASSPEGDEQFF,127
CASSPEGDEQYF,127
CASSPGIDEQYF,127
CASSPGSDEQYF,127
CASSLGQNEQFF,127
CASSFPGQEQFF,127
CASSLGFYEQYF,127
CASSLLGDEQFF,127
CASSLVTYEQYF,127
CASSLLGNEQFF,127
CASSLQGNEQFF,127
CASSPGNNEQFF,127
CASSPGTNEQFF,127
CASSLEGSEQYF,127
CASSLQDNEQFF,127
CASSLGGGEQYF,127
CASSPGSYEQYF,127
CASSLNQNEQFF,127
CASSLGGDEQFF,127
CASSLGIDEQFF,127
CASSYIPYEQYF,127
CASSLARDEQYF,127
CASSQGYHEQFF,127
CASSLTGNEQYF,127
CASSPPGDEQYF,127
CASSLVGDEQFF,127
CASSLDGNEQYF,127
CASSLGANEQFF,127
CASSQEGNEQFF,127
CASSQEGREQFF,127
CASSKDPYEQYF,127
CASSWGSYEQYF,127
CASSVEGNEQFF,127
CASSVERNEQFF,127
CASSFSPYEQYF,127
CASSPDMYEQYF,127
CASSLGLSEQYF,127
CASSLGHGEQYF,127
CASSLAGQEQYF,127
CASSFSIYEQYF,127
CASSPSNNEQFF,127
CASSLGDVEQYF,127
CASSFAYNEQFF,127
CASSLQGSEQFF,127
CASSLADNEQFF,127
CASSFGGYEQYF,127
CASSLGQREQFF,127
CASSINSNQPQHF,128
CASSLNSNQPQHF,128
CASSLLSNQPQHF,128
CASSLAGNQPQHF,128
CASSLVGNQPQHF,128
CASSDRSNQPQHF,128
CASSIRSNQPQHF,128
CASSLASNQPQHF,128
CASSLFSNQPQHF,128
CASSFGSNQPQHF,128
CASSYGSNQPQHF,128
CASSSNSNQPQHF,128
CASSLSSNQPQHF,128
CASSLSWNQPQHF,128
CASSQGTNQPQHF,128
CASSVGTNQPQHF,128
CASSYHSNQPQHF,128
CASSVAGNQPQHF,128
CASSIHSNQPQHF,128
CASSSGTNQPQHF,128
CASSYYSNQPQHF,128
CASSVGPNQPQHF,128
CASSIYSNQPQHF,128
CASSLYGNQPQHF,128
CASSVADNQPQHF,128
CASSWADNQPQHF,128
CASSVASNQPQHF,128
CASSLDRNQPQHF,128
CASSLVRNQPQHF,128
CASSVGFNQPQHF,128
CASSYGFNQPQHF,128
CASSIHKNQPQHF,128
CASSLVGYQPQHF,128
CASSQYGNQPQHF,128
CASSLGSGYGYTF,129
CASSLGTGYGYTF,129
CASSPGTDYGYTF,129
CASSPGTGYGYTF,129
CASSVGTGYGYTF,129
CASSLGTGFGYTF,129
CASSQGTDYGYTF,129
CASSLGVGYGYTF,129
CASSGGTNYGYTF,129
CASSSGTNYGYTF,129
CASSSGTDYGYTF,129
CASSSGANYGYTF,129
CASSGPTNYGYTF,129
CASSPGDSYNEQFF,130
CASSPGGSYNEQFF,130
CASSLGGPYNEQFF,130
CASSPGGPYNEQFF,130
CASSPGTSLNEQFF,130
CASSPGTSYNEQFF,130
CASSEGTGYNEQFF,130
CASSVGTGYNEQFF,130
CASSPGTGYNEQFF,130
CASSLGQGYNEQFF,130
CASSPGQGYNEQFF,130
CASSVGTGNNEQFF,130
CASSLGGHYNEQFF,130
CASSPGTGRNEQFF,130
CASSPGQAYNEQFF,130
CASSLGQGRNEQFF,130
CASSPGRGRNEQFF,130
CASSFGGSYNEQFF,130
CASSQRSTDTQYF,131
CASSTRSTDTQYF,131
CASSIRSSETQYF,131
CASSIRSTETQYF,131
CASSGRSGETQYF,131
CASSGRSQETQYF,131
CASSIRSGDTQYF,131
CASSIRSTDTQYF,131
CASSIRSGETQYF,131
CASSIRSQETQYF,131
CASSHRSTDTQYF,131
CASSPRSTDTQYF,131
CASSPTSTDTQYF,131
CASSDRSTDTQYF,131
CASSFRSSETQYF,131
CASSGRSTDTQYF,131
CASSIRSADTQYF,131
CASSIRSAYTQYF,131
CASSSRSGETQYF,131
CASSIRSLDTQYF,131
CASSIRAGETQYF,131
CASSSRSTDTQYF,131
CASSIRSQDTQYF,131
CASSIRASETQYF,131
CATSQRSTDTQYF,131
CASSTRSQETQYF,131
CASSIVSTDTQYF,131
CASRGGSTDTQYF,131
CASSGGSTDTQYF,131
CASSVRSADTQYF,131
CASRGGGTDTQYF,131
CASSVRAGETQYF,131
CASSLDSSNQPQHF,132
CASSLGSSNQPQHF,132
CASSLAGSNQPQHF,132
CASSLDGSNQPQHF,132
CASSLGSINQPQHF,132
CATSDLDSNQPQHF,133
CATSDWDSNQPQHF,133
CATSDTDSNQPQHF,133
CASSPESGNTIYF,134
CASSPSSGNTIYF,134
CASSPGSGNTIYF,134
CASSPPSGNTIYF,134
CASSYASGNTIYF,134
CASSYSSGNTIYF,134
CASSPGLGNTIYF,134
CASSLDQGAYEQYF,135
CASSLVQGAYEQYF,135
CASSPGEGLYEQYF,135
CASSPGQGLYEQYF,135
CASSVGSSSYEQYF,135
CASSVGTSSYEQYF,135
CASSFGTGGYEQYF,135
CASSLGTGGYEQYF,135
CASSLEQGIYEQYF,135
CASSLGQGIYEQYF,135
CASSLGQGAYEQYF,135
CASSVGTSGYEQYF,135
CASSFGTSGYEQYF,135
CASSAGQGAYEQYF,135
CASSVGDSSYEQYF,135
CASSLGQGGGEQYF,135
CASSLGQGGYEQYF,135
CASSFGTGGREQYF,135
CASSVGTGGYEQYF,135
CASNAGQGSYEQYF,135
CASSAGQGSYEQYF,135
CASSFGTSSYEQYF,135
CASSPGQGPYEQYF,135
CASSFGTSIYEQYF,135
CASSPGGGGYEQYF,135
CASSPGGGPYEQYF,135
CASSLGQGPYEQYF,135
CASSLSTGGYEQYF,135
CASSLGRGIYEQYF,135
CASSPGTSGIEQYF,135
CASSPGTSGYEQYF,135
CASSVGTSTYEQYF,135
CASSFGQGAYEQYF,135
CASSPTGGPYEQYF,135
CASSFGTGDYEQYF,135
CASSLGQGAYEQFF,135
CASSYGTGGREQYF,135
CASSGGQGLYEQYF,135
CASSLDSGAYEQYF,135
CASSLGGPNTEAFF,136
CASSLGGRNTEAFF,136
CASSQGQGATEAFF,136
CASSQGWGATEAFF,136
CASSLGGGNTEAFF,136
CASSVGGGNTEAFF,136
CASSLGAGGTEAFF,136
CASSLGTGGTEAFF,136
CASSLGTGFTEAFF,136
CASSGGTGGTEAFF,136
CASSLGDRNTEAFF,136
CASSQGDRNTEAFF,136
CASSQGTGGTEAFF,136
CASSQGTGYTEAFF,136
CASSQGQGNTEAFF,136
CASSQGTGNTEAFF,136
CASSLAGPNTEAFF,136
CASSFGTLNTEAFF,136
CASSFGTMNTEAFF,136
CASSLGDRDTEAFF,136
CASSHGTGYTEAFF,136
CASSLGTGNTEAFF,136
CASSQGRGGTEAFF,136
CASSFGGLNTEAFF,136
CASSFGGRNTEAFF,136
CASSWGGRNTEAFF,136
CASSLAGRNTEAFF,136
CASSFGGRRTEAFF,136
CASSWGGPNTEAFF,136
CASSLAGRETEAFF,136
CASSQGTGELFF,137
CASSSGTGELFF,137
CASSVGTGELFF,137
CASSLLTGELFF,137
CASSLNTGELFF,137
CASSLNPGELFF,137
CASSLIGGELFF,137
CASSLSGGELFF,137
CASSSNTGELFF,137
CASSLATGELFF,137
CASSLSTGELFF,137
CASSPEGAYEQYF,138
CASSPEGGYEQYF,138
CASSLAGGYEQYF,138
CASSLRGGYEQYF,138
CASSLATGYEQYF,138
CASSLETGYEQYF,138
CASSPGTPYEQYF,138
CASSPGTVYEQYF,138
CASSESGSYEQYF,138
CASSLSGSYEQYF,138
CASSPRQGYEQYF,138
CASSPQGAYEQYF,138
CASSPGGGYEQYF,138
CASSPSGGYEQYF,138
CASSPGTGYEQYF,138
CASSATGGYEQYF,138
CASSATGNYEQYF,138
CASSLQGGYEQYF,138
CASSLDGSYEQYF,138
CASSLEGSYEQYF,138
CASSQQGGYEQYF,138
CASSPRGGYEQYF,138
CASSLEGPYEQYF,138
CASSLTGPYEQYF,138
CASSLAGSYEQYF,138
CASSRQGGYEQYF,138
CASSSTGGYEQYF,138
CASSSTGSYEQYF,138
CASSFQGGYEQYF,138
CASSFAGSYEQYF,138
CASSLTGGYEQYF,138
CATSLSGSYEQYF,138
CASSESISYEQYF,138
CASSFQGSYEQYF,138
CASSQVGGYEQYF,138
CASSLAASYEQYF,138
CASSLEGDYEQYF,138
CASSLWTGYEQYF,138
CASSPQGRYEQYF,138
CASSDGGGYEQYF,138
CASSFEGAYEQYF,138
CASSEEGPYEQYF,138
CASSPGWPYEQYF,138
CASSTSGNTGELFF,139
CASSYSGNTGELFF,139
CASSFSGATGELFF,139
CASSFSGNTGELFF,139
CASSYSGGTGELFF,139
CASSFGIAKNIQYF,140
CASSLGIAKNIQYF,140
CASSLDSYNEQFF,141
CASSWDSYNEQFF,141
CASSRDSYNEQFF,141
CASSQGDYNEQFF,141
CASSWGDYNEQFF,141
CASSLGSYNEQFF,141
CASSQGPYNEQFF,141
CASSQGSYNEQFF,141
CASSLDPYNEQFF,141
CASSLHPYNEQFF,141
CASSRTSYNEQFF,141
CASSLDAYNEQFF,141
CASSLAGGNEQFF,142
CASSLQGGNEQFF,142
CASSLGGGNEQFF,142
CASSLPGYNEQFF,142
CASSLTGYNEQFF,142
CASSLPVYNEQFF,142
CASSLTVYNEQFF,142
CASSLDGNNEQFF,142
CASSLGGNNEQFF,142
CASSLQGYNEQFF,142
CASSLGGTNEQFF,142
CASRLPGYNEQFF,142
CASSLTDYNEQFF,142
CASSVTDYNEQFF,142
CASSPTGYNEQFF,142
CASSRGGGNEQFF,142
CASSLAGGPEQFF,142
CASSGRYSNQPQHF,143
CASSPRYSNQPQHF,143
CASSLFNEQFF,144
CASSLPNEQFF,144
CASSLGNEQFF,144
CASSWGNEQFF,144
CASSLGAEQYF,144
CASSLGDEQYF,144
CASSFGNEQFF,144
CASSPGNEQFF,144
CASSLGHEQYF,144
CASSLYNEQFF,144
CASSLGNEQYF,144
CASSGLNEQFF,144
CASSYLNEQFF,144
CASSLLNEQFF,144
CASRLLNEQFF,144
CASSLLDEQFF,144
CASSYYNEQFF,144
CASSSPNEQFF,144
CASSLGNIQYF,144
CASSHNNEQFF,144
CASSPNNEQFF,144
CASSPGHEQFF,144
CASSQGNEQYF,144
CASSLFHEQYF,144
CASSLTGGSYEQYF,145
CASSLTGLSYEQYF,145
CASSLTSGSYEQYF,145
CASSLTGESYEQYF,145
CASSLGFTDTQYF,146
CASSLGQTDTQYF,146
CASSLGGTDTQYF,146
CASSVGGTDTQYF,146
CASSVGNTDTQYF,146
CASSLLGTDTQYF,146
CASSLGGLDTQYF,146
CASSYSGGNEQFF,147
CASSYSGNNEQFF,147
CASSYSGPNEQFF,147
CASSYSGVNEQFF,147
CASSYSRPNEQFF,147
CASSYSRVNEQFF,147
CASSSPGDAGELFF,148
CASSSPGGAGELFF,148
CASSLADTQYF,149
CASSSADTQYF,149
CASSLSDTQYF,149
CASSSSDTQYF,149
CASQSADTQYF,149
CASSSTDTQYF,149
CASSFTDTQYF,149
CASSLKDTQYF,149
CASSIGAAGELFF,150
CASSIRAAGELFF,150
CASSGRSTGELFF,151
CASSTRSTGELFF,151
CASSIRSTGELFF,151
CASSKRSTGELFF,151
CASSIFSTGELFF,151
CASSISSTGELFF,151
CASSVRSTGELFF,151
CASSSRSTGELFF,151
CASSMRSTGELFF,151
CASSQRSTGELFF,151
CASSILSTGELFF,151
CASSARSTGELFF,151
CASSVRSAGELFF,151
CASSTRATGELFF,151
CASSFGQGAEKLFF,152
CASSFGQGGEKLFF,152
CASSSRGTEAFF,153
CASSSRNTEAFF,153
CASKRGSTEAFF,153
CASSRGSTEAFF,153
CASSSQNTEAFF,153
CASSQGSTEAFF,153
CASSQGVTEAFF,153
CASSPGNTEAFF,153
CASSPGVTEAFF,153
CASSSINTEAFF,153
CASRPGNTEAFF,153
CASSLGGAEAFF,153
CASSLGGLEAFF,153
CASSPGTTEAFF,153
CASSLQNTEAFF,153
CASSLSNTEAFF,153
CASSPGGTEAFF,153
CASGRGSTEAFF,153
CASSLMNTEAFF,153
CASSVGHTEAFF,153
CASSVGNTEAFF,153
CASGRGFTEAFF,153
CASSLGSAEAFF,153
CASSPGTFEAFF,153
CATSVGNTEAFF,153
CASSQGSREAFF,153
CASSLGQTEAFF,153
CASSLGSTEAFF,153
CASSLGPTEAFF,153
CASSVKNTEAFF,153
CASSLQSTEAFF,153
CASRPDNTEAFF,153
CASSLPGLEAFF,153
CASSISNTEAFF,153
CASSFGGTEAFF,153
CASSDSYEQYF,154
CASSYSYEQYF,154
CASGYSYEQYF,154
CASSLAYEQYF,154
CASSLSYEQYF,154
CASSYGGEQYF,154
CASSYGVEQYF,154
CASSGGGEQYF,154
CASSEGVEQYF,154
CASSYSGEQYF,154
CASSASYEQYF,154
CASSEGGEQYF,154
CASSIAYEQYF,154
CALSASYEQYF,154
CAWSGGGEQYF,154
CASGNSYEQYF,154
CASRAGGGTEAFF,155
CASRRGGGTEAFF,155
CASKRGGGTEAFF,155
CASSLDFYGYTF,156
CASSLPFYGYTF,156
CASSLATSSYEQYF,157
CASSLTTSSYEQYF,157
CASSLGGSNSPLHF,158
CASSLGTSNSPLHF,158
CASSLRDSNSPLHF,158
CASSLRGSNSPLHF,158
CASSLTVNTEAFF,159
CASSRTVNTEAFF,159
CASSLTPNTEAFF,159
CASSLTYNTEAFF,159
CASSLNPNTEAFF,159
CASSTTVNTEAFF,159
CASSRTLNTEAFF,159
CASSTGTEAFF,160
CASSYGTEAFF,160
CASSEGTEAFF,160
CASSENTEAFF,160
CASSPGTEAFF,160
CASSQGTEAFF,160
CASSPGQEAFF,160
CASSLGTEAFF,160
CASSPHTEAFF,160
CASSSGREAFF,160
CASSSGVEAFF,160
CASSEGAEAFF,160
CASSSGAEAFF,160
CASSQKTEAFF,160
CASIQGTEAFF,160
CASKGYGYTF,161
CATKGYGYTF,161
CASSLGGGQETQYF,162
CASSLVGGQETQYF,162
CASSVGGGQETQYF,162
CASSLVGDQETQYF,162
CASSVGGEQETQYF,162
CASSVLGGQETQYF,162
CASSLAAETQYF,163
CASSLATETQYF,163
CASSLAGETQYF,163
CASSLEGETQYF,163
CASSLQGETQYF,163
CASSLITETQYF,163
CASSHGQVNQPQHF,164
CASSYGQVNQPQHF,164
CASSLSGNSYEQYF,165
CASSVSGNSYEQYF,165
CASSLGGYSYEQYF,165
CASSVGGYSYEQYF,165
CASSLGGFSYEQYF,165
CASSLGGHSYEQYF,165
CASSVGGNSYEQYF,165
CASSYQNTGELFF,166
CASSYTNTGELFF,166
CASSDTNTGELFF,166
CASSDMNTGELFF,166
CASSQEAGATEAFF,167
CASSQEAGGTEAFF,167
CASSQERGATEAFF,167
CASSIGQGETQYF,168
CASSYGQGETQYF,168
CASSIGMGETQYF,168
CASSSGGSTDTQYF,169
CASSSTGSTDTQYF,169
CASSETGSTDTQYF,169
CASSSSGSTDTQYF,169
CASSTGTAYGYTF,170
CASSTGTLYGYTF,170
CASSLSSETQYF,171
CASSYSSETQYF,171
CASSYSGETQYF,171
CASSHRSGTEAFF,172
CASSTRSGTEAFF,172
CASSIRSGTEAFF,172
CASSIRSNTEAFF,172
CASSDRSNTEAFF,172
CASSPGGAAEQYF,173
CASSPGQAAEQYF,173
CASSPGQAYEQYF,173
CASSPGVAYEQYF,173
CASSPSVAYEQYF,173
CASSPGQLYEQYF,173
CASSMDGYEQYF,174
CASSRDGYEQYF,174
CASSSDSYEQYF,174
CASSSPSYEQYF,174
CASSIDSYEQYF,174
CASSIDGYEQYF,174
CASSTGTGSYEQYF,175
CASSTGTGTYEQYF,175
CASSQGTGSYEQYF,175
CASSSGTGSYEQYF,175
CASSQGAGSYEQYF,175
CASSQGAGTYEQYF,175
CASSQGRESYEQYF,175
CASSQGRGSYEQYF,175
CASSTGTGAYEQYF,175
CASSLGTGNYEQYF,175
CASSWGTGNYEQYF,175
CASSQERGSYEQYF,175
CASSGGTGSYEQYF,175
CASSSPTGSYEQYF,175
CASSPGAGSYEQYF,175
CASSYGTGSYEQYF,175
CASSLGDGNYEQYF,175
CASSSGTGNYEQYF,175
CASSPGWGSYEQYF,175
CASSQGGGTYEQYF,175
CASSQGTGVYEQYF,175
CASSQERGDYEQYF,175
CASSSGVGSYEQYF,175
CASSYGEGSYEQYF,175
CASSLGTSNYEQYF,175
CASSLWDRSYEQYF,176
CASSLWDYSYEQYF,176
CASSRGESYNEQFF,177
CASSRGVSYNEQFF,177
CASSRGISYNEQFF,177
CASSLDPNSPLHF,178
CASSLDSNSPLHF,178
CASSLDSFSPLHF,178
CASSLASTDTQYF,179
CASSLDSTDTQYF,179
CASSADSTDTQYF,179
CASSMDSTDTQYF,179
CASSLANTDTQYF,179
CASSLDDTDTQYF,179
CATGTANTEAFF,180
CATGTVNTEAFF,180
CASSPGQGGYGYTF,181
CASSPRQGGYGYTF,181
CASSPGQGSYGYTF,181
CASSPGTGGYGYTF,181
CSVRDNSYEQYF,182
CSVRDRSYEQYF,182
CASRPGTGDYEQYF,183
CASRPGTGVYEQYF,183
CATSRGTTGELFF,184
CATSTGTTGELFF,184
CASSLLGSPLHF,185
CASSPLGSPLHF,185
CASSVLGSPLHF,185
CASSSGETQYF,186
CASSSPETQYF,186
CASSRGETQYF,186
CASSFGETQYF,186
CASSLERATDTQYF,187
CASSLHRATDTQYF,187
CASSLERGTDTQYF,187
CASSLEQGTDTQYF,187
CASSYGMGQPQHF,188
CASSYGVGQPQHF,188
CASSLGTGQPQHF,188
CASSYGTGQPQHF,188
CASSLGDQPQHF,189
CASSLGLQPQHF,189
CASGLGNQPQHF,189
CASSLGNQPQHF,189
CASGDGNQPQHF,189
CASSLLNQPQHF,189
CASSPSGANVLTF,190
CASSSSGANVLTF,190
CASSFSGANVLTF,190
CASASSGANVLTF,190
CATSSSGANVLTF,190
CASSPRPEGTEAFF,191
CASSPRPENTEAFF,191
CASSLGTDTQYF,192
CASSSGTDTQYF,192
CASSLNTDTQYF,192
CASSLPTDTQYF,192
CASSLGEDTQYF,192
CASSIGTDTQYF,192
CASSLSGDTQYF,192
CASSLSTDTQYF,192
CASSSNTDTQYF,192
CASSSPTDTQYF,192
CASSYGTDTQYF,192
CASSFGTDTQYF,192
CASSVGEDTQYF,192
CASSVGSDTQYF,192
CASSLYTDTQYF,192
CASSPNGDTQYF,192
CASSPTGDTQYF,192
CASSPSGDTQYF,192
CASSLEADTQYF,192
CASSLSADTQYF,192
CASSEYTDTQYF,192
CASSFGRDEQYF,193
CASSWGRDEQYF,193
CASSWGGDEQYF,193
CASSLGQAVYEQYF,194
CASSLGQAYYEQYF,194
CASSLGLAVYEQYF,194
CASSSTGIGYTF,195
CASSSTGVGYTF,195
CASRGQGYEQYF,196
CASRGQSYEQYF,196
CASSGQGYEQYF,196
CSARDLGNYGYTF,197
CSARDPGNYGYTF,197
CASSEFGGANVLTF,198
CASSEFSGANVLTF,198
CASSYFSGANVLTF,198
CASSHGLAGVEQYF,199
CASSPGLAGVEQYF,199
CASSPGLAGGEQFF,199
CASSPGLAGGEQYF,199
CASSPGGTNYGYTF,200
CASSPGLTNYGYTF,200
CASSPFGSDEQFF,201
CASSPPGSDEQFF,201
CASSFRPGGHEQYF,202
CASSFRTGGHEQYF,202
CASSPGTDGETQYF,203
CASSPGTDQETQYF,203
CASSMGTATNEKLFF,204
CASSTGTATNEKLFF,204
CASSLTANYGYTF,205
CASSLTLNYGYTF,205
CASSLGQDSYEQYF,206
CASSPGQDSYEQYF,206
CASSSGQDSYEQYF,206
CASSPGQHSYEQYF,206
CASSSGQSSYEQYF,206
CASSLGGIGYTF,207
CASSLGGNGYTF,207
CASSFGGIGYTF,207
CASSAGGNGYTF,207
CASSLGAGDTQYF,208
CASSQGAGDTQYF,208
CASRDSNQPQHF,209
CASRQSNQPQHF,209
CASSLGGTAYEQYF,210
CASSLTGTAYEQYF,210
CASSLTGRAYEQYF,210
CASSSGGTYGYTF,211
CASSSGGVYGYTF,211
CASSQGGSPLHF,212
CASSQGSSPLHF,212
CASSIGLLTDTQYF,213
CASSTGLLTDTQYF,213
CASSPGGTGELFF,214
CASSPSGTGELFF,214
CASSVGGTGELFF,214
CASSVGGSGELFF,214
CASSVGDTGELFF,214
CASSPGATGELFF,214
CASRQQETQYF,215
CASSQQETQYF,215
CASSKQETQYF,215
CASSNQETQYF,215
CASSEQGNYGYTF,216
CASSLQGNYGYTF,216
CASSPPDETQYF,217
CASSPPGETQYF,217
CASSPGGETQYF,217
CASSFGGETQYF,217
CASSGGGETQYF,217
CASSPPGVTQYF,217
CASSLDGRGTEAFF,218
CASSLDLRGTEAFF,218
CASSPPGGNEQFF,219
CASSPPVGNEQFF,219
CSARGTENTEAFF,220
CSARSTENTEAFF,220
CASSLGEKLFF,221
CASSSGEKLFF,221
CASSFGEKLFF,221
CASSFTEKLFF,221
CASSPGEKLFF,221
CASRGGLNTEAFF,222
CASRYGLNTEAFF,222
CASSLSGWAYEQYF,223
CASSLSGWTYEQYF,223
CASSLRTGTDTQYF,224
CASSLTTGTDTQYF,224
CASSLTPGTDTQYF,224
CASSWTTGTDTQYF,224
CASIALTGELFF,225
CASLALTGELFF,225
CASSPTNQPQHF,226
CASSSTNQPQHF,226
CASSLGAGELFF,227
CASSLVAGELFF,227
CASSLGSGELFF,227
CASSLGQGVYGYTF,228
CASSSGQGVYGYTF,228
CASSAGQGVYGYTF,228
CASSAGTGVYGYTF,228
CASSLAGGTDTQYF,229
CASSLIGGTDTQYF,229
CASSLAGGVDTQYF,229
CASSLRRSNEKLFF,230
CASSLRRWNEKLFF,230
CASSLAGGYTEAFF,231
CASSLSGGYTEAFF,231
CASSLSGGVTEAFF,231
CASSLAGDSYEQYF,232
CASSLAGVSYEQYF,232
CASSLAGVGYEQYF,232
CASSLAGTGYEQYF,232
CASSLVGTGYEQYF,232
CASSFGGGTGELFF,233
CASSLGGGTGELFF,233
CASSFLGGTGELFF,233
CASSLQGGTGELFF,233
CASSFGGAETQYF,234
CASSFGGVETQYF,234
CASSFSGVETQYF,234
CASSLGGAETQYF,234
CASSFGGGETQYF,234
CASSLGQAETQYF,234
CASSIGLGEQYF,235
CASSTGLGEQYF,235
CASLERATNEKLFF,236
CASSERATNEKLFF,236
CASSPGQGNSPLHF,237
CASSPGRGNSPLHF,237
CASSEAGGRETQYF,238
CASSEKGGRETQYF,238
CASSLGGANQPQHF,239
CASSLGGLNQPQHF,239
CASSPTGQDTGELFF,240
CASSPTGSDTGELFF,240
CASSQELASYEQYF,241
CASSQGLASYEQYF,241
CASSYGTGNGYTF,242
CASSYWTGNGYTF,242
CASSLRRRDTQYF,243
CASSLRRTDTQYF,243
CASSIADSNTEAFF,244
CASSLADSNTEAFF,244
CASSAWDSQETQYF,245
CASSLWDSQETQYF,245
CASSDSSGELFF,246
CASSISSGELFF,246
CASSYSGGGYEQYF,247
CASSYVGGGYEQYF,247
CASSFSGEQFF,248
CASSFSHEQFF,248
CASSFGNTIYF,249
CASSRGNTIYF,249
CASSRRNTIYF,249
CASRGQGNQPQHF,250
CATRGQGNQPQHF,250
CASSQDPGDEQFF,251
CASSQDRGDEQFF,251
CSARQGAEAFF,252
CSARWGAEAFF,252
CASSRGQLNTEAFF,253
CASSYGQLNTEAFF,253
CASSPGQLNTEAFF,253
CASSIGQLNTEAFF,253
CASSQGSATEAFF,254
CASSQGSHTEAFF,254
CASSPGGQPQHF,255
CASSPRGQPQHF,255
CASSPSGQPQHF,255
CASSSGGQPQHF,255
CASRARGNEKLFF,256
CASRGRGNEKLFF,256
CASSAGSGEAFF,257
CASSIGSGEAFF,257
CASSGPTGELFF,258
CASSGYTGELFF,258
CASSYYTGELFF,258
CASSAQGTYGYTF,259
CASSIQGTYGYTF,259
CASSDGTGGNEQFF,260
CASSFGTGGNEQFF,260
CASSVTGEGNEQFF,261
CASSVTGVGNEQFF,261
CASSPGLQETQYF,262
CASSPGPQETQYF,262
CASSPGGQETQYF,262
CASSYGGQETQYF,262
CASGPGGQETQYF,262
CASSYGGRETQYF,262
CASSLGTGDEKLFF,263
CASSLSTGDEKLFF,263
CASSSRYEQFF,264
CASSSSYEQFF,264
CASSQGQINQPQHF,265
CASSSGQINQPQHF,265
CASSLAAGDGGYTF,266
CASSLAAGMGGYTF,266
CSARGREGQPQHF,267
CSARGSEGQPQHF,267
CASSQASGSYEQYF,268
CASSVASGSYEQYF,268
CASSTAGGSYEQYF,268
CASSVAGGSYEQYF,268
CASSLAGQVNEQYF,269
CASSLAGQVYEQYF,269
CASSPGGGGTEAFF,270
CASSPSGGGTEAFF,270
CASREGGGGTEAFF,270
CASSEGGGGTEAFF,270
CASSDGGGGTEAFF,270
CASRGQEETQYF,271
CASRGQRETQYF,271
CASRGQQETQYF,271
CASSEGGAPYEQYF,272
CASSEGGDPYEQYF,272
CASSLLADYNEQFF,273
CASSLLAPYNEQFF,273
CASSSGSGTEAFF,274
CASSSGYGTEAFF,274
CASSLAAGAYEQYF,275
CASSLARGAYEQYF,275
CASSLEAGAYEQYF,275
CASSLEGGAYEQYF,275
CASSQDAGYEQYF,276
CASSQGAGYEQYF,276
CASSQGASYEQYF,276
CASSQGISYEQYF,276
CASSSLEQYF,277
CASSSTEQYF,277
CASKEGNQPQHF,278
CASKESNQPQHF,278
CASREGNQPQHF,278
CASSEGATQYF,279
CASSEGDTQYF,279
CASSPGDIQYF,279
CASSPGDTQYF,279
CASSLEGSGNTIYF,280
CASSLWGSGNTIYF,280
CASSLQGGNYGYTF,281
CASSPQGGNYGYTF,281
CASSLSGGNYGYTF,281
CASSYSMVTEAFF,282
CASSYSSVTEAFF,282
CASSFGGPTDTQYF,283
CASSLGGPTDTQYF,283
CASSLGGVTDTQYF,283
CASSGGGPTDTQYF,283
CASSGTGVYEQYF,284
CASSGTGYYEQYF,284
CASSADYNEQFF,285
CASSPDYNEQFF,285
CASSLDYNEQFF,285
CASSLSYNEQFF,285
CASSLDEGEQYF,286
CASSLDPGEQYF,286
CASSQGGPYEQYF,287
CASSVGGPYEQYF,287
CASSPKGVNTEAFF,288
CASSPVGVNTEAFF,288
CASSLAGQQFF,289
CASSLAGQTF,289
CASSFNEQFF,290
CASSYNEQFF,290
CASSLSGAGELFF,291
CASSLSLAGELFF,291
CASSLYGAGELFF,291
CASSLLLAGELFF,291
CASSQSTYEQYF,292
CASSSSTYEQYF,292
CASSSRTYEQYF,292
CASSSSFYEQYF,292
CASSTDYEQYF,293
CASSTHYEQYF,293
CASSLWGGADTQYF,294
CASSLWGGPDTQYF,294
CASSLGVDQPQHF,295
CASSLGVDWPQHF,295
CASSLQGAEKLFF,296
CASSLQGLEKLFF,296
CASSAPDSYEQYF,297
CASSPPDSYEQYF,297
CASSPRDSYEQYF,297
CASSYRDSYEQYF,297
CASSPDRGQTEAFF,298
CASSVDRGQTEAFF,298
CASSGAGYTF,299
CASSGDGYTF,299
CASSLWADEAFF,300
CASSLWASEAFF,300
CASSWGQMNTEAFF,301
CASSWGVMNTEAFF,301
CASSSGQMNTEAFF,301
CASSLTSGEETQYF,302
CASSLTSGMETQYF,302
CASSLGGGSNEQYF,303
CASSLGGTSNEQYF,303
CASSQETGYGYTF,304
CASSQETYYGYTF,304
CASSPGHMNTEAFF,305
CASSPGPMNTEAFF,305
CASSVGPMNTEAFF,305
CASSPETSTDTQYF,306
CASSQETSTDTQYF,306
CASSPPTSTDTQYF,306
CASSPTSTGELFF,307
CASSPTYTGELFF,307
CASSQDSTYEQYF,308
CASSQGSTYEQYF,308
CASSQDFTYEQYF,308
CASSLRGGETQYF,309
CASSLRPGETQYF,309
CASSQETSAYEQYF,310
CASSQETSTYEQYF,310
CASSRGYEQYF,311
CASTRGYEQYF,311
CASSRPYEQYF,311
CASTRGGEQYF,311
CASSLYRGADTQYF,312
CASSLYVGADTQYF,312
CASSFLSNTEAFF,313
CASSFPSNTEAFF,313
CASSFASNTEAFF,313
CASNLDKNTEAFF,314
CASTLDKNTEAFF,314
CASSLEGSYNEQFF,315
CASSLTGSYNEQFF,315
CASSLVGSYNEQFF,315
CASSLTGGSTEAFF,316
CASSTTGGSTEAFF,316
CASSPGGNQPQHF,317
CASSRGGNQPQHF,317
CASSPGGHQPQHF,317
CASSPGDNQPQHF,317
CASSLRSGGNEQFF,318
CASSLSSGGNEQFF,318
CASSLSQGGNEQFF,318
CASSQGADEQYF,319
CASSQGADTQYF,319
CASSQGGDTQYF,319
CASSEGGDTQYF,319
CASSELGDTQYF,319
CASSVAADTQYF,320
CASSVAPDTQYF,320
CASSLASLSYEQYF,321
CASSLGSLSYEQYF,321
CASSYGTANYGYTF,322
CASSYGTATYGYTF,322
CASSLGTANYGYTF,322
CASSLPTANYGYTF,322
CASSPTSGGYEQYF,323
CASSWTSGGYEQYF,323
CASSFDTGELFF,324
CASSPDTGELFF,324
CASSPVTGELFF,324
CASSVTGDYGYTF,325
CASSVTGPYGYTF,325
CASSQGGRPYEQYF,326
CASSQGLRPYEQYF,326
CASSKFGSTDTQYF,327
CASSKQGSTDTQYF,327
CASSHGGEYEQYF,328
CASSHGGNYEQYF,328
CASSSRGGQETQYF,329
CASSSSGGQETQYF,329
CASSEGRVYGYTF,330
CASSPGRVYGYTF,330
CASSFFDEQFF,331
CASSFPDEQFF,331
CASSLYGVADTQYF,332
CASSLYGVGDTQYF,332
CASRRQGEEKLFF,333
CASRRQGNEKLFF,333
CASSYGGFNQPQHF,334
CASSYWGFNQPQHF,334
CASSQGGGGELFF,335
CASSSGGGGELFF,335
CASSPDRETQYF,336
CASSPHRETQYF,336
CASSLSFGDTEAFF,337
CASSLSFGRTEAFF,337
CASSLNGYNSPLHF,338
CASSLTGYNSPLHF,338
CASSYLQSYEQYF,339
CASSYSQSYEQYF,339
CASSAGVDNNEQFF,340
CASSAGVENNEQFF,340
CASSLSPGGGYTF,341
CASSLSRGGGYTF,341
CASSQTEEYEQYF,342
CASSQTLEYEQYF,342
CASSQRTANTEAFF,343
CASSQRTTNTEAFF,343
CASSPRDGELFF,344
CASSPRPGELFF,344
CASSDTNTEAFF,345
CASSFTNTEAFF,345
CASSGQGPETQYF,346
CASSGQGTETQYF,346
CASSQANYEQYF,347
CASSQNNYEQYF,347
CASSLEWGGETQYF,348
CASSLPWGGETQYF,348
CASSLSGADTQYF,349
CASSLSSADTQYF,349
CASSPSSADTQYF,349
CASEGDTQYF,350
CASMGDTQYF,350
CASSLVGGDDEQYF,351
CASSLVGGWDEQYF,351
CASSVDNEQFF,352
CASSVQNEQFF,352
CASSQDNEQFF,352
CASSPDTDTQYF,353
CASTPDTDTQYF,353
CASSPDLDTQYF,353
CASRETEAFF,354
CASRNTEAFF,354
CASSLTGDGYTF,355
CASSPTGDGYTF,355
CASSLGQGFDEQYF,356
CASSLGQGRDEQYF,356
CASSADRVNTEAFF,357
CASSLDRVNTEAFF,357
CASSQAGGQPQHF,358
CASSRAGGQPQHF,358
CASSRGTGNYGYTF,359
CASSVGTGNYGYTF,359
CASSPYPNTEAFF,360
CASSPYRNTEAFF,360
CASSVGGDTYEQYF,361
CASSVGGPTYEQYF,361
CASSSRDNYGYTF,362
CASSSRFNYGYTF,362
CATGPGGEQYF,363
CATSPGGEQYF,363
CASSLFGELFF,364
CASSLNGELFF,364
CASSGTGELFF,364
CASSLTGELFF,364
CASSAGPTYEQYF,365
CASSHGPTYEQYF,365
CASSDYGYTF,366
CASTDYGYTF,366
CASSPGLSYEQYF,367
CASSVGLSYEQYF,367
CASSFGQDYGYTF,368
CASSFGRDYGYTF,368
CASSQSPGGMQYF,369
CASSQSPGGTQYF,369
CASSLDDSYNEQFF,370
CASSQDDSYNEQFF,370
CASSYGITEAFF,371
CASSYGLTEAFF,371
CASETGGTEAFF,372
CASGTGGTEAFF,372
CASSSGLAAYEQYF,373
CASSSGTAAYEQYF,373
CASSIRGMNTEAFF,374
CASSIRGSNTEAFF,374
CASSLGRAYGYTF,375
CASSLGRSYGYTF,375
CASSLGRGDEQYF,376
CASSLRRGDEQYF,376
CASSSTGGADTQYF,377
CASSTTGGADTQYF,377
CASSFGGNTIYF,378
CASSFTGNTIYF,378
CSARDFSTDTQYF,379
CSARDLSTDTQYF,379
CASSRIAGNEQYF,380
CASSRLAGNEQYF,380
CASTPGLMNTEAFF,381
CASTPGYMNTEAFF,381
CASSYGAMNTEAFF,382
CASSYPAMNTEAFF,382
CASSNGAMNTEAFF,382
CASSEGGGYTF,383
CASSEGNGYTF,383
CASSEGWGYTF,383
CASKTGVNTEAFF,384
CASRTGVNTEAFF,384
CASRTGMNTEAFF,384
CASSRTYNEQFF,385
CASSRYYNEQFF,385
CASSSGITYEQYF,386
CASSSGKTYEQYF,386
CASKTDSYNEQFF,387
CASTTDSYNEQFF,387
CASSLGANVLTF,388
CASSPGANVLTF,388
CASSLGPEEQYF,389
CASSLGPETQYF,389
CASSLGQNYGYTF,390
CASSWGQNYGYTF,390
CASSQGDRVETQYF,391
CASSQMDRVETQYF,391
CASSPPDRAYEQYF,392
CASSPWDRAYEQYF,392
CASSFSGNQPQHF,393
CASSFSLNQPQHF,393
CASSLSWDEQFF,394
CASSYSWDEQFF,394
CASSFPAYEQYF,395
CASSLPAYEQYF,395
CASSSTGGGETQYF,396
CASSSTGGKETQYF,396
CASRGGEQFF,397
CASRGNEQFF,397
CASSGGEQFF,397
CASSLGEQFF,397
CASSLEGGNQPQHF,398
CASSLSGGNQPQHF,398
CASSLGGSGYEQYF,399
CASSLGGSPYEQYF,399
CASSLSGSGYEQYF,399
CASSRDRDNSPLHF,400
CASSRNRDNSPLHF,400
CASSLRGHNEQFF,401
CASSLRTHNEQFF,401
CASSQAKNTEAFF,402
CASSQEKNTEAFF,402
CASSIGATNEKLFF,403
CASSYGATNEKLFF,403
CASSQQGGNEKLFF,404
CASSSQGGNEKLFF,404
CASSLLAETGELFF,405
CASSLLAHTGELFF,405
CASSYRGYNEQFF,406
CASSYRSYNEQFF,406
CASSSGDRAYEQYF,407
CASSSRDRAYEQYF,407
CASSPRTVNTEAFF,408
CASSVRTVNTEAFF,408
CASSPLTVNTEAFF,408
CASSFGRNYEQYF,409
CASSFSRNYEQYF,409
CASSSLGNTEAFF,410
CASSSWGNTEAFF,410
CASSLEGTHEQYF,411
CASSLTGTHEQYF,411
CASSLGSGTYEQYF,412
CASSLSSGTYEQYF,412
CASSLSLGNEQYF,413
CASSLSTGNEQYF,413
CASSLTGDQPQHF,414
CASSWTGDQPQHF,414
CASSSQGLGNTIYF,415
CASSSQGVGNTIYF,415
CASSVAGANVLTF,416
CASSVGGANVLTF,416
CASSGAHEQYF,417
CASSGSHEQYF,417
CASSFRGDNQPQHF,418
CASSLRGDNQPQHF,418
CASSRASSYNEQFF,419
CASSVASSYNEQFF,419
CASSQGVVYEQYF,420
CASSTGVVYEQYF,420
CASSLGPDNEQFF,421
CASSRGPDNEQFF,421
CASRSTVMNTEAFF,422
CASRTTVMNTEAFF,422
CASSQDGGYYGYTF,423
CASSQDGPYYGYTF,423
CASSGTGANYGYTF,424
CASSGTGYNYGYTF,424
CASSPPSYYEQYF,425
CASSPTSYYEQYF,425
CSARDRTGNGYTF,426
CSARDSTGNGYTF,426
CASSLRDRAHEQYF,427
CASSLRDRGHEQYF,427
CASSFAVSTDTQYF,428
CASSPAVSTDTQYF,428
CASSIPYNEQFF,429
CASSYPYNEQFF,429
CASSPDSNYGYTF,430
CASSSDSNYGYTF,430
CASSNTEETQYF,431
CASSTTEETQYF,431
CASSPPGGGEQYF,432
CASSPPGGSEQYF,432
CASSLPGANVLTF,433
CASSLYGANVLTF,433
CASMGAGELFF,434
CASRGAGELFF,434
CASSAGTGDQPQHF,435
CASSSGTGDQPQHF,435
CASSATVIPDTQYF,436
CASSATVITDTQYF,436
CASSLRLNEQFF,437
CASSLRSNEQFF,437
CASSASGTQETQYF,438
CASSGSGTQETQYF,438
CASSFPGELFF,439
CASSRPGELFF,439
CASSEAGYNEQFF,440
CASSEVGYNEQFF,440
CASRGTGDYGYTF,441
CASRPTGDYGYTF,441
CASSDSGSGNEQFF,442
CASSYSGSGNEQFF,442
CASSQENTGELFF,443
CASSQEPTGELFF,443
CASSLTGGDTQYF,444
CASSLTSGDTQYF,444
CASSLEGQETQYF,445
CASSLEGVETQYF,445
CASSSRTAGNTIYF,446
CASSSRTDGNTIYF,446
CASAGGNQPQHF,447
CASTGGNQPQHF,447
CASSPGGVNEQFF,448
CASSPGTVNEQFF,448
CSAINNEQFF,449
CSARNNEQFF,449
CASSQRGFEQYF,450
CASSQRTFEQYF,450
CASSAGSADTQYF,451
CASSFGSADTQYF,451
CASSLREQETQYF,452
CASSLRQQETQYF,452
CASSLWGEYNEQFF,453
CASSLWGLYNEQFF,453
CASRQGANTEAFF,454
CASTQGANTEAFF,454
CASSPPGVYEQYF,455
CASSYPGVYEQYF,455
CASSLNQETQYF,456
CASSLRQETQYF,456
CASSQAGGDTQYF,457
CASSQFGGDTQYF,457
CASSPGGLNEQYF,458
CASSPYGLNEQYF,458
CASSKSSYNEQFF,459
CASSTSSYNEQFF,459
