,size,motif
0,97,CASS..[GN]TEAFF
1,2,CASSDP[AG]TEAFF
2,62,CASS...GELFF
3,73,CASS...DTQYF
4,51,CASS.[GN]TEAFF
5,106,CASS...EQYF
6,2,CSAR[QW]GAEAFF
7,2,CASSPH[LR]DEQYF
8,173,CASS...yEQYF
9,51,CASS..[DE]TQYF
10,30,CASS..[GQ]ETQYF
11,8,CAS[SG].A[YH]EQYF
12,108,CASS...nEQFF
13,3,CASR.SNQPQHF
14,27,CASS.gnQPQHF
15,13,CASS.G[GY]GYTF
16,2,CASSP[RD]GEKLFF
17,3,CASgTeNTEAFF
18,2,CA[ST]KGYGYTF
19,64,CASS.G.YGYTF
20,33,CASs..EQ[FY]F
21,2,CASGP[GY]SEAFF
22,21,CASS..GELFF
23,2,CASS[SG]GDGYTF
24,51,CASS..nEQFF
25,7,CASSLagETQYF
26,2,CASS[DG]RGDTQYF
27,2,CASS[EG]AGAEAFF
28,3,CASS.GANVLTF
29,8,CASSQ.[TN]YEQYF
30,4,CASR[DG]NYGYTF
31,2,CASN[SG]GREQYF
32,2,CASSSTG[VI]GYTF
33,3,CSAltGNTIYF
34,3,CASSrgNTIYF
35,4,CASS[SY]GTDGYTF
36,3,CASS.LGSPLHF
37,3,CATGT.NTEAFF
38,4,CASSwG[RG]DEQYF
39,2,CASSQG[SG]SPLHF
40,3,CASRprGTEAFF
41,7,CASS.gEKLFF
42,2,CASS[SK]QAGELFF
43,6,CASS.[TQ]GDGYTF
44,5,CASSatNEKLFF
45,2,CSAP[FG]LEETQYF
46,2,CASS[LG]VEAFF
47,3,CASSG.GYTF
48,2,CS[AS]TDSYEQYF
49,2,CASSS[LT]EQYF
50,13,CASS..GNTIYF
51,3,CAS.EGTGELFF
52,2,CASS[IT]GLGEQYF
53,3,CASkEgNQPQHF
54,2,CSVA[PR]MNTEAFF
55,3,CSVRD.SYEQYF
56,2,CASSFV[ES]SEQYF
57,2,CASSV[VE]EETQYF
58,7,CSARD[QE]GYEQYF
59,3,CASSL.GEKLFF
60,4,CASRGQrETQYF
61,2,CASGLSE[AQ]FF
62,2,CS[VA]PTVNTEAFF
63,2,CASS[LT]ALEKLFF
64,4,CA[ST]GdYEQYF
65,2,CSV[PE]QGNYGYTF
66,2,CASGR[IN]SYEQYF
67,2,CSA[AW]TGNTEAFF
68,3,CASSrGnEKLFF
69,2,CS[AG]RDYTEAFF
70,2,CAS[RG]YTPDTQYF
71,2,CASS[EK]QGYGYTF
72,2,CAS[IS]SNQPQHF
73,3,CSA.GGAYEQYF
74,2,CASS[WT]GDETQYF
75,2,CSARGG[RD]YGYTF
76,4,CASrG[LG]ETQYF
77,2,CASSH[PS]QDTQYF
78,2,CASR[RW]ENQPQHF
79,2,CSVV[RS]GTEAFF
80,2,CAWSV[QG]GEKLFF
81,3,CASSfSgEQFF
82,2,CAS[KT]GNTGELFF
83,2,CSA[SH]NEQFF
84,2,CAS[RK]KDTQYF
85,3,CASR.TEAFF
86,2,CASS[PR]QGNIQYF
87,2,CASSSGG[LG]AFF
88,2,CASSQR[GT]FEQYF
89,2,CASSY[RK]GYEQYF
90,3,CAStqGLEQYF
91,2,CASR[DE]TYNEQFF
92,2,CSARS[GY]NEQFF
93,2,CASSLAGQQFF
94,2,CASSLAGWKFF
95,2,CASS[PE]TGLEAFF
96,3,CAS.GDTQYF
97,2,CASRKQ[AG]DTQYF
98,2,CSAR[EG]GNQPQHF
99,3,CASSqDRgGYTF
100,2,CAT[SG]PGGEQYF
101,2,CAS[KM]GTDTQYF
102,2,CASSP[DH]RETQYF
103,4,CASGTGGTEAFF
104,2,CAS[IW]GGTGELFF
105,2,CSARSG[DT]GELFF
106,3,CASSdsSGELFF
107,2,CSAR[PD]RDTEAFF
108,3,CSAinTGELFF
109,2,CASSG[LS]QNIQYF
110,2,CASSR[YT]YNEQFF
111,2,CASRT[AE]NYGYTF
112,2,CASSLA[YD]GYTF
113,4,CASSLsWDEQFF
114,3,CASSyaDYEQYF
115,2,CAS[ST]DYGYTF
116,2,CASS[AS]TEAFF
117,2,CAS[SN]LVDTEQYF
118,2,CASG[PG]RNTEAFF
119,2,CAS[IL]ALTGELFF
120,2,CASWG[AG]EAFF
121,2,CASG[LN]NQPQHF
122,2,CASSLWA[DS]EAFF
123,2,CASSYP[WG]NEQYF
124,2,CATSPG[ES]TQYF
125,2,CAS[ST]PTNEAFF
126,2,CAS[RM]GAGELFF
127,2,CASSFTG[AG]EQFF
128,2,CASSYG[IL]TEAFF
129,2,CASSLA[VA]REQFF
130,2,CASSL[GK]TVEAFF
131,2,CASGSG[EG]NEQYF
132,2,CSARD[AP]YEQYF
133,2,CASG[IA]SNQPQHF
134,2,CASGG[GT]SYEQYF
135,2,CSA[IR]NNEQFF
136,2,CASS[PS]WGAGELFF
137,2,CASSS[ET]GEKLFF
138,2,CSARL[VG]DTQYF
139,2,CAS[RT]QGNSPLHF
140,2,CASS[IA]GSGEAFF
141,2,CASSI[FM]DGELFF
142,2,CASSQGAGA[GN]QPQHF
143,56,CASS..g[SG]sYNEQFF
144,6,CASSLeG.SNQPQHF
145,6,CASSL[AG]GV[SG]TDTQYF
146,7,CASS[LV]eGT[SG]GYEQYF
147,3,CASSLVAGsyNEQFF
148,2,CASSSAGTG[YF]YEQYF
149,2,CASSPSGGA[AR]DTQYF
150,3,CASSQG.GGAYEQYF
151,2,CASSDQTSG[DG]NEQFF
152,3,CASSpdSYSNQPQHF
153,3,CASSlGLAGgYEQFF
154,3,CASSRTSGssYEQYF
155,3,CAStLaGGGTGELFF
156,3,CASSLGTG.NTEAFF
157,4,CASS[PQ]tGGPGNTIYF
158,5,CASSLGQGA.TEAFF
159,2,CASSP[LR]DSSYNEQFF
160,2,CASS[AQ]RDGDNYGYTF
161,2,CASSP[IQ]GAGTDTQYF
162,20,CASS.LAG.TDTQYF
163,2,CASS[LR]DYYSNQPQHF
164,3,CASSpsSSGANVLTF
165,3,CASsPGGGaSYEQYF
166,6,CASSlGtTSTDTQYF
167,17,CASS.GT[SG]gyNEQFF
168,2,CASSLTGG[VQ]VNTEAFF
169,2,CASSYL[VS]GSSYEQYF
170,2,CASS[DT]PGGTTGELFF
171,2,CASSL[VS]GATYNEQFF
172,2,CASSLL[RG]ESPYEQYF
173,21,CASSLg.G.SYEQYF
174,2,CASSLGDRG[RY]DEQYF
175,20,CASS.t[SG]GsYNEQFF
176,11,CASS[QL]GLAGSYEQYF
177,2,CASS[AP]GLAGDYEQYF
178,8,CASSLG.G[VM]NTEAFF
179,5,CASSL[GE]GSGANVLTF
180,3,CASSAPGTG.YEQYF
181,11,CASSL[GA][TS]GgTDTQYF
182,4,CASS[PL]SGGAGETQYF
183,2,CASS[PF]RLAGTGELFF
184,2,CASSLLGG[QR]QETQYF
185,3,CASSfFGQGsYEQYF
186,2,CASS[PL]GAGNSYEQYF
187,9,CASS[PQ]GTGG.YEQYF
188,2,CASSH[RM]GGAKNIQYF
189,6,CASSL.GGGTGELFF
190,2,CASSERGGT[VY]NEQFF
191,7,CASSLGLAG.NEQFF
192,2,CASSTTGTSG[LD]EQFF
193,12,CASS.GTSGsYEQYF
194,8,CASSlg[GP]GSTDTQYF
195,2,CASSPSG[AG]AGYEQYF
196,3,CASSLSSGrtDTQYF
197,2,CASS[SY]SGGSSYEQYF
198,2,CASSLV[QR]GGNQPQHF
199,3,CASSlRTSGtYEQYF
200,2,CASS[PK]SGGDYNEQFF
201,2,CASSP[AT]GSSYNSPLHF
202,4,CASS[WF]LAGGyNEQFF
203,2,CASSSGTA[QT]GNTIYF
204,2,CASSL[VK]GGAPDTQYF
205,2,CASSPWTG[MT]NTEAFF
206,2,CASSMGQG[SG]YNEQFF
207,2,CASS[QW]TSGSGDTQYF
208,2,CASSP[AN]GTDQETQYF
209,2,CASSLPGQG[VF]SGELFF
210,2,CASS[AL]YKSSYNEQFF
211,2,CSASGLAG[LD]QETQYF
212,2,CASSPG[QG]SSGNTIYF
213,14,CASSpgLAG.NEQFF
214,3,CASSQgRySGNTIYF
215,4,CASSPGTASTDTQYF
216,2,CASSQD[PQ]GRNYGYTF
217,2,CASSLG[AP]DSNSPLHF
218,3,CASSQDsGlNTEAFF
219,2,CASSLG[QG]FSNQPQHF
220,2,CASS[AY]PDRGDTGELFF
221,6,CASS[LA]gTSGQETQYF
222,3,CASSQD.GSTDTQYF
223,4,CASSQ[ES]GQGGTEAFF
224,2,CASS[AL]GQGTNEKLFF
225,2,CASS[LR]QDSGANVLTF
226,3,CASSlgQGANTGELFF
227,8,CASS[PL]sGGGSYEQYF
228,3,CASSlEPGQgYEQYF
229,2,CASS[VY]SGGDTGELFF
230,2,CASSVEG[GK]GTDTQYF
231,3,CASSPlTGrTDTQYF
232,5,CASSQD[GP]GGTDTQYF
233,2,CASSI[GY]DSSNQPQHF
234,2,CASSQD[ES]SSYNEQFF
235,2,CASS[PR]RGGAYNEQFF
236,8,CASSlGG[QT]GaYEQYF
237,2,CASSLGS[SG]APYEQYF
238,2,CASSPI[VA]GGPYEQYF
239,2,CASSQE[DM]GLNTEAFF
240,4,CASSLg[PR]TNTGELFF
241,3,CASSLrGsGYNEQFF
242,2,CASR[IR]TSGGTDTQYF
243,2,CASS[QT]GLAGVHEQFF
244,3,CASSQeTGyNQPQHF
245,2,CASSV[RG]GFSGNTIYF
246,2,CASSL[RT]TGSTDTQYF
247,3,CASSLsGrRQETQYF
248,2,CASSQAGT[PS]NTGELFF
249,2,CASSSGT[SG]ILETQYF
250,3,CASSlRDRgTDTQYF
251,5,CASSLGG[VS]LGETQYF
252,3,CASS.LAGGQETQYF
253,2,CASSQD[RD]GSSYEQYF
254,4,CASSPGTGSNQPQHF
255,2,CASSV[QS]GSGTDTQYF
256,2,CASSPRDRERGEQY[VF]
257,2,CASSQ[VS]WDSPYEQYF
258,6,CASS[RP]LAGG.NEQFF
259,2,CASS[LQ]AGTGTYEQYF
260,2,CASSL[VP]TGPNEKLFF
261,4,CASSLLAGGSYEQYF
262,3,CASSlRDRGLEtQYF
263,2,CASSQG[RG]GQGYEQYF
264,2,CASSVGAG[DT]TYEQYF
265,2,CASSS[QT]RDSTDTQYF
266,4,CASSQEGq[IL]NQPQHF
267,2,CASSLAG[AP]RTDTQYF
268,2,CASSSPSG[RS]GTGELFF
269,2,CASSQV[ST]GGAYEQYF
270,2,CASS[FM]GTGGNQPQHF
271,3,CASSqgGLAADTQYF
272,2,CASSLRGG[VS]AYEQYF
273,3,CASSLGsGGqETQYF
274,2,CASSL[RF]GTGNTGELFF
275,2,CA[IS]SEPGSSYNEQFF
276,2,CASSQDG[GM]ETNEKLFF
277,2,CASSS[ST]GRGNQPQHF
278,2,CASSL[AK]GAMNTEAFF
279,2,CASS[PQ]DRGNTGELFF
280,2,CASSWGGGSHYG[HY]TF
281,2,CASSE[RW]TGGGYEQYF
282,2,CASSPGQG[IG]NYGYTF
283,2,CASS[PG]GPISGNTIYF
284,2,CASS[HT]PGQGQETQYF
285,2,CAST[VS]GGSGANVLTF
286,2,CASS[IM]GLAPTYEQYF
287,2,CASSLTGG[AK]GNEQFF
288,2,CASS[VP]GTGLGQPQHF
289,5,CASS.GTATNEKLFF
290,5,CASSLTSGGaYEQYF
291,3,CASSYsSGGdNEQFF
292,2,CASSSPGQG[GK]NIQYF
293,2,CASSQVP[AL]STDTQYF
294,2,CASSL[IF]SGPPYEQYF
295,2,CASSPTG[QS]DTGELFF
296,2,CASSVGDS[DG]TDTQYF
297,3,CASsPGQGgTGELFF
298,3,CATSDRTSgyNEQFF
299,2,CASSLVGD[SG]TYEQYF
300,2,CASSPPSG[LT]TDTQYF
301,3,CASSPGTG.TGELFF
302,3,CASSLagGAKNIQYF
303,2,CASSL[AF]GYSYNEQFF
304,2,CASSP[PK]GLSNTGELFF
305,2,CASSLLAGA[DT]NEQFF
306,3,CASSQeRGpYNEQFF
307,2,CASSLDGG[AN]YNEQFF
308,3,CASSQDPG.SYEQYF
309,2,CASS[LF]WDRGNTGELFF
310,3,CASS.GTSGADTQYF
311,2,CASSP[GN]RGGQETQYF
312,2,CASSPGTSG[SG]DTQYF
313,3,CASSPG.GYNSPLHF
314,2,CASS[FS]RGRSTDTQYF
315,2,CASSL[WG]RDSNQPQHF
316,2,CASSQGLGG[PE]ETQYF
317,2,CASSP[VA]QGFYNEQFF
318,2,CAS[SG]SGTISTDTQYF
319,2,CASS[VL]ASGGYTGELFF
320,2,CASSSSGTG[DG]YEQYF
321,4,CASSlFGASTDTQYF
322,2,CASS[SY]RGPPYNEQFF
323,2,CASS[LQ]AYSSGNTIYF
324,2,CASSPGGP[GN]TGELFF
325,2,CASSLGG[LD]SSYEQYF
326,3,CASSQeGQgTDTQYF
327,2,CASSL[FM]SGSTDTQYF
328,2,CASSFSS[PE]RTDTQYF
329,2,CASSQ[AT]SGGSYEQYF
330,2,CASSE[AG]PQSSYEQYF
331,2,CASS[SG]TGGLSYEQYF
332,3,CASS.GQGGTDTQYF
333,3,CASSPwGvSNQPQHF
334,4,CASSVGGSSTDTQYF
335,2,CASSSGLA[AE]TDTQYF
336,2,CASS[LT]PGLAYNEQFF
337,2,CASSLG[QT]GGMNTEAFF
338,2,CASSL[VG]AGPPYEQYF
339,2,CASSS[LR]GGGLETQYF
340,2,CASS[EF]GQGNTGELFF
341,2,CASSVD[GY]REDYGYTF
342,2,CASSL[VG]TGYQETQYF
343,2,CASSR[RF]QGGRETQYF
344,2,CASSQD[PW]GEGETQYF
345,2,CASS[DE]TSGGADTQYF
346,2,CASSSRQG[RG]TGELFF
347,2,CASSPRLAG[AG]ETQYF
348,2,CASSP[QN]RGSSYEQYF
349,2,CASSP[PL]GSRTDTQYF
350,2,CASSVDSGS[DG]YEQYF
351,2,CASSRGTGS[PT]GELFF
352,2,CASSETSGG[QT]ETQYF
353,2,CASS[RE]RGDGTDTQYF
354,2,CASS[VF]SGTGGSEQFF
355,2,CASSVGGTG[VD]YEQYF
356,2,CASSLGPG[VL]SYEQYF
357,2,CASSGGLA[PG]PYEQYF
358,2,CASS[AE]LAGSGNTIYF
359,2,CASSEY[VE]GVGYEQYF
360,2,CASSYS[IF]GGNQPQHF
361,2,CASSYSTSG[AS]YEQYF
362,2,CASS[IP]RAGDNTEAFF
363,3,CASSLqGsGTGELFF
364,3,CASSLSAgmNTEAFF
365,2,CASSV[DT]ALSSYEQYF
366,2,CASSQGTSG[LT]NEQFF
367,2,CASSL[VM]GGSDTEAFF
368,2,CASSVAGG[VA]GDTQYF
369,2,CASS[PR]GDPSTDTQYF
370,2,CASSLVGTG[DH]YGYTF
371,2,CASSFR[DG]SSSYEQYF
372,2,CASS[SN]PGQGGTEAFF
373,2,CASSLAGG[AL]TDTQYF
374,2,CASSQD[LS]AGYNEQFF
375,2,CASS[PY]RTGGNTEAFF
376,2,CASSS[EG]TGLDYGYTF
377,2,CATSRGLAG[GT]DTQYF
378,3,CASSasGRGSYEQYF
379,2,CASSSTSGG[GY]DTQYF
380,2,CASSLA[GT]GSSYEQYF
381,2,CASS[AP]RDRGLYEQYF
382,2,CASSLV[AF]RGQETQYF
383,2,CASSA[GT]GGLADTQYF
384,2,CASSYS[EG]TSGDTQYF
385,2,CASS[PF]GQGANTEAFF
386,2,CASSLTG[ET]GNYGYTF
387,2,CASSLRRGG[AT]DTQYF
388,2,CASSQ[PL]GLAGDTQYF
389,2,CASSPRTG[EN]TGELFF
390,2,CASSV[DG]SGAGTEAFF
391,2,CASSQDR[AL]SGYEQYF
392,2,CASSRRLAG[GY]YEQYF
393,2,CASS[IH]YRGLNEKLFF
394,2,CASS[YF]GQNSNQPQHF
395,2,CASSPTG[LG]GNQPQHF
396,2,CASSQTGG[GK]TYEQYF
397,2,CASSLVGQG[IS]YEQYF
398,2,CASS[AH]GQGAGSPLHF
399,2,CASSAGTG[IM]NQPQHF
400,2,CASSL[VN]QGLNTEAFF
401,3,CASSLGQGlnYGYTF
402,2,CASSPG[PT]AGVETQYF
403,2,CASS[LS]GTGGGDGYTF
404,2,CASSATVI[PT]DTQYF
405,17,CASS.gqGTDTQYF
406,66,CASSl.G.tdTQYF
407,94,CASS.g.gnTEAFF
408,10,CASSL[TV]GgNSPLHF
409,10,CASSL[RG]DRG[YH]EQYF
410,21,CASS[LP].g[GA]gETQYF
411,166,CASS.G[GT]..YEQYF
412,10,CASS.G[QT]LNTEAFF
413,59,CASS.GqG.YEQYF
414,20,CASS[PL].GLGQPQHF
415,8,CASS[RS]gGSTDTQYF
416,20,CASSQ.rGSYEQYF
417,51,CASS.g.[SG]YNEQFF
418,25,CASS.G[QT]G.YGYTF
419,5,CASS[VE]FSGANVLTF
420,2,CASSQG[LG]RPYEQYF
421,5,CASSLGG.GNEQFF
422,4,CASSESdGQETQYF
423,12,CASSL.g[SG]NQPQHF
424,2,CASSIG[IS]GNTEAFF
425,22,CASS..GlNTEAFF
426,3,CASSLD.RGTEAFF
427,4,CASSQEDSSYEQYF
428,3,CASStRTGGyGYTF
429,9,CASSlG[TS]aNYGYTF
430,11,CASSL.G[SP]YNEQFF
431,3,CASSQVrgNTEAFF
432,2,CSARDLAG[VG]YEQYF
433,4,CASSLGiAKNIQYF
434,4,CASSSPGGRETQYF
435,14,CASS[PL]GLA.YEQYF
436,15,CASSL[AV]G.[TG]YEQYF
437,4,CASSPRP[PE]NTEAFF
438,2,CASSPP[AG]YYNEQFF
439,3,CASRdpGSYNEQFF
440,29,CASS.[AS]GsSYEQYF
441,2,CASSSQG[VL]GNTIYF
442,5,CASSPGT[SD]qETQYF
443,2,CASSR[DN]RDNSPLHF
444,10,CASSLa.GAYEQYF
445,2,CASSLDGS[RT]YEQYF
446,43,CASS.g[DG]sNQPQHF
447,6,CASSf[VW]TGNTEAFF
448,3,CASSqGQGvNEQYF
449,2,CASSVA[DS]SGYEQYF
450,5,CASSp[VA][VI]STDTQYF
451,4,CASSLVGGwDEQYF
452,2,CASS[LS]DSDSYEQYF
453,2,CASSLGG[RF]RQPQHF
454,12,CASSpR[DQ]gsYEQYF
455,3,CASSrrTSTDTQYF
456,3,CASSprTVNTEAFF
457,2,CASSLS[EG]GRDEQFF
458,2,CASSSGQG[DT]TEAFF
459,2,CASSE[RW]GGSYEQYF
460,2,CASSPRAG[AD]YEQYF
461,4,CASS[YF]SSGSYEQYF
462,2,CSAS[IP]LAGGYEQYF
463,2,CASSLDG[AT]LDEQYF
464,2,CASSLGGA[FS]YGYTF
465,6,CASSPG.[GL]NSPLHF
466,2,CASR[PG]DSRTDTQYF
467,11,CASS[QL][ET]gGsTEAFF
468,2,CASSPG[LG]TNYGYTF
469,4,CASSFGG[PL]QETQYF
470,2,CASSLEGS[AE]YGYTF
471,2,CSARRDRG[IN]YEQYF
472,3,CASSDRDrsYEQYF
473,5,CASSY[GP]aMNTEAFF
474,9,CASSQ[GE][AG]GtYEQYF
475,4,CASSL[RG]gSNSPLHF
476,2,CASSFGT[AP]YNEQFF
477,2,CASSVEGTG[DS]EQYF
478,2,CASSLVGT[AD]YGYTF
479,2,CASSATG[ID]GYEQYF
480,2,CASSPWT[DN]YNEQFF
481,5,CASSLGR.NTEAFF
482,2,CSARV[RT]GLNTEAFF
483,4,CASSaDGMNTEAFF
484,3,CASSPDrsTDTQYF
485,7,CASSs[TG]GGADTQYF
486,2,CASSLA[PS]NQETQYF
487,4,CSARDrGGSYEQYF
488,2,CASSQGG[VG]GSPLHF
489,7,CASS.GQ[VI]NQPQHF
490,2,CASSYGS[PT]GTEAFF
491,2,CASSPGR[AL]NYGYTF
492,10,CASSLgGSGNTIYF
493,5,CASSLSR[GE]NTEAFF
494,2,CSAR[RW]GGGTDTQYF
495,3,CASSlLApYNEQFF
496,2,CASSPGTG[IP]TEAFF
497,2,CASSA[DG]SPSYEQYF
498,2,CASSLAAG[DM]GGYTF
499,2,CASRPGTG[VD]YEQYF
500,3,CASSLaGQVnEQYF
501,3,CASSatGTAYGYTF
502,2,CASS[PG]RYSNQPQHF
503,2,CASSQETS[AT]YEQYF
504,3,CASSLPGQ.YGYTF
505,3,CASSStGGkETQYF
506,3,CASSQdqGTDTQYF
507,5,CASS[LW]TtGTDTQYF
508,2,CASS[IE]GTGGSPLHF
509,3,CASSplGGRYGYTF
510,3,CASSSaGTsYEQYF
511,3,CASSPGLaaDTQYF
512,4,CASSPtGVGYEQYF
513,2,CASSLGLA[PS]NEQFF
514,2,CASSPRDT[YD]NEQFF
515,3,CASSLewGGETQYF
516,2,CASSPGD[LF]QETQYF
517,2,CASSLWG[EL]YNEQFF
518,2,CASSGTG[AY]NYGYTF
519,2,CASSSRT[AD]GNTIYF
520,4,CATSDlDSNQPQHF
521,2,CASS[LQ]DRDYNEQFF
522,2,CASSFQGL[SG]YEQYF
523,2,CASSPGQG[LG]DTQYF
524,2,CASS[YT]GGAGNTIYF
525,2,CASSPTGA[PR]DTQYF
526,2,CASSLVQG[PG]ETQYF
527,2,CASS[PQ]ALGSTEAFF
528,2,CASS[LS]GLTNTEAFF
529,2,CASSLTSG[EM]ETQYF
530,3,CASSLlVGnQPQHF
531,2,CASSSPGQG[VA]EQYF
532,4,CASSFDR[SY]QETQYF
533,2,CASTLTG[AS]SYEQYF
534,2,CASS[PQ]GSGANVLTF
535,5,CASS[FP]RGGDTEAFF
536,5,CASS[ET]SGG[RT]YEQYF
537,2,CASG[AP]GSSYNEQFF
538,2,CASSYSTGG[RS]GYTF
539,2,CASS[AR]STAQETQYF
540,3,CASSLTGlaDTQYF
541,2,CASTPG[LY]MNTEAFF
542,2,CASSFAT[PR]NTEAFF
543,2,CASSQV[RS]GGETQYF
544,3,CASSYssSGNTIYF
545,2,CASSL[PF]SGGTEAFF
546,2,CASSP[VI]RGNQPQHF
547,3,CASSsDRgNTEAFF
548,2,CASS[LG]LGTGRGYTF
549,2,CASSQDG[AE]PYGYTF
550,2,CASSLWRE[AG]ETQYF
551,2,CASSFSDS[QS]ETQYF
552,2,CASS[DF]GTGGNEQFF
553,2,CASS[VW]SGGLETQYF
554,2,CASSLGL[YE]TDTQYF
555,2,CASSIRG[SM]NTEAFF
556,2,CASSL[ES]GFGQPQHF
557,3,CASSpeTSTDTQYF
558,2,CASSQ[LM]GGAYEQYF
559,2,CAS[LT]LAGGNNEQFF
560,5,CASS[LP][QS]GGNYGYTF
561,6,CASSL.G[ST]NYGYTF
562,4,CASSLS[WF]G[RD]TEAFF
563,2,CASSLTGG[VM]REQYF
564,2,CASS[PF]GTDLYEQYF
565,2,CASSQ[RG]TGEETQYF
566,2,CASSYSG[AG]GETQYF
567,2,CASSF[RF]GGTDTQYF
568,3,CASS.GLADNEQFF
569,4,CASSpGTRTYEQYF
570,2,CASSP[PW]DRAYEQYF
571,2,CASS[AS]GTGDQPQHF
572,2,CASSL[VQ]GIGNTIYF
573,2,CASS[VL]DRGTYEQYF
574,2,CASSQDR[RF]TDTQYF
575,2,CASSQVGG[YD]QPQHF
576,2,CASSGR[VR]SGNTIYF
577,4,CASS[SY]SGGGYEQYF
578,2,CASSYLG[QR]GYEQYF
579,7,CASSsSG[AG]YNEQFF
580,3,CASS.DRVNTEAFF
581,2,CSVG[QD]GGSNQPQHF
582,2,CSA[PS]WTGGTYEQYF
583,3,CASSsTGGgYGYTF
584,2,CSARDR[VS]SYNEQFF
585,2,CASSVGQG[VA]DTQYF
586,3,CASSeaGGRETQYF
587,2,CASSP[VR]GLGYGYTF
588,2,CAS[GN]TGGGNQPQHF
589,2,CASSFVG[VL]GTEAFF
590,2,CASSQARG[WD]TEAFF
591,2,CASS[PG]TSGDNEQFF
592,2,CASSY[PL]GSNQPQHF
593,2,CASSFR[PT]GGHEQYF
594,2,CASS[IG]RESTDTQYF
595,3,CASSaSGtQETQYF
596,2,CASR[ST]TVMNTEAFF
597,2,CASS[RY]GVSGNTIYF
598,3,CASSAGveNNEQFF
599,3,CASSRAGtnTEAFF
600,2,CASSP[VK]GVNTEAFF
601,2,CASSPRDR[VN]YEQYF
602,2,CASSL[AG]SLSYEQYF
603,2,CASS[IL]ADSNTEAFF
604,2,CASS[LF]RGDNQPQHF
605,2,CASSEGG[AD]PYEQYF
606,2,CASSLRT[RG]NYGYTF
607,3,CASSLAGGlnEQFF
608,2,CASSH[IL]PGGTEAFF
609,2,CASSQDG[PG]YYGYTF
610,2,C[VA]SSLTAAEWTQYF
611,2,CASSLG[EH]TNYGYTF
612,2,CASSLY[VR]GADTQYF
613,2,CASSLGG[DN]FYEQYF
614,2,CASSI[QW]GENTEAFF
615,3,CASSPtTGnTEAFF
616,2,CASSVTG[VE]GNEQFF
617,2,CASS[VP]DRGQTEAFF
618,3,CASSLAsGpYEQYF
619,2,CASS[VR]ASSYNEQFF
620,3,CASSlwDSQETQYF
621,2,CASSVEG[LS]GTEAFF
622,2,CASSPGQG[YE]TEAFF
623,2,CASSS[RG]DRAYEQYF
624,2,CASSTGT[YT]YNEQFF
625,2,CASSVVSG[DG]TEAFF
626,2,CASS[RW]AGGNSPLHF
627,2,CASSGGTSGDEQ[YF]F
628,2,CASSLVVG[IK]ETQYF
629,2,CASSPRAG[SK]ETQYF
630,3,CASSPGTvnQPQHF
631,2,CASRG[PG]SSYNEQFF
632,2,CASSYIG[QG]NTEAFF
633,2,CASSS[RS]GGQETQYF
634,2,CASS[DT]SGANQPQHF
635,2,CAST[LY]AGGTYEQYF
636,2,CSAR[AP]ERGSYEQYF
637,2,CASS[PQ]GLEMDTQYF
638,2,CASS[RH]PRGSYEQYF
639,2,CASSQ[GM]DRVETQYF
640,3,CASSaSgGTDTQYF
641,2,CASS[PL]MGFSDTQYF
642,2,CASSGQGG[ES]YEQYF
643,2,CASSL[GY]AGGQPQHF
644,2,CASS[YD]SGSGNEQFF
645,2,CASTGTG[WY]TDTQYF
646,2,CASSQDDT[YT]YEQYF
647,2,CASS[IT]GLLTDTQYF
648,2,CASSLDG[EK]GYEQYF
649,2,CASS[AT]WTGGYEQYF
650,2,CASSLYGV[AG]DTQYF
651,2,CASSSR[IG]RTDTQYF
652,2,CASS[LR]TGVNQPQHF
653,2,CASSLG[VY]PANEQFF
654,3,CASSLvPlSYEQYF
655,2,CASSLWD[RY]SYEQYF
656,2,CASS[LQ]VEGLETQYF
657,2,CASSLGR[GT]NQPQHF
658,2,CAS[RS]WTSGQETQYF
659,2,CASSLWGG[AP]DTQYF
660,3,CASSqeLASYEQYF
661,2,CASSQRT[AT]NTEAFF
662,2,CASSYTD[QS]NTEAFF
663,3,CASSlDaSSYEQYF
664,2,CASSLRLA[EG]ETQYF
665,2,CASR[LH]RTGGNEQFF
666,2,CASSLP[ES]RTDTQYF
667,2,CASR[PE]TGEGYEQYF
668,2,CASSLGGL[DG]SPLHF
669,2,CASS[ES]GSGNSPLHF
670,2,CASSLGQ[PC]NQPQHF
671,2,CASSP[PK]GAEETQYF
672,2,CASSQG[KY]GNQPQHF
673,2,CASSSGQG[VT]GEQYF
674,2,CASSSP[LG]WNTEAFF
675,2,CASSSGGD[LR]YEQYF
676,2,CASS[QE]QGGFYGYTF
677,2,CASSPLGP[AN]YEQYF
678,2,CASSLG[AG]GIYGYTF
679,2,CASSVGDRT[VY]EQYF
680,2,CASSYR[AG]LSYEQYF
681,2,CASSF[YF]SGGDTQYF
682,2,CASSVAT[SG]TDTQYF
683,2,CASSL[IR]GGGETQYF
684,2,CASSSYR[RG]PYEQYF
685,2,CASSVEG[AS]PSYNEQFF
686,6,CASSLi[AS]G[SG]SYNEQFF
687,2,CASSL[RY]GAPTSTDTQYF
688,2,CASS[RF]TSGSLYNEQFF
689,2,CASSL[LG]AGGSSYEQYF
690,2,CASS[AD]TSGGVTDTQYF
691,2,CASSL[LG]GLAGVGTGELFF
692,2,CASSQEWLAGG[PL]GTQYF
693,4,CASSlTSGG[AS]TDTQYF
694,2,CASSVV[AG]GGSYNEQFF
695,2,CASSLAGSGS[KT]DTQYF
696,3,CASSQetGSGANVLTF
697,2,CASS[RE]TSGGAYNEQFF
698,4,CASSL[AS]GGPSYNEQFF
699,3,CASSfLAGGpTDTQYF
700,2,CASSLGDFF[ST]QETQYF
701,3,CASSLGLAGegNEQFF
702,3,CASSPGLAGG.QETQYF
703,5,CASSLV[LR]AGSTDTQYF
704,2,CATSRDRLAGS[SN]YEQYF
705,2,CASSVAGGG[RK]YNEQFF
706,2,CASSPT[PY]PSSYNEQFF
707,3,CASSLgGaSSYNEQFF
708,2,CASSQDLAGG[QG]ETQYF
709,2,CASSLA[PG]PSSYNEQFF
710,4,CASSLGGLAGyNEQFF
711,3,CASSQGPaGgTDTQYF
712,2,CASSLA[QD]GGFSYEQYF
713,2,CASSL[VA]LAGGSYEQYF
714,2,CASSLGL[AQ]GMSYNEQFF
715,2,CASTRLAGA[SG]TDTQYF
716,2,CASSF[IL]AGGPYNEQFF
717,3,CASSQeRTSGyNEQFF
718,2,CASSLGTSGS[LS]YEQYF
719,2,CASS[LG]GTSGRTDTQYF
720,3,CASSeGSGgSYNEQFF
721,2,CASSFSGTG[AD]NYGYTF
722,2,CATSDPGTG[EG]EETQYF
723,2,CASSQE[PL]AGGSYEQYF
724,2,CASSHRLAG[YD]TDTQYF
725,2,CASSL[PT]GQGSYNEQFF
726,2,CASS[VS]GTGGSNQPQHF
727,2,CASSP[ET]GLAAYNEQFF
728,2,CASSQ[PR]LAGASGTDTQYF
729,2,CASSLS[PF]AGGTDTQYF
730,2,CASSLSGTG[IP]YNEQFF
731,2,CASSLGL[AG]GGQETQYF
732,2,CASS[LF]PGLAGGQETQYF
733,2,CASSLA[RW]ESSYNEQFF
734,2,CASSQ[ID]PGLAGVGDTQYF
735,2,CASRG[AQ]GVGSYNEQFF
736,2,CASSLS[GK]TGGNQPQHF
737,2,CASS[AQ]GDGGSTDTQYF
738,2,CASSL[PG]GTGVGNEQFF
739,2,CASSLALAG[AT]YNEQFF
740,88,CASS..stDTQYF
741,234,CASS...sYEQYF
742,60,CASS..[GS]NQPQHF
743,89,CASS...yNEQFF
744,2,CASS[ES]YRGQPQHF
745,23,CASS.DrgYEQYF
746,128,CASS.G..YEQYF
747,40,CASS...TGELFF
748,5,CASS[LS]GgGNTIYF
749,175,CASS....TEAFF
750,4,CASRrGGGTEAFF
751,3,CASSLAG.GEQFF
752,2,CASSLRR[WS]NEKLFF
753,91,CASS.G..YGYTF
754,3,CASSlGpDNEQFF
755,2,CS[VA]GTSDTGELFF
756,10,CASSLg[RG]GDEQYF
757,8,CASSL[GR]T[SH]NEQFF
758,18,CASS.[GR][VS]NTEAFF
759,22,CASS.T.NTEAFF
760,3,CASS.DGYNEQFF
761,2,CASSSGG[VT]YGYTF
762,5,CASSGTGGDEQYF
763,2,CSAR[SG]TENTEAFF
764,2,CASS[IQ]DSYYGYTF
765,9,CASS[SD]SGANVLTF
766,2,CASSSAG[ES]DEQYF
767,5,CASSVGGG[ST]EQFF
768,36,CASS..G[NG]TGELFF
769,3,CASsEVLtDTQYF
770,20,CASS[PF]gG.ETQYF
771,5,CASSP[PQ]GG[SG]EQYF
772,2,CASSD[QG]RSYEQYF
773,14,CASS[AV]Gg[PS]YEQYF
774,11,CASSl[QE]GqETQYF
775,41,CASSl..tGELFF
776,2,CASSLQG[GT]QPQHF
777,3,CASS.GAGDTQYF
778,6,CASSQ.GGDTQYF
779,2,CASS[QR]GQHYGYTF
780,4,CASSLTGGhGYTF
781,4,CASSLrG[LW]DEQYF
782,12,CASS.gGEETQYF
783,3,CAsSvGPFYEQYF
784,9,CASSl[GD]sNSPLHF
785,5,CASSQ[AE][EK]NTEAFF
786,10,CASS[PY].SGNTIYF
787,8,CAS[RS].TGDYGYTF
788,2,CASSSD[RW]GTEAFF
789,2,CASS[IY]GATNEKLFF
790,9,CASSySg.NEQFF
791,13,CASSlG.GETQYF
792,3,CASShGGnYEQYF
793,2,CASRGT[GY]TYEQYF
794,2,CASR[VS]SSNQPQHF
795,4,CASSPg[LG]LNEQYF
796,2,CASSEGT[VA]TEAFF
797,3,CASS.GQGSPLHF
798,4,CASSYGtGQPQHF
799,3,CASSLrGGpEAFF
800,2,CSVE[ST]GSNYGYTF
801,19,CASSL.[QT]gYEQYF
802,2,CASS[LY]SMTGEAFF
803,2,CASSPQG[IF]QPQHF
804,2,CASR[RG]TGVNEQFF
805,2,CASSY[RW]GYYEQYF
806,8,CASS[VQ]G[FT]NQPQHF
807,3,CASSvvNTGELFF
808,2,CASSETG[FG]QPQHF
809,5,CASS[FS]G[LQ]NTGELFF
810,3,CASS.TGTYEQYF
811,2,CASSTGT[AL]YGYTF
812,4,CASSPG[GT]VNEQFF
813,2,CASSLT[IG]NEKLFF
814,2,CASSLEAG[RY]GYTF
815,3,CASSpGTdTGELFF
816,2,CA[ST]RGQGNQPQHF
817,2,CASSYSS[VD]QPQHF
818,2,CASSQGL[AS]ETQYF
819,2,CASSPGQG[QH]GYTF
820,7,CSAR.SGSYEQYF
821,2,CASSL[ET]GTHEQYF
822,2,CAS[KT]TDSYNEQFF
823,7,CASSqG.GQPQHF
824,2,CSAR[QR]PNTGELFF
825,2,CSARD[LF]STDTQYF
826,2,CASSE[DN]GNQPQHF
827,2,CASSLS[DE]AYEQYF
828,3,CASSqDrGDEQFF
829,2,CASSL[AE]GDEKLFF
830,4,CASSQELA[DG]TQYF
831,2,CATSDL[QK]GQPQHF
832,2,CASS[IA]QGTYGYTF
833,2,CASSQD[RT]NYGYTF
834,2,CASSDRG[VY]TEAFF
835,2,CASKGR[PG]LYEQYF
836,5,CASS[FL].SNTEAFF
837,3,CASSvGqYNEQFF
838,4,CASSsLDTDTQYF
839,4,CASSQAaNTGELFF
840,2,CSARD[RS]TGNGYTF
841,2,CSARDRG[QW]ETQYF
842,3,CASSLgaGDEQFF
843,4,CASS[PY]PGNYGYTF
844,2,CASSL[VY]AGGGYTF
845,2,CASS[IQ]SQGTGELFF
846,3,CASSpTgSYGYTF
847,2,CASS[YE]FANTEAFF
848,2,CASTG[VQ]GSYEQYF
849,2,CASSP[LN]TNEKLFF
850,2,CASSI[AT]SLETQYF
851,2,CASSFSS[LN]NEQFF
852,2,CASS[FT]PGFTEAFF
853,2,CASSYSA[VS]YGYTF
854,2,CASS[IA]GTGGEQYF
855,3,CASSGqGpETQYF
856,2,CASS[QS]TGLLEAFF
857,2,CASSDPG[AP]YEQYF
858,3,CASSygTGNGYTF
859,3,CASRRQG.EKLFF
860,2,CASSP[LW]GEETQYF
861,2,CASSQ[AD]PGETQYF
862,2,CASSVDG[SG]QPQHF
863,2,CASS[IL]WAYTEAFF
864,2,CAS[GN]GGGTYEQYF
865,4,CASSVGGDTGELFF
866,2,CASSF[PW]SYNEQFF
867,2,CASSYPP[GT]DTQYF
868,2,CATSSG[FQ]SYEQYF
869,2,CASS[AP]EYQETQYF
870,2,CASSLS[PR]GGGYTF
871,3,CASSpgRDYEQYF
872,2,CASSLAG[VW]YGYTF
873,2,CASSLLW[IY]NEQFF
874,3,CASSLgGvDEQFF
875,3,CASSPeGtNEKLFF
876,4,CASSFGvQETQYF
877,2,CASSLGT[AG]EKLFF
878,3,CASSSGglNIQYF
879,2,CASRETG[VS]YEQYF
880,2,CASS[ID]SEYNEQFF
881,3,CASSFgrNYEQYF
882,2,CASS[PR]DEQETQYF
883,2,CASSQV[LG]SGELFF
884,2,CASSLR[QE]QETQYF
885,3,CASSlpGANVLTF
886,2,CASS[PL]DREETQYF
887,2,CASS[PS]DSNYGYTF
888,2,CASRPG[PG]PGELFF
889,2,CASSQVAG[SY]GYTF
890,2,CASSLQG[AL]EKLFF
891,2,CAS[SM]ADNPYEQYF
892,2,CASSLT[SG]GDTQYF
893,2,CAST[RW]TGNTEAFF
894,2,CASSS[AQ]GAGELFF
895,2,CASSYS[SM]VTEAFF
896,2,CASSLR[PG]GETQYF
897,2,CAWSVLGGNEQ[YF]F
898,2,CASS[PY]PGVYEQYF
899,2,CASR[LR]GTTDTQYF
900,2,CASS[SM]TAYNEQFF
901,2,CASSQGQ[VT]NEQFF
902,3,CASSLtGtNEKLFF
903,2,CASSGTG[VY]YEQYF
904,2,CASSV[AG]GANVLTF
905,2,CASSF[VR]GTNEKLFF
906,3,CASSLGqLvEQYF
907,2,CASSSR[DF]NYGYTF
908,2,CATS[RT]GTTGELFF
909,2,CASSPY[PR]NTEAFF
910,2,CASSFVG[DN]NEQFF
911,2,CASSSPG[DG]AGELFF
912,2,CSAG[QG]GSYNEQFF
913,2,CASSQT[EL]EYEQYF
914,2,CASSFQGA[LG]EQYF
915,2,CATQG[RE]GNTEAFF
916,3,CASSQeRDYEQyF
917,2,CASSL[LH]GRETQYF
918,2,CASSPRE[RT]YEQYF
919,2,CASSH[RT]GPQPQHF
920,2,CASR[SH]AGDTGELFF
921,2,CASSSA[VF]TDTQYF
922,2,CASRDRG[KM]NEQYF
923,2,CASS[DS]QDTGELFF
924,2,CASTSSG[SG]YEQYF
925,2,CAS[LS]ERATNEKLFF
926,2,CASSLS[AQ]LNEQFF
927,2,CASGT[SG]GAYEQYF
928,3,CASSQeTgYGYTF
929,2,CSARG[RS]EGQPQHF
930,2,CASTQG[GY]NQPQHF
931,2,CASS[QS]QGGNEKLFF
932,2,CATSRDG[NY]NEQFF
933,2,CASSSHL[DN]TEAFF
934,2,CSARGT[VR]SYEQYF
935,2,CASSR[IL]AGNEQYF
936,2,CASS[QR]AGGQPQHF
937,2,CASS[QS]GGGGELFF
938,2,CASS[IS]AGADTQYF
939,3,CASSpGgLNEKLFF
940,2,CASSL[HN]RGDTQYF
941,3,CASRpGsSYEQYF
942,2,CASSLPP[AR]YEQYF
943,2,CASSI[QG]FGDGYTF
944,2,CAS[NT]LDKNTEAFF
945,2,CASS[DE]GGDNEQFF
946,2,CASG[RD]LSYNEQFF
947,2,CSVGGG[DH]SYEQYF
948,2,CASSL[VY]ETDTQYF
949,3,CSARD.GNYGYTF
950,2,CASSKGY[ES]YEQYF
951,2,CASSA[SG]SGAEQFF
952,2,CASS[PD]DSGNEQFF
953,2,CASSPPS[PG]DTQYF
954,2,CASSL[IY]SATGELFF
955,2,CASSI[RG]AAGELFF
956,2,CAS[GK]GQGGYEQYF
957,2,CASSQG[PT]GTGELFF
958,2,CASSQG[QT]GGEKLFF
959,2,CASSQSPGG[MT]QYF
960,2,CAS[EK]GTSGYEQYF
961,2,CA[WS]SYQPNTEAFF
962,2,CASSS[ST]GGGGYTF
963,2,CASSLLA[EH]TGELFF
964,2,CASS[YE]SRQETQYF
965,2,CASS[GY]GSDTGELFF
966,2,CASSP[VS]GVYEQFF
967,2,CASSYS[FG]QGGELFF
968,2,CASSSG[RT]SGELFF
969,2,CASS[LS]LAGETQYF
970,2,CASSSD[VR]GTGELFF
971,2,CASS[LW]QTNTGELFF
972,2,CASSLG[PS]GNEQYF
973,2,CASR[GY]GLNTEAFF
974,2,CASSY[PR]ENTGELFF
975,2,CASS[WS]VYNSPLHF
976,2,CASR[AG]RGNEKLFF
977,2,CASS[PF]PGPTGELFF
978,2,CASS[PW]TSNTGELFF
979,2,CASR[VL]DSSYEQYF
980,2,CASSL[SG]TGDEKLFF
981,2,CSATGT[AS]SYEQYF
982,2,CASS[WD]VGGGEQYF
983,2,CAS[RN]QGNTGELFF
984,2,CASG[WG]GPAYEQYF
985,2,CASSP[PF]GSDEQFF
986,2,CASS[FS]ISGNTIYF
