index,pattern,Fisher_score,number_subject, number_unique_cdr3,final_score,hla_score,vb_score,expansion_score,length_score,cluster_size_score,type,TcRb,V,J,TcRa,Sample,Freq,HLA-A,HLA-B,HLA-C,HLA-DPA1,HLA-DPB1,HLA-DQA1,HLA-DQB1,HLA-DRB1,HLA-DRB3,HLA-DRB4,HLA-DRB5
1,SIRS,0.0e+00,1,28,6.8e-13,1.0e+00,1.0e-03,1.7e-02,1.0e-03,4.0e-05,motif-IRS motif-SIRS,CASSIRSNTEAFF,TRBV19,TRBJ1-1,NA,Donor1:healthy,1.000000,-,-,-,-,-,-,-,-,-,-,-
1,SIRS,0.0e+00,1,28,6.8e-13,1.0e+00,1.0e-03,1.7e-02,1.0e-03,4.0e-05,motif-IRS motif-SIRS,CASSIRSDDIQYF,TRBV19,TRBJ2-4,NA,Donor1:healthy,1.000000,-,-,-,-,-,-,-,-,-,-,-
1,SIRS,0.0e+00,1,28,6.8e-13,1.0e+00,1.0e-03,1.7e-02,1.0e-03,4.0e-05,motif-IRS motif-SIRS,CASSIRSQDTQYF,TRBV19,TRBJ2-3,NA,Donor1:healthy,2.000000,-,-,-,-,-,-,-,-,-,-,-
1,SIRS,0.0e+00,1,28,6.8e-13,1.0e+00,1.0e-03,1.7e-02,1.0e-03,4.0e-05,motif-IRS motif-SIRS,CASSIRSAWEQFF,TRBV19,TRBJ2-1,NA,Donor1:healthy,6.000000,-,-,-,-,-,-,-,-,-,-,-
1,SIRS,0.0e+00,1,28,6.8e-13,1.0e+00,1.0e-03,1.7e-02,1.0e-03,4.0e-05,motif-IRS motif-SIRS,CASSIRSGETQYF,TRBV19,TRBJ2-5,NA,Donor1:healthy,3.000000,-,-,-,-,-,-,-,-,-,-,-
1,SIRS,0.0e+00,1,28,6.8e-13,1.0e+00,1.0e-03,1.7e-02,1.0e-03,4.0e-05,motif-IRS motif-SIRS,CASSIRSTETQYF,TRBV19,TRBJ2-5,NA,Donor1:healthy,1.000000,-,-,-,-,-,-,-,-,-,-,-
1,SIRS,0.0e+00,1,28,6.8e-13,1.0e+00,1.0e-03,1.7e-02,1.0e-03,4.0e-05,motif-IRS motif-SIRS,CASSIRSGTEAFF,TRBV19,TRBJ1-1,NA,Donor1:healthy,16.000000,-,-,-,-,-,-,-,-,-,-,-
1,SIRS,0.0e+00,1,28,6.8e-13,1.0e+00,1.0e-03,1.7e-02,1.0e-03,4.0e-05,motif-IRS motif-SIRS,CASSIRSAYEQYF,TRBV19,TRBJ2-7,NA,Donor1:healthy,172.000000,-,-,-,-,-,-,-,-,-,-,-
1,SIRS,0.0e+00,1,28,6.8e-13,1.0e+00,1.0e-03,1.7e-02,1.0e-03,4.0e-05,motif-IRS motif-SIRS,CASSIRSNYEQYF,TRBV19,TRBJ2-7,NA,Donor1:healthy,1.000000,-,-,-,-,-,-,-,-,-,-,-
1,SIRS,0.0e+00,1,28,6.8e-13,1.0e+00,1.0e-03,1.7e-02,1.0e-03,4.0e-05,motif-IRS motif-SIRS,CASSIRSGNEQYF,TRBV19,TRBJ2-7,NA,Donor1:healthy,4.000000,-,-,-,-,-,-,-,-,-,-,-
1,SIRS,0.0e+00,1,28,6.8e-13,1.0e+00,1.0e-03,1.7e-02,1.0e-03,4.0e-05,motif-IRS motif-SIRS,CASSIRSGYEQFF,TRBV19,TRBJ2-1,NA,Donor1:healthy,15.000000,-,-,-,-,-,-,-,-,-,-,-
1,SIRS,0.0e+00,1,28,6.8e-13,1.0e+00,1.0e-03,1.7e-02,1.0e-03,4.0e-05,motif-IRS motif-SIRS,CASSIRSAYTQYF,TRBV19,TRBJ2-3,NA,Donor1:healthy,1.000000,-,-,-,-,-,-,-,-,-,-,-
1,SIRS,0.0e+00,1,28,6.8e-13,1.0e+00,1.0e-03,1.7e-02,1.0e-03,4.0e-05,motif-IRS motif-SIRS,CASSIRSNQPQHF,TRBV19,TRBJ1-5,NA,Donor1:healthy,2.000000,-,-,-,-,-,-,-,-,-,-,-
1,SIRS,0.0e+00,1,28,6.8e-13,1.0e+00,1.0e-03,1.7e-02,1.0e-03,4.0e-05,motif-IRS motif-SIRS,CASSIRSLDTQYF,TRBV19,TRBJ2-3,NA,Donor1:healthy,1.000000,-,-,-,-,-,-,-,-,-,-,-
1,SIRS,0.0e+00,1,28,6.8e-13,1.0e+00,1.0e-03,1.7e-02,1.0e-03,4.0e-05,motif-IRS motif-SIRS,CASSIRSVHEQFF,TRBV19,TRBJ2-1,NA,Donor1:healthy,1.000000,-,-,-,-,-,-,-,-,-,-,-
1,SIRS,0.0e+00,1,28,6.8e-13,1.0e+00,1.0e-03,1.7e-02,1.0e-03,4.0e-05,motif-IRS motif-SIRS,CASSIRSGYEQYF,TRBV19,TRBJ2-7,NA,Donor1:healthy,4.000000,-,-,-,-,-,-,-,-,-,-,-
1,SIRS,0.0e+00,1,28,6.8e-13,1.0e+00,1.0e-03,1.7e-02,1.0e-03,4.0e-05,motif-IRS motif-SIRS,CASSIRSTYEQYF,TRBV19,TRBJ2-7,NA,Donor1:healthy,4.000000,-,-,-,-,-,-,-,-,-,-,-
1,SIRS,0.0e+00,1,28,6.8e-13,1.0e+00,1.0e-03,1.7e-02,1.0e-03,4.0e-05,motif-IRS motif-SIRS,CASSIRSADTQYF,TRBV19,TRBJ2-3,NA,Donor1:healthy,1.000000,-,-,-,-,-,-,-,-,-,-,-
1,SIRS,0.0e+00,1,28,6.8e-13,1.0e+00,1.0e-03,1.7e-02,1.0e-03,4.0e-05,motif-IRS motif-SIRS,CASSIRSQETQYF,TRBV19,TRBJ2-5,NA,Donor1:healthy,47.000000,-,-,-,-,-,-,-,-,-,-,-
1,SIRS,0.0e+00,1,28,6.8e-13,1.0e+00,1.0e-03,1.7e-02,1.0e-03,4.0e-05,motif-IRS motif-SIRS,CASSIRSSNEQFF,TRBV19,TRBJ2-1,NA,Donor1:healthy,1.000000,-,-,-,-,-,-,-,-,-,-,-
1,SIRS,0.0e+00,1,28,6.8e-13,1.0e+00,1.0e-03,1.7e-02,1.0e-03,4.0e-05,motif-IRS motif-SIRS,CASSIRSSETQYF,TRBV19,TRBJ2-5,NA,Donor1:healthy,3.000000,-,-,-,-,-,-,-,-,-,-,-
1,SIRS,0.0e+00,1,28,6.8e-13,1.0e+00,1.0e-03,1.7e-02,1.0e-03,4.0e-05,motif-IRS motif-SIRS,CASSIRSTGELFF,TRBV19,TRBJ2-2,NA,Donor1:healthy,11.000000,-,-,-,-,-,-,-,-,-,-,-
1,SIRS,0.0e+00,1,28,6.8e-13,1.0e+00,1.0e-03,1.7e-02,1.0e-03,4.0e-05,motif-IRS motif-SIRS,CASSIRSGDTQYF,TRBV19,TRBJ2-3,NA,Donor1:healthy,2.000000,-,-,-,-,-,-,-,-,-,-,-
1,SIRS,0.0e+00,1,28,6.8e-13,1.0e+00,1.0e-03,1.7e-02,1.0e-03,4.0e-05,motif-IRS motif-SIRS,CASSIRSTDTQYF,TRBV19,TRBJ2-3,NA,Donor1:healthy,8.000000,-,-,-,-,-,-,-,-,-,-,-
1,SIRS,0.0e+00,1,28,6.8e-13,1.0e+00,1.0e-03,1.7e-02,1.0e-03,4.0e-05,motif-IRS motif-SIRS,CASSIRSSYEQFF,TRBV19,TRBJ2-1,NA,Donor1:healthy,4.000000,-,-,-,-,-,-,-,-,-,-,-
1,SIRS,0.0e+00,1,28,6.8e-13,1.0e+00,1.0e-03,1.7e-02,1.0e-03,4.0e-05,motif-IRS motif-SIRS,CASSIRSDEKLFF,TRBV19,TRBJ1-4,NA,Donor1:healthy,6.000000,-,-,-,-,-,-,-,-,-,-,-
1,SIRS,0.0e+00,1,28,6.8e-13,1.0e+00,1.0e-03,1.7e-02,1.0e-03,4.0e-05,motif-IRS motif-SIRS,CASSIRSGESRAFF,TRBV19,TRBJ1-1,NA,Donor1:healthy,25.000000,-,-,-,-,-,-,-,-,-,-,-
1,SIRS,0.0e+00,1,28,6.8e-13,1.0e+00,1.0e-03,1.7e-02,1.0e-03,4.0e-05,motif-IRS motif-SIRS,CASSIRSSYEQYF,TRBV19,TRBJ2-7,NA,Donor1:healthy,795.000000,-,-,-,-,-,-,-,-,-,-,-

2,IRS,1.4e-37,1,28,5.6e-13,1.0e+00,1.0e-03,1.4e-02,1.0e-03,4.0e-05,motif-IRS motif-SIRS,CASSIRSNTEAFF,TRBV19,TRBJ1-1,NA,Donor1:healthy,1.000000,-,-,-,-,-,-,-,-,-,-,-
2,IRS,1.4e-37,1,28,5.6e-13,1.0e+00,1.0e-03,1.4e-02,1.0e-03,4.0e-05,motif-IRS motif-SIRS,CASSIRSDDIQYF,TRBV19,TRBJ2-4,NA,Donor1:healthy,1.000000,-,-,-,-,-,-,-,-,-,-,-
2,IRS,1.4e-37,1,28,5.6e-13,1.0e+00,1.0e-03,1.4e-02,1.0e-03,4.0e-05,motif-IRS motif-SIRS,CASSIRSQDTQYF,TRBV19,TRBJ2-3,NA,Donor1:healthy,2.000000,-,-,-,-,-,-,-,-,-,-,-
2,IRS,1.4e-37,1,28,5.6e-13,1.0e+00,1.0e-03,1.4e-02,1.0e-03,4.0e-05,motif-IRS motif-SIRS,CASSIRSAWEQFF,TRBV19,TRBJ2-1,NA,Donor1:healthy,6.000000,-,-,-,-,-,-,-,-,-,-,-
2,IRS,1.4e-37,1,28,5.6e-13,1.0e+00,1.0e-03,1.4e-02,1.0e-03,4.0e-05,motif-IRS motif-SIRS,CASSIRSGETQYF,TRBV19,TRBJ2-5,NA,Donor1:healthy,3.000000,-,-,-,-,-,-,-,-,-,-,-
2,IRS,1.4e-37,1,28,5.6e-13,1.0e+00,1.0e-03,1.4e-02,1.0e-03,4.0e-05,motif-IRS motif-SIRS,CASSIRSTETQYF,TRBV19,TRBJ2-5,NA,Donor1:healthy,1.000000,-,-,-,-,-,-,-,-,-,-,-
2,IRS,1.4e-37,1,28,5.6e-13,1.0e+00,1.0e-03,1.4e-02,1.0e-03,4.0e-05,motif-IRS motif-SIRS,CASSIRSGTEAFF,TRBV19,TRBJ1-1,NA,Donor1:healthy,16.000000,-,-,-,-,-,-,-,-,-,-,-
2,IRS,1.4e-37,1,28,5.6e-13,1.0e+00,1.0e-03,1.4e-02,1.0e-03,4.0e-05,motif-IRS motif-SIRS,CASSIRSAYEQYF,TRBV19,TRBJ2-7,NA,Donor1:healthy,172.000000,-,-,-,-,-,-,-,-,-,-,-
2,IRS,1.4e-37,1,28,5.6e-13,1.0e+00,1.0e-03,1.4e-02,1.0e-03,4.0e-05,motif-IRS motif-SIRS,CASSIRSNYEQYF,TRBV19,TRBJ2-7,NA,Donor1:healthy,1.000000,-,-,-,-,-,-,-,-,-,-,-
2,IRS,1.4e-37,1,28,5.6e-13,1.0e+00,1.0e-03,1.4e-02,1.0e-03,4.0e-05,motif-IRS motif-SIRS,CASSIRSGNEQYF,TRBV19,TRBJ2-7,NA,Donor1:healthy,4.000000,-,-,-,-,-,-,-,-,-,-,-
2,IRS,1.4e-37,1,28,5.6e-13,1.0e+00,1.0e-03,1.4e-02,1.0e-03,4.0e-05,motif-IRS motif-SIRS,CASSIRSGYEQFF,TRBV19,TRBJ2-1,NA,Donor1:healthy,15.000000,-,-,-,-,-,-,-,-,-,-,-
2,IRS,1.4e-37,1,28,5.6e-13,1.0e+00,1.0e-03,1.4e-02,1.0e-03,4.0e-05,motif-IRS motif-SIRS,CASSIRSAYTQYF,TRBV19,TRBJ2-3,NA,Donor1:healthy,1.000000,-,-,-,-,-,-,-,-,-,-,-
2,IRS,1.4e-37,1,28,5.6e-13,1.0e+00,1.0e-03,1.4e-02,1.0e-03,4.0e-05,motif-IRS motif-SIRS,CASSIRSNQPQHF,TRBV19,TRBJ1-5,NA,Donor1:healthy,2.000000,-,-,-,-,-,-,-,-,-,-,-
2,IRS,1.4e-37,1,28,5.6e-13,1.0e+00,1.0e-03,1.4e-02,1.0e-03,4.0e-05,motif-IRS motif-SIRS,CASSIRSLDTQYF,TRBV19,TRBJ2-3,NA,Donor1:healthy,1.000000,-,-,-,-,-,-,-,-,-,-,-
2,IRS,1.4e-37,1,28,5.6e-13,1.0e+00,1.0e-03,1.4e-02,1.0e-03,4.0e-05,motif-IRS motif-SIRS,CASSIRSVHEQFF,TRBV19,TRBJ2-1,NA,Donor1:healthy,1.000000,-,-,-,-,-,-,-,-,-,-,-
2,IRS,1.4e-37,1,28,5.6e-13,1.0e+00,1.0e-03,1.4e-02,1.0e-03,4.0e-05,motif-IRS motif-SIRS,CASSIRSGYEQYF,TRBV19,TRBJ2-7,NA,Donor1:healthy,4.000000,-,-,-,-,-,-,-,-,-,-,-
2,IRS,1.4e-37,1,28,5.6e-13,1.0e+00,1.0e-03,1.4e-02,1.0e-03,4.0e-05,motif-IRS motif-SIRS,CASSIRSTYEQYF,TRBV19,TRBJ2-7,NA,Donor1:healthy,4.000000,-,-,-,-,-,-,-,-,-,-,-
2,IRS,1.4e-37,1,28,5.6e-13,1.0e+00,1.0e-03,1.4e-02,1.0e-03,4.0e-05,motif-IRS motif-SIRS,CASSIRSADTQYF,TRBV19,TRBJ2-3,NA,Donor1:healthy,1.000000,-,-,-,-,-,-,-,-,-,-,-
2,IRS,1.4e-37,1,28,5.6e-13,1.0e+00,1.0e-03,1.4e-02,1.0e-03,4.0e-05,motif-IRS motif-SIRS,CASSIRSQETQYF,TRBV19,TRBJ2-5,NA,Donor1:healthy,47.000000,-,-,-,-,-,-,-,-,-,-,-
2,IRS,1.4e-37,1,28,5.6e-13,1.0e+00,1.0e-03,1.4e-02,1.0e-03,4.0e-05,motif-IRS motif-SIRS,CASSIRSSNEQFF,TRBV19,TRBJ2-1,NA,Donor1:healthy,1.000000,-,-,-,-,-,-,-,-,-,-,-
2,IRS,1.4e-37,1,28,5.6e-13,1.0e+00,1.0e-03,1.4e-02,1.0e-03,4.0e-05,motif-IRS motif-SIRS,CASSIRSSETQYF,TRBV19,TRBJ2-5,NA,Donor1:healthy,3.000000,-,-,-,-,-,-,-,-,-,-,-
2,IRS,1.4e-37,1,28,5.6e-13,1.0e+00,1.0e-03,1.4e-02,1.0e-03,4.0e-05,motif-IRS motif-SIRS,CASSIRSTGELFF,TRBV19,TRBJ2-2,NA,Donor1:healthy,11.000000,-,-,-,-,-,-,-,-,-,-,-
2,IRS,1.4e-37,1,28,5.6e-13,1.0e+00,1.0e-03,1.4e-02,1.0e-03,4.0e-05,motif-IRS motif-SIRS,CASSIRSGDTQYF,TRBV19,TRBJ2-3,NA,Donor1:healthy,2.000000,-,-,-,-,-,-,-,-,-,-,-
2,IRS,1.4e-37,1,28,5.6e-13,1.0e+00,1.0e-03,1.4e-02,1.0e-03,4.0e-05,motif-IRS motif-SIRS,CASSIRSTDTQYF,TRBV19,TRBJ2-3,NA,Donor1:healthy,8.000000,-,-,-,-,-,-,-,-,-,-,-
2,IRS,1.4e-37,1,28,5.6e-13,1.0e+00,1.0e-03,1.4e-02,1.0e-03,4.0e-05,motif-IRS motif-SIRS,CASSIRSSYEQFF,TRBV19,TRBJ2-1,NA,Donor1:healthy,4.000000,-,-,-,-,-,-,-,-,-,-,-
2,IRS,1.4e-37,1,28,5.6e-13,1.0e+00,1.0e-03,1.4e-02,1.0e-03,4.0e-05,motif-IRS motif-SIRS,CASSIRSDEKLFF,TRBV19,TRBJ1-4,NA,Donor1:healthy,6.000000,-,-,-,-,-,-,-,-,-,-,-
2,IRS,1.4e-37,1,28,5.6e-13,1.0e+00,1.0e-03,1.4e-02,1.0e-03,4.0e-05,motif-IRS motif-SIRS,CASSIRSGESRAFF,TRBV19,TRBJ1-1,NA,Donor1:healthy,25.000000,-,-,-,-,-,-,-,-,-,-,-
2,IRS,1.4e-37,1,28,5.6e-13,1.0e+00,1.0e-03,1.4e-02,1.0e-03,4.0e-05,motif-IRS motif-SIRS,CASSIRSSYEQYF,TRBV19,TRBJ2-7,NA,Donor1:healthy,795.000000,-,-,-,-,-,-,-,-,-,-,-

3,S%RSSYE,5.5e-17,1,11,1.9e-12,1.0e+00,1.0e-03,8.0e-03,1.0e-03,2.4e-04,global-S%RSSYE,CASSHRSSYEQYF,TRBV19,TRBJ2-7,NA,Donor1:healthy,1.000000,-,-,-,-,-,-,-,-,-,-,-
3,S%RSSYE,5.5e-17,1,11,1.9e-12,1.0e+00,1.0e-03,8.0e-03,1.0e-03,2.4e-04,global-S%RSSYE,CASSMRSSYEQYF,TRBV19,TRBJ2-7,NA,Donor1:healthy,2.000000,-,-,-,-,-,-,-,-,-,-,-
3,S%RSSYE,5.5e-17,1,11,1.9e-12,1.0e+00,1.0e-03,8.0e-03,1.0e-03,2.4e-04,global-S%RSSYE,CASSLRSSYEQYF,TRBV19,TRBJ2-7,NA,Donor1:healthy,4.000000,-,-,-,-,-,-,-,-,-,-,-
3,S%RSSYE,5.5e-17,1,11,1.9e-12,1.0e+00,1.0e-03,8.0e-03,1.0e-03,2.4e-04,global-S%RSSYE,CASSFRSSYEQYF,TRBV19,TRBJ2-7,NA,Donor1:healthy,10.000000,-,-,-,-,-,-,-,-,-,-,-
3,S%RSSYE,5.5e-17,1,11,1.9e-12,1.0e+00,1.0e-03,8.0e-03,1.0e-03,2.4e-04,global-S%RSSYE,CASSQRSSYEQYF,TRBV19,TRBJ2-7,NA,Donor1:healthy,3.000000,-,-,-,-,-,-,-,-,-,-,-
3,S%RSSYE,5.5e-17,1,11,1.9e-12,1.0e+00,1.0e-03,8.0e-03,1.0e-03,2.4e-04,global-S%RSSYE,CASSIRSSYEQYF,TRBV19,TRBJ2-7,NA,Donor1:healthy,795.000000,-,-,-,-,-,-,-,-,-,-,-
3,S%RSSYE,5.5e-17,1,11,1.9e-12,1.0e+00,1.0e-03,8.0e-03,1.0e-03,2.4e-04,global-S%RSSYE,CASSIRSSYEQFF,TRBV19,TRBJ2-1,NA,Donor1:healthy,4.000000,-,-,-,-,-,-,-,-,-,-,-
3,S%RSSYE,5.5e-17,1,11,1.9e-12,1.0e+00,1.0e-03,8.0e-03,1.0e-03,2.4e-04,global-S%RSSYE,CASSTRSSYEQYF,TRBV19,TRBJ2-7,NA,Donor1:healthy,21.000000,-,-,-,-,-,-,-,-,-,-,-
3,S%RSSYE,5.5e-17,1,11,1.9e-12,1.0e+00,1.0e-03,8.0e-03,1.0e-03,2.4e-04,global-S%RSSYE,CASSVRSSYEQYF,TRBV19,TRBJ2-7,NA,Donor1:healthy,140.000000,-,-,-,-,-,-,-,-,-,-,-
3,S%RSSYE,5.5e-17,1,11,1.9e-12,1.0e+00,1.0e-03,8.0e-03,1.0e-03,2.4e-04,global-S%RSSYE,CASSARSSYEQYF,TRBV19,TRBJ2-7,NA,Donor1:healthy,1.000000,-,-,-,-,-,-,-,-,-,-,-
3,S%RSSYE,5.5e-17,1,11,1.9e-12,1.0e+00,1.0e-03,8.0e-03,1.0e-03,2.4e-04,global-S%RSSYE,CASSSRSSYEQYF,TRBV19,TRBJ2-7,NA,Donor1:healthy,2.000000,-,-,-,-,-,-,-,-,-,-,-

4,S%RSTGE,1.3e-16,1,9,3.2e-11,1.0e+00,1.0e-03,6.8e-02,1.0e-03,4.8e-04,global-S%RSTGE,CASSIRSTGELFF,TRBV19,TRBJ2-2,NA,Donor1:healthy,11.000000,-,-,-,-,-,-,-,-,-,-,-
4,S%RSTGE,1.3e-16,1,9,3.2e-11,1.0e+00,1.0e-03,6.8e-02,1.0e-03,4.8e-04,global-S%RSTGE,CASSTRSTGELFF,TRBV19,TRBJ2-2,NA,Donor1:healthy,2.000000,-,-,-,-,-,-,-,-,-,-,-
4,S%RSTGE,1.3e-16,1,9,3.2e-11,1.0e+00,1.0e-03,6.8e-02,1.0e-03,4.8e-04,global-S%RSTGE,CASSSRSTGELFF,TRBV19,TRBJ2-2,NA,Donor1:healthy,3.000000,-,-,-,-,-,-,-,-,-,-,-
4,S%RSTGE,1.3e-16,1,9,3.2e-11,1.0e+00,1.0e-03,6.8e-02,1.0e-03,4.8e-04,global-S%RSTGE,CASSARSTGELFF,TRBV19,TRBJ2-2,NA,Donor1:healthy,1.000000,-,-,-,-,-,-,-,-,-,-,-
4,S%RSTGE,1.3e-16,1,9,3.2e-11,1.0e+00,1.0e-03,6.8e-02,1.0e-03,4.8e-04,global-S%RSTGE,CASSVRSTGELFF,TRBV19,TRBJ2-2,NA,Donor1:healthy,20.000000,-,-,-,-,-,-,-,-,-,-,-
4,S%RSTGE,1.3e-16,1,9,3.2e-11,1.0e+00,1.0e-03,6.8e-02,1.0e-03,4.8e-04,global-S%RSTGE,CASSMRSTGELFF,TRBV19,TRBJ2-2,NA,Donor1:healthy,2.000000,-,-,-,-,-,-,-,-,-,-,-
4,S%RSTGE,1.3e-16,1,9,3.2e-11,1.0e+00,1.0e-03,6.8e-02,1.0e-03,4.8e-04,global-S%RSTGE,CASSQRSTGELFF,TRBV19,TRBJ2-2,NA,Donor1:healthy,3.000000,-,-,-,-,-,-,-,-,-,-,-
4,S%RSTGE,1.3e-16,1,9,3.2e-11,1.0e+00,1.0e-03,6.8e-02,1.0e-03,4.8e-04,global-S%RSTGE,CASSKRSTGELFF,TRBV19,TRBJ2-2,NA,Donor1:healthy,1.000000,-,-,-,-,-,-,-,-,-,-,-
4,S%RSTGE,1.3e-16,1,9,3.2e-11,1.0e+00,1.0e-03,6.8e-02,1.0e-03,4.8e-04,global-S%RSTGE,CASSGRSTGELFF,TRBV19,TRBJ2-2,NA,Donor1:healthy,28.000000,-,-,-,-,-,-,-,-,-,-,-

5,SIRS%YE,3.6e-15,1,7,4.3e-12,1.0e+00,1.0e-03,5.0e-03,1.0e-03,8.6e-04,motif-IRS motif-SIRS global-SIRS%YE,CASSIRSSYEQYF,TRBV19,TRBJ2-7,NA,Donor1:healthy,795.000000,-,-,-,-,-,-,-,-,-,-,-
5,SIRS%YE,3.6e-15,1,7,4.3e-12,1.0e+00,1.0e-03,5.0e-03,1.0e-03,8.6e-04,motif-IRS motif-SIRS global-SIRS%YE,CASSIRSNYEQYF,TRBV19,TRBJ2-7,NA,Donor1:healthy,1.000000,-,-,-,-,-,-,-,-,-,-,-
5,SIRS%YE,3.6e-15,1,7,4.3e-12,1.0e+00,1.0e-03,5.0e-03,1.0e-03,8.6e-04,motif-IRS motif-SIRS global-SIRS%YE,CASSIRSAYEQYF,TRBV19,TRBJ2-7,NA,Donor1:healthy,172.000000,-,-,-,-,-,-,-,-,-,-,-
5,SIRS%YE,3.6e-15,1,7,4.3e-12,1.0e+00,1.0e-03,5.0e-03,1.0e-03,8.6e-04,motif-IRS motif-SIRS global-SIRS%YE,CASSIRSGYEQFF,TRBV19,TRBJ2-1,NA,Donor1:healthy,15.000000,-,-,-,-,-,-,-,-,-,-,-
5,SIRS%YE,3.6e-15,1,7,4.3e-12,1.0e+00,1.0e-03,5.0e-03,1.0e-03,8.6e-04,motif-IRS motif-SIRS global-SIRS%YE,CASSIRSGYEQYF,TRBV19,TRBJ2-7,NA,Donor1:healthy,4.000000,-,-,-,-,-,-,-,-,-,-,-
5,SIRS%YE,3.6e-15,1,7,4.3e-12,1.0e+00,1.0e-03,5.0e-03,1.0e-03,8.6e-04,motif-IRS motif-SIRS global-SIRS%YE,CASSIRSTYEQYF,TRBV19,TRBJ2-7,NA,Donor1:healthy,4.000000,-,-,-,-,-,-,-,-,-,-,-
5,SIRS%YE,3.6e-15,1,7,4.3e-12,1.0e+00,1.0e-03,5.0e-03,1.0e-03,8.6e-04,motif-IRS motif-SIRS global-SIRS%YE,CASSIRSSYEQFF,TRBV19,TRBJ2-1,NA,Donor1:healthy,4.000000,-,-,-,-,-,-,-,-,-,-,-

6,S%GSYG,1.4e-11,1,8,3.7e-11,1.0e+00,1.0e-03,4.5e-02,1.0e-03,8.3e-04,global-S%GSYG,CASSMGSYGYTF,TRBV19,TRBJ1-2,NA,Donor1:healthy,6.000000,-,-,-,-,-,-,-,-,-,-,-
6,S%GSYG,1.4e-11,1,8,3.7e-11,1.0e+00,1.0e-03,4.5e-02,1.0e-03,8.3e-04,global-S%GSYG,CASSLGSYGYTF,TRBV19,TRBJ1-2,NA,Donor1:healthy,1.000000,-,-,-,-,-,-,-,-,-,-,-
6,S%GSYG,1.4e-11,1,8,3.7e-11,1.0e+00,1.0e-03,4.5e-02,1.0e-03,8.3e-04,global-S%GSYG,CASSFGSYGYTF,TRBV19,TRBJ1-2,NA,Donor1:healthy,1.000000,-,-,-,-,-,-,-,-,-,-,-
6,S%GSYG,1.4e-11,1,8,3.7e-11,1.0e+00,1.0e-03,4.5e-02,1.0e-03,8.3e-04,global-S%GSYG,CASSQGSYGYTF,TRBV19,TRBJ1-2,NA,Donor1:healthy,3.000000,-,-,-,-,-,-,-,-,-,-,-
6,S%GSYG,1.4e-11,1,8,3.7e-11,1.0e+00,1.0e-03,4.5e-02,1.0e-03,8.3e-04,global-S%GSYG,CASSTGSYGYTF,TRBV19,TRBJ1-2,NA,Donor1:healthy,3.000000,-,-,-,-,-,-,-,-,-,-,-
6,S%GSYG,1.4e-11,1,8,3.7e-11,1.0e+00,1.0e-03,4.5e-02,1.0e-03,8.3e-04,global-S%GSYG,CASSVGSYGYTF,TRBV19,TRBJ1-2,NA,Donor1:healthy,1.000000,-,-,-,-,-,-,-,-,-,-,-
6,S%GSYG,1.4e-11,1,8,3.7e-11,1.0e+00,1.0e-03,4.5e-02,1.0e-03,8.3e-04,global-S%GSYG,CASSAGSYGYTF,TRBV19,TRBJ1-2,NA,Donor1:healthy,2.000000,-,-,-,-,-,-,-,-,-,-,-
6,S%GSYG,1.4e-11,1,8,3.7e-11,1.0e+00,1.0e-03,4.5e-02,1.0e-03,8.3e-04,global-S%GSYG,CASSIGSYGYTF,TRBV19,TRBJ1-2,NA,Donor1:healthy,84.000000,-,-,-,-,-,-,-,-,-,-,-

7,SIRA,4.3e-11,1,9,1.1e-09,1.0e+00,1.0e-03,4.2e-02,5.5e-02,4.8e-04,motif-SIRA,CASSIRASETQYF,TRBV19,TRBJ2-5,NA,Donor1:healthy,1.000000,-,-,-,-,-,-,-,-,-,-,-
7,SIRA,4.3e-11,1,9,1.1e-09,1.0e+00,1.0e-03,4.2e-02,5.5e-02,4.8e-04,motif-SIRA,CASSIRAGYTEAFF,TRBV19,TRBJ1-1,NA,Donor1:healthy,1.000000,-,-,-,-,-,-,-,-,-,-,-
7,SIRA,4.3e-11,1,9,1.1e-09,1.0e+00,1.0e-03,4.2e-02,5.5e-02,4.8e-04,motif-SIRA,CASSIRASYEQYF,TRBV19,TRBJ2-7,NA,Donor1:healthy,84.000000,-,-,-,-,-,-,-,-,-,-,-
7,SIRA,4.3e-11,1,9,1.1e-09,1.0e+00,1.0e-03,4.2e-02,5.5e-02,4.8e-04,motif-SIRA,CASSIRAATEAFF,TRBV19,TRBJ1-1,NA,Donor1:healthy,1.000000,-,-,-,-,-,-,-,-,-,-,-
7,SIRA,4.3e-11,1,9,1.1e-09,1.0e+00,1.0e-03,4.2e-02,5.5e-02,4.8e-04,motif-SIRA,CASSIRAASYNEQFF,TRBV19,TRBJ2-1,NA,Donor1:healthy,1.000000,-,-,-,-,-,-,-,-,-,-,-
7,SIRA,4.3e-11,1,9,1.1e-09,1.0e+00,1.0e-03,4.2e-02,5.5e-02,4.8e-04,motif-SIRA,CASSIRAGETQYF,TRBV19,TRBJ2-5,NA,Donor1:healthy,13.000000,-,-,-,-,-,-,-,-,-,-,-
7,SIRA,4.3e-11,1,9,1.1e-09,1.0e+00,1.0e-03,4.2e-02,5.5e-02,4.8e-04,motif-SIRA,CASSIRAAYEQYF,TRBV19,TRBJ2-7,NA,Donor1:healthy,3.000000,-,-,-,-,-,-,-,-,-,-,-
7,SIRA,4.3e-11,1,9,1.1e-09,1.0e+00,1.0e-03,4.2e-02,5.5e-02,4.8e-04,motif-SIRA,CASSIRAAGELFF,TRBV19,TRBJ2-2,NA,Donor1:healthy,1.000000,-,-,-,-,-,-,-,-,-,-,-
7,SIRA,4.3e-11,1,9,1.1e-09,1.0e+00,1.0e-03,4.2e-02,5.5e-02,4.8e-04,motif-SIRA,CASSIRAGDNTEAFF,TRBV19,TRBJ1-1,NA,Donor1:healthy,1.000000,-,-,-,-,-,-,-,-,-,-,-

8,SMRS,5.7e-11,1,6,2.1e-09,1.0e+00,1.0e-03,8.4e-02,2.1e-02,1.2e-03,motif-MRS motif-SMRS motif-SMR,CASSMRSAYEQYF,TRBV19,TRBJ2-7,NA,Donor1:healthy,2.000000,-,-,-,-,-,-,-,-,-,-,-
8,SMRS,5.7e-11,1,6,2.1e-09,1.0e+00,1.0e-03,8.4e-02,2.1e-02,1.2e-03,motif-MRS motif-SMRS motif-SMR,CASSMRSGSEQFF,TRBV19,TRBJ2-1,NA,Donor1:healthy,8.000000,-,-,-,-,-,-,-,-,-,-,-
8,SMRS,5.7e-11,1,6,2.1e-09,1.0e+00,1.0e-03,8.4e-02,2.1e-02,1.2e-03,motif-MRS motif-SMRS motif-SMR,CASSMRSGANVLTF,TRBV19,TRBJ2-6,NA,Donor1:healthy,2.000000,-,-,-,-,-,-,-,-,-,-,-
8,SMRS,5.7e-11,1,6,2.1e-09,1.0e+00,1.0e-03,8.4e-02,2.1e-02,1.2e-03,motif-MRS motif-SMRS motif-SMR,CASSMRSTGELFF,TRBV19,TRBJ2-2,NA,Donor1:healthy,2.000000,-,-,-,-,-,-,-,-,-,-,-
8,SMRS,5.7e-11,1,6,2.1e-09,1.0e+00,1.0e-03,8.4e-02,2.1e-02,1.2e-03,motif-MRS motif-SMRS motif-SMR,CASSMRSSYEQYF,TRBV19,TRBJ2-7,NA,Donor1:healthy,2.000000,-,-,-,-,-,-,-,-,-,-,-
8,SMRS,5.7e-11,1,6,2.1e-09,1.0e+00,1.0e-03,8.4e-02,2.1e-02,1.2e-03,motif-MRS motif-SMRS motif-SMR,CASSMRSTNEQFF,TRBV19,TRBJ2-1,NA,Donor1:healthy,12.000000,-,-,-,-,-,-,-,-,-,-,-

9,S%RSTDT,9.4e-11,1,6,2.2e-10,1.0e+00,1.0e-03,1.8e-01,1.0e-03,1.2e-03,global-S%RSTDT,CASSQRSTDTQYF,TRBV19,TRBJ2-3,NA,Donor1:healthy,1.000000,-,-,-,-,-,-,-,-,-,-,-
9,S%RSTDT,9.4e-11,1,6,2.2e-10,1.0e+00,1.0e-03,1.8e-01,1.0e-03,1.2e-03,global-S%RSTDT,CATSQRSTDTQYF,TRBV19,TRBJ2-3,NA,Donor1:healthy,4.000000,-,-,-,-,-,-,-,-,-,-,-
9,S%RSTDT,9.4e-11,1,6,2.2e-10,1.0e+00,1.0e-03,1.8e-01,1.0e-03,1.2e-03,global-S%RSTDT,CASSGRSTDTQYF,TRBV19,TRBJ2-3,NA,Donor1:healthy,6.000000,-,-,-,-,-,-,-,-,-,-,-
9,S%RSTDT,9.4e-11,1,6,2.2e-10,1.0e+00,1.0e-03,1.8e-01,1.0e-03,1.2e-03,global-S%RSTDT,CASSTRSTDTQYF,TRBV19,TRBJ2-3,NA,Donor1:healthy,1.000000,-,-,-,-,-,-,-,-,-,-,-
9,S%RSTDT,9.4e-11,1,6,2.2e-10,1.0e+00,1.0e-03,1.8e-01,1.0e-03,1.2e-03,global-S%RSTDT,CASSSRSTDTQYF,TRBV19,TRBJ2-3,NA,Donor1:healthy,1.000000,-,-,-,-,-,-,-,-,-,-,-
9,S%RSTDT,9.4e-11,1,6,2.2e-10,1.0e+00,1.0e-03,1.8e-01,1.0e-03,1.2e-03,global-S%RSTDT,CASSHRSTDTQYF,TRBV19,TRBJ2-3,NA,Donor1:healthy,2.000000,-,-,-,-,-,-,-,-,-,-,-

10,S%RSAYE,4.7e-10,1,5,2.0e-11,1.0e+00,1.0e-03,1.4e-02,1.0e-03,1.5e-03,motif-RSAY global-S%RSAYE,CASSMRSAYEQYF,TRBV19,TRBJ2-7,NA,Donor1:healthy,2.000000,-,-,-,-,-,-,-,-,-,-,-
10,S%RSAYE,4.7e-10,1,5,2.0e-11,1.0e+00,1.0e-03,1.4e-02,1.0e-03,1.5e-03,motif-RSAY global-S%RSAYE,CASSIRSAYEQYF,TRBV19,TRBJ2-7,NA,Donor1:healthy,172.000000,-,-,-,-,-,-,-,-,-,-,-
10,S%RSAYE,4.7e-10,1,5,2.0e-11,1.0e+00,1.0e-03,1.4e-02,1.0e-03,1.5e-03,motif-RSAY global-S%RSAYE,CASSVRSAYEQYF,TRBV19,TRBJ2-7,NA,Donor1:healthy,2.000000,-,-,-,-,-,-,-,-,-,-,-
10,S%RSAYE,4.7e-10,1,5,2.0e-11,1.0e+00,1.0e-03,1.4e-02,1.0e-03,1.5e-03,motif-RSAY global-S%RSAYE,CASSSRSAYEQYF,TRBV19,TRBJ2-7,NA,Donor1:healthy,1.000000,-,-,-,-,-,-,-,-,-,-,-
10,S%RSAYE,4.7e-10,1,5,2.0e-11,1.0e+00,1.0e-03,1.4e-02,1.0e-03,1.5e-03,motif-RSAY global-S%RSAYE,CASSTRSAYEQYF,TRBV19,TRBJ2-7,NA,Donor1:healthy,15.000000,-,-,-,-,-,-,-,-,-,-,-

11,STRS,5.1e-10,1,9,3.8e-11,1.0e+00,1.0e-03,7.9e-02,1.0e-03,4.8e-04,motif-STRS,CASSTRSTGELFF,TRBV19,TRBJ2-2,NA,Donor1:healthy,2.000000,-,-,-,-,-,-,-,-,-,-,-
11,STRS,5.1e-10,1,9,3.8e-11,1.0e+00,1.0e-03,7.9e-02,1.0e-03,4.8e-04,motif-STRS,CASSTRSTDTQYF,TRBV19,TRBJ2-3,NA,Donor1:healthy,1.000000,-,-,-,-,-,-,-,-,-,-,-
11,STRS,5.1e-10,1,9,3.8e-11,1.0e+00,1.0e-03,7.9e-02,1.0e-03,4.8e-04,motif-STRS,CASSTRSDSPLHF,TRBV19,TRBJ1-6,NA,Donor1:healthy,1.000000,-,-,-,-,-,-,-,-,-,-,-
11,STRS,5.1e-10,1,9,3.8e-11,1.0e+00,1.0e-03,7.9e-02,1.0e-03,4.8e-04,motif-STRS,CASSTRSSYEQYF,TRBV19,TRBJ2-7,NA,Donor1:healthy,21.000000,-,-,-,-,-,-,-,-,-,-,-
11,STRS,5.1e-10,1,9,3.8e-11,1.0e+00,1.0e-03,7.9e-02,1.0e-03,4.8e-04,motif-STRS,CASSTRSGTEAFF,TRBV19,TRBJ1-1,NA,Donor1:healthy,1.000000,-,-,-,-,-,-,-,-,-,-,-
11,STRS,5.1e-10,1,9,3.8e-11,1.0e+00,1.0e-03,7.9e-02,1.0e-03,4.8e-04,motif-STRS,CASSTRSAYEQYF,TRBV19,TRBJ2-7,NA,Donor1:healthy,15.000000,-,-,-,-,-,-,-,-,-,-,-
11,STRS,5.1e-10,1,9,3.8e-11,1.0e+00,1.0e-03,7.9e-02,1.0e-03,4.8e-04,motif-STRS,CASSTRSGYEQYF,TRBV19,TRBJ2-7,NA,Donor1:healthy,3.000000,-,-,-,-,-,-,-,-,-,-,-
11,STRS,5.1e-10,1,9,3.8e-11,1.0e+00,1.0e-03,7.9e-02,1.0e-03,4.8e-04,motif-STRS,CASSTRSGWEQYF,TRBV19,TRBJ2-7,NA,Donor1:healthy,6.000000,-,-,-,-,-,-,-,-,-,-,-
11,STRS,5.1e-10,1,9,3.8e-11,1.0e+00,1.0e-03,7.9e-02,1.0e-03,4.8e-04,motif-STRS,CASSTRSQETQYF,TRBV19,TRBJ2-5,NA,Donor1:healthy,1.000000,-,-,-,-,-,-,-,-,-,-,-

12,SIRS%ET,7.3e-10,1,4,7.7e-11,1.0e+00,1.0e-03,3.3e-02,1.0e-03,2.3e-03,motif-IRS motif-SIRS global-SIRS%ET,CASSIRSGETQYF,TRBV19,TRBJ2-5,NA,Donor1:healthy,3.000000,-,-,-,-,-,-,-,-,-,-,-
12,SIRS%ET,7.3e-10,1,4,7.7e-11,1.0e+00,1.0e-03,3.3e-02,1.0e-03,2.3e-03,motif-IRS motif-SIRS global-SIRS%ET,CASSIRSSETQYF,TRBV19,TRBJ2-5,NA,Donor1:healthy,3.000000,-,-,-,-,-,-,-,-,-,-,-
12,SIRS%ET,7.3e-10,1,4,7.7e-11,1.0e+00,1.0e-03,3.3e-02,1.0e-03,2.3e-03,motif-IRS motif-SIRS global-SIRS%ET,CASSIRSTETQYF,TRBV19,TRBJ2-5,NA,Donor1:healthy,1.000000,-,-,-,-,-,-,-,-,-,-,-
12,SIRS%ET,7.3e-10,1,4,7.7e-11,1.0e+00,1.0e-03,3.3e-02,1.0e-03,2.3e-03,motif-IRS motif-SIRS global-SIRS%ET,CASSIRSQETQYF,TRBV19,TRBJ2-5,NA,Donor1:healthy,47.000000,-,-,-,-,-,-,-,-,-,-,-

13,IRSG,1.6e-09,1,7,3.4e-10,1.0e+00,1.0e-03,3.6e-02,1.1e-02,8.6e-04,motif-IRS motif-SIRS motif-IRSG,CASSIRSGETQYF,TRBV19,TRBJ2-5,NA,Donor1:healthy,3.000000,-,-,-,-,-,-,-,-,-,-,-
13,IRSG,1.6e-09,1,7,3.4e-10,1.0e+00,1.0e-03,3.6e-02,1.1e-02,8.6e-04,motif-IRS motif-SIRS motif-IRSG,CASSIRSGTEAFF,TRBV19,TRBJ1-1,NA,Donor1:healthy,16.000000,-,-,-,-,-,-,-,-,-,-,-
13,IRSG,1.6e-09,1,7,3.4e-10,1.0e+00,1.0e-03,3.6e-02,1.1e-02,8.6e-04,motif-IRS motif-SIRS motif-IRSG,CASSIRSGNEQYF,TRBV19,TRBJ2-7,NA,Donor1:healthy,4.000000,-,-,-,-,-,-,-,-,-,-,-
13,IRSG,1.6e-09,1,7,3.4e-10,1.0e+00,1.0e-03,3.6e-02,1.1e-02,8.6e-04,motif-IRS motif-SIRS motif-IRSG,CASSIRSGYEQFF,TRBV19,TRBJ2-1,NA,Donor1:healthy,15.000000,-,-,-,-,-,-,-,-,-,-,-
13,IRSG,1.6e-09,1,7,3.4e-10,1.0e+00,1.0e-03,3.6e-02,1.1e-02,8.6e-04,motif-IRS motif-SIRS motif-IRSG,CASSIRSGYEQYF,TRBV19,TRBJ2-7,NA,Donor1:healthy,4.000000,-,-,-,-,-,-,-,-,-,-,-
13,IRSG,1.6e-09,1,7,3.4e-10,1.0e+00,1.0e-03,3.6e-02,1.1e-02,8.6e-04,motif-IRS motif-SIRS motif-IRSG,CASSIRSGDTQYF,TRBV19,TRBJ2-3,NA,Donor1:healthy,2.000000,-,-,-,-,-,-,-,-,-,-,-
13,IRSG,1.6e-09,1,7,3.4e-10,1.0e+00,1.0e-03,3.6e-02,1.1e-02,8.6e-04,motif-IRS motif-SIRS motif-IRSG,CASSIRSGESRAFF,TRBV19,TRBJ1-1,NA,Donor1:healthy,25.000000,-,-,-,-,-,-,-,-,-,-,-

14,SIG%YG,1.7e-09,1,5,1.7e-11,1.0e+00,1.0e-03,1.2e-02,1.0e-03,1.5e-03,global-SIG%YG,CASSIGVYGYTF,TRBV19,TRBJ1-2,NA,Donor1:healthy,44.000000,-,-,-,-,-,-,-,-,-,-,-
14,SIG%YG,1.7e-09,1,5,1.7e-11,1.0e+00,1.0e-03,1.2e-02,1.0e-03,1.5e-03,global-SIG%YG,CASSIGLYGYTF,TRBV19,TRBJ1-2,NA,Donor1:healthy,21.000000,-,-,-,-,-,-,-,-,-,-,-
14,SIG%YG,1.7e-09,1,5,1.7e-11,1.0e+00,1.0e-03,1.2e-02,1.0e-03,1.5e-03,global-SIG%YG,CASSIGAYGYTF,TRBV19,TRBJ1-2,NA,Donor1:healthy,16.000000,-,-,-,-,-,-,-,-,-,-,-
14,SIG%YG,1.7e-09,1,5,1.7e-11,1.0e+00,1.0e-03,1.2e-02,1.0e-03,1.5e-03,global-SIG%YG,CASSIGIYGYTF,TRBV19,TRBJ1-2,NA,Donor1:healthy,4.000000,-,-,-,-,-,-,-,-,-,-,-
14,SIG%YG,1.7e-09,1,5,1.7e-11,1.0e+00,1.0e-03,1.2e-02,1.0e-03,1.5e-03,global-SIG%YG,CASSIGSYGYTF,TRBV19,TRBJ1-2,NA,Donor1:healthy,84.000000,-,-,-,-,-,-,-,-,-,-,-

15,SMR,6.8e-09,1,11,6.9e-10,1.0e+00,1.0e-03,1.4e-01,2.0e-02,2.4e-04,motif-SMR,CASSMRSAYEQYF,TRBV19,TRBJ2-7,NA,Donor1:healthy,2.000000,-,-,-,-,-,-,-,-,-,-,-
15,SMR,6.8e-09,1,11,6.9e-10,1.0e+00,1.0e-03,1.4e-01,2.0e-02,2.4e-04,motif-SMR,CASSMRASYEQYF,TRBV19,TRBJ2-7,NA,Donor1:healthy,3.000000,-,-,-,-,-,-,-,-,-,-,-
15,SMR,6.8e-09,1,11,6.9e-10,1.0e+00,1.0e-03,1.4e-01,2.0e-02,2.4e-04,motif-SMR,CASSMRSGSEQFF,TRBV19,TRBJ2-1,NA,Donor1:healthy,8.000000,-,-,-,-,-,-,-,-,-,-,-
15,SMR,6.8e-09,1,11,6.9e-10,1.0e+00,1.0e-03,1.4e-01,2.0e-02,2.4e-04,motif-SMR,CASSMRSGANVLTF,TRBV19,TRBJ2-6,NA,Donor1:healthy,2.000000,-,-,-,-,-,-,-,-,-,-,-
15,SMR,6.8e-09,1,11,6.9e-10,1.0e+00,1.0e-03,1.4e-01,2.0e-02,2.4e-04,motif-SMR,CASSMRSTGELFF,TRBV19,TRBJ2-2,NA,Donor1:healthy,2.000000,-,-,-,-,-,-,-,-,-,-,-
15,SMR,6.8e-09,1,11,6.9e-10,1.0e+00,1.0e-03,1.4e-01,2.0e-02,2.4e-04,motif-SMR,CASSMRASVEQFF,TRBV19,TRBJ2-1,NA,Donor1:healthy,3.000000,-,-,-,-,-,-,-,-,-,-,-
15,SMR,6.8e-09,1,11,6.9e-10,1.0e+00,1.0e-03,1.4e-01,2.0e-02,2.4e-04,motif-SMR,CASSMRIFPQPQHF,TRBV19,TRBJ1-5,NA,Donor1:healthy,1.000000,-,-,-,-,-,-,-,-,-,-,-
15,SMR,6.8e-09,1,11,6.9e-10,1.0e+00,1.0e-03,1.4e-01,2.0e-02,2.4e-04,motif-SMR,CASSMRASVEQYF,TRBV19,TRBJ2-7,NA,Donor1:healthy,2.000000,-,-,-,-,-,-,-,-,-,-,-
15,SMR,6.8e-09,1,11,6.9e-10,1.0e+00,1.0e-03,1.4e-01,2.0e-02,2.4e-04,motif-SMR,CASSMRSSYEQYF,TRBV19,TRBJ2-7,NA,Donor1:healthy,2.000000,-,-,-,-,-,-,-,-,-,-,-
15,SMR,6.8e-09,1,11,6.9e-10,1.0e+00,1.0e-03,1.4e-01,2.0e-02,2.4e-04,motif-SMR,CASSMREPEYGLEQYF,TRBV7-8,TRBJ2-7,NA,Donor1:healthy,1.000000,-,-,-,-,-,-,-,-,-,-,-
15,SMR,6.8e-09,1,11,6.9e-10,1.0e+00,1.0e-03,1.4e-01,2.0e-02,2.4e-04,motif-SMR,CASSMRSTNEQFF,TRBV19,TRBJ2-1,NA,Donor1:healthy,12.000000,-,-,-,-,-,-,-,-,-,-,-

16,IRSA,1.1e-08,1,4,3.3e-11,1.0e+00,1.0e-03,1.4e-02,1.0e-03,2.3e-03,motif-IRS motif-SIRS motif-IRSA,CASSIRSAWEQFF,TRBV19,TRBJ2-1,NA,Donor1:healthy,6.000000,-,-,-,-,-,-,-,-,-,-,-
16,IRSA,1.1e-08,1,4,3.3e-11,1.0e+00,1.0e-03,1.4e-02,1.0e-03,2.3e-03,motif-IRS motif-SIRS motif-IRSA,CASSIRSAYEQYF,TRBV19,TRBJ2-7,NA,Donor1:healthy,172.000000,-,-,-,-,-,-,-,-,-,-,-
16,IRSA,1.1e-08,1,4,3.3e-11,1.0e+00,1.0e-03,1.4e-02,1.0e-03,2.3e-03,motif-IRS motif-SIRS motif-IRSA,CASSIRSAYTQYF,TRBV19,TRBJ2-3,NA,Donor1:healthy,1.000000,-,-,-,-,-,-,-,-,-,-,-
16,IRSA,1.1e-08,1,4,3.3e-11,1.0e+00,1.0e-03,1.4e-02,1.0e-03,2.3e-03,motif-IRS motif-SIRS motif-IRSA,CASSIRSADTQYF,TRBV19,TRBJ2-3,NA,Donor1:healthy,1.000000,-,-,-,-,-,-,-,-,-,-,-

17,S%RSGTE,1.4e-07,1,3,8.8e-10,1.0e+00,1.0e-03,1.4e-01,1.0e-03,6.2e-03,global-S%RSGTE,CASSTRSGTEAFF,TRBV19,TRBJ1-1,NA,Donor1:healthy,1.000000,-,-,-,-,-,-,-,-,-,-,-
17,S%RSGTE,1.4e-07,1,3,8.8e-10,1.0e+00,1.0e-03,1.4e-01,1.0e-03,6.2e-03,global-S%RSGTE,CASSSRSGTEQFF,TRBV19,TRBJ2-1,NA,Donor1:healthy,4.000000,-,-,-,-,-,-,-,-,-,-,-
17,S%RSGTE,1.4e-07,1,3,8.8e-10,1.0e+00,1.0e-03,1.4e-01,1.0e-03,6.2e-03,global-S%RSGTE,CASSDRSGTEQYF,TRBV19,TRBJ2-7,NA,Donor1:healthy,2.000000,-,-,-,-,-,-,-,-,-,-,-

18,RSAY,1.5e-07,1,6,2.4e-11,1.0e+00,1.0e-03,2.0e-02,1.0e-03,1.2e-03,motif-RSAY,CASSMRSAYEQYF,TRBV19,TRBJ2-7,NA,Donor1:healthy,2.000000,-,-,-,-,-,-,-,-,-,-,-
18,RSAY,1.5e-07,1,6,2.4e-11,1.0e+00,1.0e-03,2.0e-02,1.0e-03,1.2e-03,motif-RSAY,CASSIRSAYEQYF,TRBV19,TRBJ2-7,NA,Donor1:healthy,172.000000,-,-,-,-,-,-,-,-,-,-,-
18,RSAY,1.5e-07,1,6,2.4e-11,1.0e+00,1.0e-03,2.0e-02,1.0e-03,1.2e-03,motif-RSAY,CASSIRSAYTQYF,TRBV19,TRBJ2-3,NA,Donor1:healthy,1.000000,-,-,-,-,-,-,-,-,-,-,-
18,RSAY,1.5e-07,1,6,2.4e-11,1.0e+00,1.0e-03,2.0e-02,1.0e-03,1.2e-03,motif-RSAY,CASSVRSAYEQYF,TRBV19,TRBJ2-7,NA,Donor1:healthy,2.000000,-,-,-,-,-,-,-,-,-,-,-
18,RSAY,1.5e-07,1,6,2.4e-11,1.0e+00,1.0e-03,2.0e-02,1.0e-03,1.2e-03,motif-RSAY,CASSTRSAYEQYF,TRBV19,TRBJ2-7,NA,Donor1:healthy,15.000000,-,-,-,-,-,-,-,-,-,-,-
18,RSAY,1.5e-07,1,6,2.4e-11,1.0e+00,1.0e-03,2.0e-02,1.0e-03,1.2e-03,motif-RSAY,CASSSRSAYEQYF,TRBV19,TRBJ2-7,NA,Donor1:healthy,1.000000,-,-,-,-,-,-,-,-,-,-,-

19,SI%SNQP,3.5e-07,1,4,4.9e-10,1.0e+00,1.0e-03,2.1e-01,1.0e-03,2.3e-03,global-SI%SNQP,CASSIYSNQPQHF,TRBV19,TRBJ1-5,NA,Donor1:healthy,4.000000,-,-,-,-,-,-,-,-,-,-,-
19,SI%SNQP,3.5e-07,1,4,4.9e-10,1.0e+00,1.0e-03,2.1e-01,1.0e-03,2.3e-03,global-SI%SNQP,CASSIHSNQPQHF,TRBV19,TRBJ1-5,NA,Donor1:healthy,1.000000,-,-,-,-,-,-,-,-,-,-,-
19,SI%SNQP,3.5e-07,1,4,4.9e-10,1.0e+00,1.0e-03,2.1e-01,1.0e-03,2.3e-03,global-SI%SNQP,CASSINSNQPQHF,TRBV19,TRBJ1-5,NA,Donor1:healthy,1.000000,-,-,-,-,-,-,-,-,-,-,-
19,SI%SNQP,3.5e-07,1,4,4.9e-10,1.0e+00,1.0e-03,2.1e-01,1.0e-03,2.3e-03,global-SI%SNQP,CASSIRSNQPQHF,TRBV19,TRBJ1-5,NA,Donor1:healthy,2.000000,-,-,-,-,-,-,-,-,-,-,-

20,IRST,3.5e-07,1,4,1.4e-10,1.0e+00,1.0e-03,5.8e-02,1.0e-03,2.3e-03,motif-IRST motif-IRS motif-SIRS,CASSIRSTETQYF,TRBV19,TRBJ2-5,NA,Donor1:healthy,1.000000,-,-,-,-,-,-,-,-,-,-,-
20,IRST,3.5e-07,1,4,1.4e-10,1.0e+00,1.0e-03,5.8e-02,1.0e-03,2.3e-03,motif-IRST motif-IRS motif-SIRS,CASSIRSTYEQYF,TRBV19,TRBJ2-7,NA,Donor1:healthy,4.000000,-,-,-,-,-,-,-,-,-,-,-
20,IRST,3.5e-07,1,4,1.4e-10,1.0e+00,1.0e-03,5.8e-02,1.0e-03,2.3e-03,motif-IRST motif-IRS motif-SIRS,CASSIRSTGELFF,TRBV19,TRBJ2-2,NA,Donor1:healthy,11.000000,-,-,-,-,-,-,-,-,-,-,-
20,IRST,3.5e-07,1,4,1.4e-10,1.0e+00,1.0e-03,5.8e-02,1.0e-03,2.3e-03,motif-IRST motif-IRS motif-SIRS,CASSIRSTDTQYF,TRBV19,TRBJ2-3,NA,Donor1:healthy,8.000000,-,-,-,-,-,-,-,-,-,-,-

21,MRS,5.1e-07,1,6,2.1e-09,1.0e+00,1.0e-03,8.4e-02,2.1e-02,1.2e-03,motif-MRS motif-SMRS motif-SMR,CASSMRSAYEQYF,TRBV19,TRBJ2-7,NA,Donor1:healthy,2.000000,-,-,-,-,-,-,-,-,-,-,-
21,MRS,5.1e-07,1,6,2.1e-09,1.0e+00,1.0e-03,8.4e-02,2.1e-02,1.2e-03,motif-MRS motif-SMRS motif-SMR,CASSMRSGSEQFF,TRBV19,TRBJ2-1,NA,Donor1:healthy,8.000000,-,-,-,-,-,-,-,-,-,-,-
21,MRS,5.1e-07,1,6,2.1e-09,1.0e+00,1.0e-03,8.4e-02,2.1e-02,1.2e-03,motif-MRS motif-SMRS motif-SMR,CASSMRSGANVLTF,TRBV19,TRBJ2-6,NA,Donor1:healthy,2.000000,-,-,-,-,-,-,-,-,-,-,-
21,MRS,5.1e-07,1,6,2.1e-09,1.0e+00,1.0e-03,8.4e-02,2.1e-02,1.2e-03,motif-MRS motif-SMRS motif-SMR,CASSMRSTGELFF,TRBV19,TRBJ2-2,NA,Donor1:healthy,2.000000,-,-,-,-,-,-,-,-,-,-,-
21,MRS,5.1e-07,1,6,2.1e-09,1.0e+00,1.0e-03,8.4e-02,2.1e-02,1.2e-03,motif-MRS motif-SMRS motif-SMR,CASSMRSSYEQYF,TRBV19,TRBJ2-7,NA,Donor1:healthy,2.000000,-,-,-,-,-,-,-,-,-,-,-
21,MRS,5.1e-07,1,6,2.1e-09,1.0e+00,1.0e-03,8.4e-02,2.1e-02,1.2e-03,motif-MRS motif-SMRS motif-SMR,CASSMRSTNEQFF,TRBV19,TRBJ2-1,NA,Donor1:healthy,12.000000,-,-,-,-,-,-,-,-,-,-,-

22,STRS%YE,5.6e-07,1,3,1.8e-10,1.0e+00,1.0e-03,2.9e-02,1.0e-03,6.2e-03,motif-STRS global-STRS%YE,CASSTRSGYEQYF,TRBV19,TRBJ2-7,NA,Donor1:healthy,3.000000,-,-,-,-,-,-,-,-,-,-,-
22,STRS%YE,5.6e-07,1,3,1.8e-10,1.0e+00,1.0e-03,2.9e-02,1.0e-03,6.2e-03,motif-STRS global-STRS%YE,CASSTRSSYEQYF,TRBV19,TRBJ2-7,NA,Donor1:healthy,21.000000,-,-,-,-,-,-,-,-,-,-,-
22,STRS%YE,5.6e-07,1,3,1.8e-10,1.0e+00,1.0e-03,2.9e-02,1.0e-03,6.2e-03,motif-STRS global-STRS%YE,CASSTRSAYEQYF,TRBV19,TRBJ2-7,NA,Donor1:healthy,15.000000,-,-,-,-,-,-,-,-,-,-,-

23,SIRS%DT,5.6e-07,1,3,4.9e-10,1.0e+00,1.0e-03,7.9e-02,1.0e-03,6.2e-03,motif-IRS motif-SIRS global-SIRS%DT,CASSIRSADTQYF,TRBV19,TRBJ2-3,NA,Donor1:healthy,1.000000,-,-,-,-,-,-,-,-,-,-,-
23,SIRS%DT,5.6e-07,1,3,4.9e-10,1.0e+00,1.0e-03,7.9e-02,1.0e-03,6.2e-03,motif-IRS motif-SIRS global-SIRS%DT,CASSIRSGDTQYF,TRBV19,TRBJ2-3,NA,Donor1:healthy,2.000000,-,-,-,-,-,-,-,-,-,-,-
23,SIRS%DT,5.6e-07,1,3,4.9e-10,1.0e+00,1.0e-03,7.9e-02,1.0e-03,6.2e-03,motif-IRS motif-SIRS global-SIRS%DT,CASSIRSTDTQYF,TRBV19,TRBJ2-3,NA,Donor1:healthy,8.000000,-,-,-,-,-,-,-,-,-,-,-

24,SSRSG%E,5.6e-07,1,3,9.3e-10,1.0e+00,1.0e-03,1.5e-01,1.0e-03,6.2e-03,global-SSRSG%E,CASSSRSGSEQYF,TRBV19,TRBJ2-7,NA,Donor1:healthy,1.000000,-,-,-,-,-,-,-,-,-,-,-
24,SSRSG%E,5.6e-07,1,3,9.3e-10,1.0e+00,1.0e-03,1.5e-01,1.0e-03,6.2e-03,global-SSRSG%E,CASSSRSGTEQFF,TRBV19,TRBJ2-1,NA,Donor1:healthy,4.000000,-,-,-,-,-,-,-,-,-,-,-
24,SSRSG%E,5.6e-07,1,3,9.3e-10,1.0e+00,1.0e-03,1.5e-01,1.0e-03,6.2e-03,global-SSRSG%E,CASSSRSGVEQYF,TRBV19,TRBJ2-7,NA,Donor1:healthy,3.000000,-,-,-,-,-,-,-,-,-,-,-

25,FGGR,7.2e-07,1,8,4.8e-05,1.0e+00,5.1e-01,1.0e+00,1.1e-01,8.3e-04,motif-FGGR,CASSFGGRALPSSYNEQFF,TRBV7-6,TRBJ2-1,NA,Donor1:healthy,1.000000,-,-,-,-,-,-,-,-,-,-,-
25,FGGR,7.2e-07,1,8,4.8e-05,1.0e+00,5.1e-01,1.0e+00,1.1e-01,8.3e-04,motif-FGGR,CASSSFGGRELFF,TRBV19,TRBJ2-2,NA,Donor1:healthy,1.000000,-,-,-,-,-,-,-,-,-,-,-
25,FGGR,7.2e-07,1,8,4.8e-05,1.0e+00,5.1e-01,1.0e+00,1.1e-01,8.3e-04,motif-FGGR,CASSFGGRNTEAFF,TRBV27,TRBJ1-1,NA,Donor1:healthy,1.000000,-,-,-,-,-,-,-,-,-,-,-
25,FGGR,7.2e-07,1,8,4.8e-05,1.0e+00,5.1e-01,1.0e+00,1.1e-01,8.3e-04,motif-FGGR,CASSLGFGGREAYEQYF,TRBV7-9,TRBJ2-7,NA,Donor1:healthy,1.000000,-,-,-,-,-,-,-,-,-,-,-
25,FGGR,7.2e-07,1,8,4.8e-05,1.0e+00,5.1e-01,1.0e+00,1.1e-01,8.3e-04,motif-FGGR,CASSFGGRRTEAFF,TRBV5-6,TRBJ1-1,NA,Donor1:healthy,1.000000,-,-,-,-,-,-,-,-,-,-,-
25,FGGR,7.2e-07,1,8,4.8e-05,1.0e+00,5.1e-01,1.0e+00,1.1e-01,8.3e-04,motif-FGGR,CSVFGGRLYEQYF,TRBV29-1,TRBJ2-7,NA,Donor1:healthy,1.000000,-,-,-,-,-,-,-,-,-,-,-
25,FGGR,7.2e-07,1,8,4.8e-05,1.0e+00,5.1e-01,1.0e+00,1.1e-01,8.3e-04,motif-FGGR,CSVFGGRSYNEQFF,TRBV20-1,TRBJ2-1,NA,Donor1:healthy,1.000000,-,-,-,-,-,-,-,-,-,-,-
25,FGGR,7.2e-07,1,8,4.8e-05,1.0e+00,5.1e-01,1.0e+00,1.1e-01,8.3e-04,motif-FGGR,CASSFGGRGLGFSGNTIYF,TRBV27,TRBJ1-3,NA,Donor1:healthy,1.000000,-,-,-,-,-,-,-,-,-,-,-

26,SMG%YG,1.4e-06,1,3,3.6e-10,1.0e+00,1.0e-03,5.8e-02,1.0e-03,6.2e-03,global-SMG%YG,CASSMGVYGYTF,TRBV19,TRBJ1-2,NA,Donor1:healthy,2.000000,-,-,-,-,-,-,-,-,-,-,-
26,SMG%YG,1.4e-06,1,3,3.6e-10,1.0e+00,1.0e-03,5.8e-02,1.0e-03,6.2e-03,global-SMG%YG,CASSMGAYGYTF,TRBV19,TRBJ1-2,NA,Donor1:healthy,8.000000,-,-,-,-,-,-,-,-,-,-,-
26,SMG%YG,1.4e-06,1,3,3.6e-10,1.0e+00,1.0e-03,5.8e-02,1.0e-03,6.2e-03,global-SMG%YG,CASSMGSYGYTF,TRBV19,TRBJ1-2,NA,Donor1:healthy,6.000000,-,-,-,-,-,-,-,-,-,-,-

27,SIR%AYE,1.4e-06,1,3,3.1e-11,1.0e+00,1.0e-03,5.0e-03,1.0e-03,6.2e-03,global-SIR%AYE,CASSIRGAYEQYF,TRBV19,TRBJ2-7,NA,Donor1:healthy,7.000000,-,-,-,-,-,-,-,-,-,-,-
27,SIR%AYE,1.4e-06,1,3,3.1e-11,1.0e+00,1.0e-03,5.0e-03,1.0e-03,6.2e-03,global-SIR%AYE,CASSIRSAYEQYF,TRBV19,TRBJ2-7,NA,Donor1:healthy,172.000000,-,-,-,-,-,-,-,-,-,-,-
27,SIR%AYE,1.4e-06,1,3,3.1e-11,1.0e+00,1.0e-03,5.0e-03,1.0e-03,6.2e-03,global-SIR%AYE,CASSIRAAYEQYF,TRBV19,TRBJ2-7,NA,Donor1:healthy,3.000000,-,-,-,-,-,-,-,-,-,-,-

28,SARS,1.6e-06,1,6,4.9e-08,1.0e+00,1.6e-02,1.8e-01,1.4e-02,1.2e-03,motif-SARS,CASSARSVYEQYF,TRBV6-1,TRBJ2-7,NA,Donor1:healthy,1.000000,-,-,-,-,-,-,-,-,-,-,-
28,SARS,1.6e-06,1,6,4.9e-08,1.0e+00,1.6e-02,1.8e-01,1.4e-02,1.2e-03,motif-SARS,CASSARSSTEQYF,TRBV19,TRBJ2-7,NA,Donor1:healthy,3.000000,-,-,-,-,-,-,-,-,-,-,-
28,SARS,1.6e-06,1,6,4.9e-08,1.0e+00,1.6e-02,1.8e-01,1.4e-02,1.2e-03,motif-SARS,CASSARSTGELFF,TRBV19,TRBJ2-2,NA,Donor1:healthy,1.000000,-,-,-,-,-,-,-,-,-,-,-
28,SARS,1.6e-06,1,6,4.9e-08,1.0e+00,1.6e-02,1.8e-01,1.4e-02,1.2e-03,motif-SARS,CASSARSSYEQYF,TRBV19,TRBJ2-7,NA,Donor1:healthy,1.000000,-,-,-,-,-,-,-,-,-,-,-
28,SARS,1.6e-06,1,6,4.9e-08,1.0e+00,1.6e-02,1.8e-01,1.4e-02,1.2e-03,motif-SARS,CASSARSGEPQHF,TRBV19,TRBJ1-5,NA,Donor1:healthy,8.000000,-,-,-,-,-,-,-,-,-,-,-
28,SARS,1.6e-06,1,6,4.9e-08,1.0e+00,1.6e-02,1.8e-01,1.4e-02,1.2e-03,motif-SARS,CASSARSVAYEAFF,TRBV13,TRBJ1-1,NA,Donor1:healthy,1.000000,-,-,-,-,-,-,-,-,-,-,-

29,QRST,2.1e-06,1,4,2.3e-07,1.0e+00,1.2e-02,1.1e-01,7.8e-02,2.3e-03,motif-QRST,CASSQRSTGELFF,TRBV19,TRBJ2-2,NA,Donor1:healthy,3.000000,-,-,-,-,-,-,-,-,-,-,-
29,QRST,2.1e-06,1,4,2.3e-07,1.0e+00,1.2e-02,1.1e-01,7.8e-02,2.3e-03,motif-QRST,CASSQRSTDTQYF,TRBV19,TRBJ2-3,NA,Donor1:healthy,1.000000,-,-,-,-,-,-,-,-,-,-,-
29,QRST,2.1e-06,1,4,2.3e-07,1.0e+00,1.2e-02,1.1e-01,7.8e-02,2.3e-03,motif-QRST,CATSQRSTDTQYF,TRBV19,TRBJ2-3,NA,Donor1:healthy,4.000000,-,-,-,-,-,-,-,-,-,-,-
29,QRST,2.1e-06,1,4,2.3e-07,1.0e+00,1.2e-02,1.1e-01,7.8e-02,2.3e-03,motif-QRST,CQQQRSTGGSNQPQHF,TRBV21-1,TRBJ1-5,NA,Donor1:healthy,8.000000,-,-,-,-,-,-,-,-,-,-,-

30,IRAA,2.1e-06,1,4,4.5e-08,1.0e+00,1.0e-03,2.7e-01,7.1e-02,2.3e-03,motif-SIRA motif-IRAA,CASSIRAATEAFF,TRBV19,TRBJ1-1,NA,Donor1:healthy,1.000000,-,-,-,-,-,-,-,-,-,-,-
30,IRAA,2.1e-06,1,4,4.5e-08,1.0e+00,1.0e-03,2.7e-01,7.1e-02,2.3e-03,motif-SIRA motif-IRAA,CASSIRAASYNEQFF,TRBV19,TRBJ2-1,NA,Donor1:healthy,1.000000,-,-,-,-,-,-,-,-,-,-,-
30,IRAA,2.1e-06,1,4,4.5e-08,1.0e+00,1.0e-03,2.7e-01,7.1e-02,2.3e-03,motif-SIRA motif-IRAA,CASSIRAAYEQYF,TRBV19,TRBJ2-7,NA,Donor1:healthy,3.000000,-,-,-,-,-,-,-,-,-,-,-
30,IRAA,2.1e-06,1,4,4.5e-08,1.0e+00,1.0e-03,2.7e-01,7.1e-02,2.3e-03,motif-SIRA motif-IRAA,CASSIRAAGELFF,TRBV19,TRBJ2-2,NA,Donor1:healthy,1.000000,-,-,-,-,-,-,-,-,-,-,-

31,IRSN,2.8e-06,1,3,1.8e-09,1.0e+00,1.0e-03,3.0e-01,1.0e-03,6.2e-03,motif-IRSN motif-IRS motif-SIRS,CASSIRSNTEAFF,TRBV19,TRBJ1-1,NA,Donor1:healthy,1.000000,-,-,-,-,-,-,-,-,-,-,-
31,IRSN,2.8e-06,1,3,1.8e-09,1.0e+00,1.0e-03,3.0e-01,1.0e-03,6.2e-03,motif-IRSN motif-IRS motif-SIRS,CASSIRSNYEQYF,TRBV19,TRBJ2-7,NA,Donor1:healthy,1.000000,-,-,-,-,-,-,-,-,-,-,-
31,IRSN,2.8e-06,1,3,1.8e-09,1.0e+00,1.0e-03,3.0e-01,1.0e-03,6.2e-03,motif-IRSN motif-IRS motif-SIRS,CASSIRSNQPQHF,TRBV19,TRBJ1-5,NA,Donor1:healthy,2.000000,-,-,-,-,-,-,-,-,-,-,-

32,MRAS,2.8e-06,1,3,7.4e-10,1.0e+00,1.0e-03,1.2e-01,1.0e-03,6.2e-03,motif-SMRA motif-MRAS motif-SMR global-SMRAS%E,CASSMRASYEQYF,TRBV19,TRBJ2-7,NA,Donor1:healthy,3.000000,-,-,-,-,-,-,-,-,-,-,-
32,MRAS,2.8e-06,1,3,7.4e-10,1.0e+00,1.0e-03,1.2e-01,1.0e-03,6.2e-03,motif-SMRA motif-MRAS motif-SMR global-SMRAS%E,CASSMRASVEQFF,TRBV19,TRBJ2-1,NA,Donor1:healthy,3.000000,-,-,-,-,-,-,-,-,-,-,-
32,MRAS,2.8e-06,1,3,7.4e-10,1.0e+00,1.0e-03,1.2e-01,1.0e-03,6.2e-03,motif-SMRA motif-MRAS motif-SMR global-SMRAS%E,CASSMRASVEQYF,TRBV19,TRBJ2-7,NA,Donor1:healthy,2.000000,-,-,-,-,-,-,-,-,-,-,-

33,SQG%YG,3.3e-06,1,4,1.9e-11,1.0e+00,1.0e-03,8.0e-03,1.0e-03,2.3e-03,global-SQG%YG,CASSQGAYGYTF,TRBV19,TRBJ1-2,NA,Donor1:healthy,115.000000,-,-,-,-,-,-,-,-,-,-,-
33,SQG%YG,3.3e-06,1,4,1.9e-11,1.0e+00,1.0e-03,8.0e-03,1.0e-03,2.3e-03,global-SQG%YG,CASSQGSYGYTF,TRBV19,TRBJ1-2,NA,Donor1:healthy,3.000000,-,-,-,-,-,-,-,-,-,-,-
33,SQG%YG,3.3e-06,1,4,1.9e-11,1.0e+00,1.0e-03,8.0e-03,1.0e-03,2.3e-03,global-SQG%YG,CASSQGNYGYTF,TRBV19,TRBJ1-2,NA,Donor1:healthy,10.000000,-,-,-,-,-,-,-,-,-,-,-
33,SQG%YG,3.3e-06,1,4,1.9e-11,1.0e+00,1.0e-03,8.0e-03,1.0e-03,2.3e-03,global-SQG%YG,CATSQGAYGYTF,TRBV19,TRBJ1-2,NA,Donor1:healthy,5.000000,-,-,-,-,-,-,-,-,-,-,-

34,SSRS%YE,4.8e-06,1,3,2.6e-08,1.0e+00,1.0e-02,4.2e-01,1.0e-03,6.2e-03,global-SSRS%YE,CASSSRSAYEQYF,TRBV19,TRBJ2-7,NA,Donor1:healthy,1.000000,-,-,-,-,-,-,-,-,-,-,-
34,SSRS%YE,4.8e-06,1,3,2.6e-08,1.0e+00,1.0e-02,4.2e-01,1.0e-03,6.2e-03,global-SSRS%YE,CASSSRSGYEQYF,TRBV19,TRBJ2-7,NA,Donor1:healthy,1.000000,-,-,-,-,-,-,-,-,-,-,-
34,SSRS%YE,4.8e-06,1,3,2.6e-08,1.0e+00,1.0e-02,4.2e-01,1.0e-03,6.2e-03,global-SSRS%YE,CASSSRSGYEQYF,TRBV7-8,TRBJ2-7,NA,Donor1:healthy,1.000000,-,-,-,-,-,-,-,-,-,-,-
34,SSRS%YE,4.8e-06,1,3,2.6e-08,1.0e+00,1.0e-02,4.2e-01,1.0e-03,6.2e-03,global-SSRS%YE,CASSSRSSYEQYF,TRBV19,TRBJ2-7,NA,Donor1:healthy,2.000000,-,-,-,-,-,-,-,-,-,-,-

35,IRSS,7.1e-06,1,4,2.3e-12,1.0e+00,1.0e-03,1.0e-03,1.0e-03,2.3e-03,motif-IRS motif-IRSS motif-SIRS,CASSIRSSNEQFF,TRBV19,TRBJ2-1,NA,Donor1:healthy,1.000000,-,-,-,-,-,-,-,-,-,-,-
35,IRSS,7.1e-06,1,4,2.3e-12,1.0e+00,1.0e-03,1.0e-03,1.0e-03,2.3e-03,motif-IRS motif-IRSS motif-SIRS,CASSIRSSETQYF,TRBV19,TRBJ2-5,NA,Donor1:healthy,3.000000,-,-,-,-,-,-,-,-,-,-,-
35,IRSS,7.1e-06,1,4,2.3e-12,1.0e+00,1.0e-03,1.0e-03,1.0e-03,2.3e-03,motif-IRS motif-IRSS motif-SIRS,CASSIRSSYEQFF,TRBV19,TRBJ2-1,NA,Donor1:healthy,4.000000,-,-,-,-,-,-,-,-,-,-,-
35,IRSS,7.1e-06,1,4,2.3e-12,1.0e+00,1.0e-03,1.0e-03,1.0e-03,2.3e-03,motif-IRS motif-IRSS motif-SIRS,CASSIRSSYEQYF,TRBV19,TRBJ2-7,NA,Donor1:healthy,795.000000,-,-,-,-,-,-,-,-,-,-,-

36,S%RSGYE,1.1e-05,1,3,2.5e-08,1.0e+00,1.3e-02,3.1e-01,1.0e-03,6.2e-03,motif-RSGY global-S%RSGYE,CASSGRSGYEQYF,TRBV19,TRBJ2-7,NA,Donor1:healthy,1.000000,-,-,-,-,-,-,-,-,-,-,-
36,S%RSGYE,1.1e-05,1,3,2.5e-08,1.0e+00,1.3e-02,3.1e-01,1.0e-03,6.2e-03,motif-RSGY global-S%RSGYE,CASSSRSGYEQYF,TRBV19,TRBJ2-7,NA,Donor1:healthy,1.000000,-,-,-,-,-,-,-,-,-,-,-
36,S%RSGYE,1.1e-05,1,3,2.5e-08,1.0e+00,1.3e-02,3.1e-01,1.0e-03,6.2e-03,motif-RSGY global-S%RSGYE,CASSSRSGYEQYF,TRBV7-8,TRBJ2-7,NA,Donor1:healthy,1.000000,-,-,-,-,-,-,-,-,-,-,-
36,S%RSGYE,1.1e-05,1,3,2.5e-08,1.0e+00,1.3e-02,3.1e-01,1.0e-03,6.2e-03,motif-RSGY global-S%RSGYE,CASSTRSGYEQYF,TRBV19,TRBJ2-7,NA,Donor1:healthy,3.000000,-,-,-,-,-,-,-,-,-,-,-

37,SIR%SYE,1.1e-05,1,3,6.2e-12,1.0e+00,1.0e-03,1.0e-03,1.0e-03,6.2e-03,global-SIR%SYE,CASSIRSSYEQFF,TRBV19,TRBJ2-1,NA,Donor1:healthy,4.000000,-,-,-,-,-,-,-,-,-,-,-
37,SIR%SYE,1.1e-05,1,3,6.2e-12,1.0e+00,1.0e-03,1.0e-03,1.0e-03,6.2e-03,global-SIR%SYE,CASSIRSSYEQYF,TRBV19,TRBJ2-7,NA,Donor1:healthy,795.000000,-,-,-,-,-,-,-,-,-,-,-
37,SIR%SYE,1.1e-05,1,3,6.2e-12,1.0e+00,1.0e-03,1.0e-03,1.0e-03,6.2e-03,global-SIR%SYE,CASSIRASYEQYF,TRBV19,TRBJ2-7,NA,Donor1:healthy,84.000000,-,-,-,-,-,-,-,-,-,-,-

38,SVRS,1.1e-05,1,6,5.3e-10,1.0e+00,1.0e-03,2.2e-02,2.0e-02,1.2e-03,motif-SVRS,CASSVRSSMNTEAFF,TRBV9,TRBJ1-1,NA,Donor1:healthy,10.000000,-,-,-,-,-,-,-,-,-,-,-
38,SVRS,1.1e-05,1,6,5.3e-10,1.0e+00,1.0e-03,2.2e-02,2.0e-02,1.2e-03,motif-SVRS,CASSVRSSYEQYF,TRBV19,TRBJ2-7,NA,Donor1:healthy,140.000000,-,-,-,-,-,-,-,-,-,-,-
38,SVRS,1.1e-05,1,6,5.3e-10,1.0e+00,1.0e-03,2.2e-02,2.0e-02,1.2e-03,motif-SVRS,CASSVRSAYEQYF,TRBV19,TRBJ2-7,NA,Donor1:healthy,2.000000,-,-,-,-,-,-,-,-,-,-,-
38,SVRS,1.1e-05,1,6,5.3e-10,1.0e+00,1.0e-03,2.2e-02,2.0e-02,1.2e-03,motif-SVRS,CASSVRSAGELFF,TRBV19,TRBJ2-2,NA,Donor1:healthy,1.000000,-,-,-,-,-,-,-,-,-,-,-
38,SVRS,1.1e-05,1,6,5.3e-10,1.0e+00,1.0e-03,2.2e-02,2.0e-02,1.2e-03,motif-SVRS,CASSVRSADTQYF,TRBV19,TRBJ2-3,NA,Donor1:healthy,2.000000,-,-,-,-,-,-,-,-,-,-,-
38,SVRS,1.1e-05,1,6,5.3e-10,1.0e+00,1.0e-03,2.2e-02,2.0e-02,1.2e-03,motif-SVRS,CASSVRSTGELFF,TRBV19,TRBJ2-2,NA,Donor1:healthy,20.000000,-,-,-,-,-,-,-,-,-,-,-

39,S%GAYG,1.2e-05,1,4,2.3e-11,1.0e+00,1.0e-03,1.0e-02,1.0e-03,2.3e-03,global-S%GAYG,CASSQGAYGYTF,TRBV19,TRBJ1-2,NA,Donor1:healthy,115.000000,-,-,-,-,-,-,-,-,-,-,-
39,S%GAYG,1.2e-05,1,4,2.3e-11,1.0e+00,1.0e-03,1.0e-02,1.0e-03,2.3e-03,global-S%GAYG,CASSMGAYGYTF,TRBV19,TRBJ1-2,NA,Donor1:healthy,8.000000,-,-,-,-,-,-,-,-,-,-,-
39,S%GAYG,1.2e-05,1,4,2.3e-11,1.0e+00,1.0e-03,1.0e-02,1.0e-03,2.3e-03,global-S%GAYG,CATSQGAYGYTF,TRBV19,TRBJ1-2,NA,Donor1:healthy,5.000000,-,-,-,-,-,-,-,-,-,-,-
39,S%GAYG,1.2e-05,1,4,2.3e-11,1.0e+00,1.0e-03,1.0e-02,1.0e-03,2.3e-03,global-S%GAYG,CASSIGAYGYTF,TRBV19,TRBJ1-2,NA,Donor1:healthy,16.000000,-,-,-,-,-,-,-,-,-,-,-

40,DTFT,1.6e-05,1,3,4.9e-04,1.0e+00,1.8e-01,1.0e+00,4.4e-01,6.2e-03,motif-DTFT,CASSTRDTFTDTQYF,TRBV21-1,TRBJ2-3,NA,Donor1:healthy,1.000000,-,-,-,-,-,-,-,-,-,-,-
40,DTFT,1.6e-05,1,3,4.9e-04,1.0e+00,1.8e-01,1.0e+00,4.4e-01,6.2e-03,motif-DTFT,CASQVDTFTDGGELFF,TRBV28,TRBJ2-2,NA,Donor1:healthy,1.000000,-,-,-,-,-,-,-,-,-,-,-
40,DTFT,1.6e-05,1,3,4.9e-04,1.0e+00,1.8e-01,1.0e+00,4.4e-01,6.2e-03,motif-DTFT,CASSLDTFTEAFF,TRBV7-2,TRBJ1-1,NA,Donor1:healthy,1.000000,-,-,-,-,-,-,-,-,-,-,-

41,SIGV%G,2.7e-05,1,2,4.7e-10,1.0e+00,1.0e-03,1.6e-02,1.0e-03,2.9e-02,global-SIGV%G,CASSIGVYGYTF,TRBV19,TRBJ1-2,NA,Donor1:healthy,44.000000,-,-,-,-,-,-,-,-,-,-,-
41,SIGV%G,2.7e-05,1,2,4.7e-10,1.0e+00,1.0e-03,1.6e-02,1.0e-03,2.9e-02,global-SIGV%G,CASSIGVHGYTF,TRBV19,TRBJ1-2,NA,Donor1:healthy,3.000000,-,-,-,-,-,-,-,-,-,-,-

42,SAGG%G,2.7e-05,1,2,5.0e-07,1.0e+00,6.9e-02,2.5e-01,1.0e-03,2.9e-02,global-SAGG%G,CASSAGGGGQYF,TRBV27,TRBJ2-3,NA,Donor1:healthy,1.000000,-,-,-,-,-,-,-,-,-,-,-
42,SAGG%G,2.7e-05,1,2,5.0e-07,1.0e+00,6.9e-02,2.5e-01,1.0e-03,2.9e-02,global-SAGG%G,CASSAGGNGYTF,TRBV9,TRBJ1-2,NA,Donor1:healthy,2.000000,-,-,-,-,-,-,-,-,-,-,-

43,S%RSSET,2.7e-05,1,2,3.7e-09,1.0e+00,1.0e-03,1.3e-01,1.0e-03,2.9e-02,global-S%RSSET,CASSIRSSETQYF,TRBV19,TRBJ2-5,NA,Donor1:healthy,3.000000,-,-,-,-,-,-,-,-,-,-,-
43,S%RSSET,2.7e-05,1,2,3.7e-09,1.0e+00,1.0e-03,1.3e-01,1.0e-03,2.9e-02,global-S%RSSET,CASSFRSSETQYF,TRBV19,TRBJ2-5,NA,Donor1:healthy,2.000000,-,-,-,-,-,-,-,-,-,-,-

44,SIR%SET,2.7e-05,1,2,4.5e-09,1.0e+00,1.0e-03,1.5e-01,1.0e-03,2.9e-02,global-SIR%SET,CASSIRASETQYF,TRBV19,TRBJ2-5,NA,Donor1:healthy,1.000000,-,-,-,-,-,-,-,-,-,-,-
44,SIR%SET,2.7e-05,1,2,4.5e-09,1.0e+00,1.0e-03,1.5e-01,1.0e-03,2.9e-02,global-SIR%SET,CASSIRSSETQYF,TRBV19,TRBJ2-5,NA,Donor1:healthy,3.000000,-,-,-,-,-,-,-,-,-,-,-

45,SIH%NQP,2.7e-05,1,2,6.6e-09,1.0e+00,1.0e-03,2.3e-01,1.0e-03,2.9e-02,global-SIH%NQP,CASSIHSNQPQHF,TRBV19,TRBJ1-5,NA,Donor1:healthy,1.000000,-,-,-,-,-,-,-,-,-,-,-
45,SIH%NQP,2.7e-05,1,2,6.6e-09,1.0e+00,1.0e-03,2.3e-01,1.0e-03,2.9e-02,global-SIH%NQP,CASSIHKNQPQHF,TRBV19,TRBJ1-5,NA,Donor1:healthy,2.000000,-,-,-,-,-,-,-,-,-,-,-

46,SMRS%YE,2.7e-05,1,2,4.7e-09,1.0e+00,1.0e-03,1.6e-01,1.0e-03,2.9e-02,motif-MRS motif-SMRS motif-SMR global-SMRS%YE,CASSMRSAYEQYF,TRBV19,TRBJ2-7,NA,Donor1:healthy,2.000000,-,-,-,-,-,-,-,-,-,-,-
46,SMRS%YE,2.7e-05,1,2,4.7e-09,1.0e+00,1.0e-03,1.6e-01,1.0e-03,2.9e-02,motif-MRS motif-SMRS motif-SMR global-SMRS%YE,CASSMRSSYEQYF,TRBV19,TRBJ2-7,NA,Donor1:healthy,2.000000,-,-,-,-,-,-,-,-,-,-,-

47,SIRS%TE,2.7e-05,1,2,1.1e-09,1.0e+00,1.0e-03,3.7e-02,1.0e-03,2.9e-02,motif-IRS motif-SIRS global-SIRS%TE,CASSIRSNTEAFF,TRBV19,TRBJ1-1,NA,Donor1:healthy,1.000000,-,-,-,-,-,-,-,-,-,-,-
47,SIRS%TE,2.7e-05,1,2,1.1e-09,1.0e+00,1.0e-03,3.7e-02,1.0e-03,2.9e-02,motif-IRS motif-SIRS global-SIRS%TE,CASSIRSGTEAFF,TRBV19,TRBJ1-1,NA,Donor1:healthy,16.000000,-,-,-,-,-,-,-,-,-,-,-

48,SDRS%TE,2.7e-05,1,2,8.0e-09,1.0e+00,1.0e-03,2.7e-01,1.0e-03,2.9e-02,global-SDRS%TE,CASSDRSGTEQYF,TRBV19,TRBJ2-7,NA,Donor1:healthy,2.000000,-,-,-,-,-,-,-,-,-,-,-
48,SDRS%TE,2.7e-05,1,2,8.0e-09,1.0e+00,1.0e-03,2.7e-01,1.0e-03,2.9e-02,global-SDRS%TE,CASSDRSNTEAFF,TRBV19,TRBJ1-1,NA,Donor1:healthy,1.000000,-,-,-,-,-,-,-,-,-,-,-

49,SIRS%NE,2.7e-05,1,2,3.8e-09,1.0e+00,1.0e-03,1.3e-01,1.0e-03,2.9e-02,motif-IRS motif-SIRS global-SIRS%NE,CASSIRSGNEQYF,TRBV19,TRBJ2-7,NA,Donor1:healthy,4.000000,-,-,-,-,-,-,-,-,-,-,-
49,SIRS%NE,2.7e-05,1,2,3.8e-09,1.0e+00,1.0e-03,1.3e-01,1.0e-03,2.9e-02,motif-IRS motif-SIRS global-SIRS%NE,CASSIRSSNEQFF,TRBV19,TRBJ2-1,NA,Donor1:healthy,1.000000,-,-,-,-,-,-,-,-,-,-,-

50,SVRS%GE,2.7e-05,1,2,1.0e-09,1.0e+00,1.0e-03,3.5e-02,1.0e-03,2.9e-02,motif-SVRS global-SVRS%GE,CASSVRSAGELFF,TRBV19,TRBJ2-2,NA,Donor1:healthy,1.000000,-,-,-,-,-,-,-,-,-,-,-
50,SVRS%GE,2.7e-05,1,2,1.0e-09,1.0e+00,1.0e-03,3.5e-02,1.0e-03,2.9e-02,motif-SVRS global-SVRS%GE,CASSVRSTGELFF,TRBV19,TRBJ2-2,NA,Donor1:healthy,20.000000,-,-,-,-,-,-,-,-,-,-,-

51,SIRSQ%T,2.7e-05,1,2,4.7e-10,1.0e+00,1.0e-03,1.6e-02,1.0e-03,2.9e-02,motif-IRS motif-SIRS global-SIRSQ%T,CASSIRSQDTQYF,TRBV19,TRBJ2-3,NA,Donor1:healthy,2.000000,-,-,-,-,-,-,-,-,-,-,-
51,SIRSQ%T,2.7e-05,1,2,4.7e-10,1.0e+00,1.0e-03,1.6e-02,1.0e-03,2.9e-02,motif-IRS motif-SIRS global-SIRSQ%T,CASSIRSQETQYF,TRBV19,TRBJ2-5,NA,Donor1:healthy,47.000000,-,-,-,-,-,-,-,-,-,-,-

52,SIRSG%T,2.7e-05,1,2,3.4e-09,1.0e+00,1.0e-03,1.2e-01,1.0e-03,2.9e-02,motif-IRS motif-SIRS motif-IRSG global-SIRSG%T,CASSIRSGETQYF,TRBV19,TRBJ2-5,NA,Donor1:healthy,3.000000,-,-,-,-,-,-,-,-,-,-,-
52,SIRSG%T,2.7e-05,1,2,3.4e-09,1.0e+00,1.0e-03,1.2e-01,1.0e-03,2.9e-02,motif-IRS motif-SIRS motif-IRSG global-SIRSG%T,CASSIRSGDTQYF,TRBV19,TRBJ2-3,NA,Donor1:healthy,2.000000,-,-,-,-,-,-,-,-,-,-,-

53,SIRSG%E,2.7e-05,1,2,9.3e-10,1.0e+00,1.0e-03,3.2e-02,1.0e-03,2.9e-02,motif-IRS motif-SIRS motif-IRSG global-SIRSG%E,CASSIRSGTEAFF,TRBV19,TRBJ1-1,NA,Donor1:healthy,16.000000,-,-,-,-,-,-,-,-,-,-,-
53,SIRSG%E,2.7e-05,1,2,9.3e-10,1.0e+00,1.0e-03,3.2e-02,1.0e-03,2.9e-02,motif-IRS motif-SIRS motif-IRSG global-SIRSG%E,CASSIRSGNEQYF,TRBV19,TRBJ2-7,NA,Donor1:healthy,4.000000,-,-,-,-,-,-,-,-,-,-,-

54,SMRST%E,2.7e-05,1,2,1.8e-09,1.0e+00,1.0e-03,6.3e-02,1.0e-03,2.9e-02,motif-MRS motif-SMRS motif-SMR global-SMRST%E,CASSMRSTGELFF,TRBV19,TRBJ2-2,NA,Donor1:healthy,2.000000,-,-,-,-,-,-,-,-,-,-,-
54,SMRST%E,2.7e-05,1,2,1.8e-09,1.0e+00,1.0e-03,6.3e-02,1.0e-03,2.9e-02,motif-MRS motif-SMRS motif-SMR global-SMRST%E,CASSMRSTNEQFF,TRBV19,TRBJ2-1,NA,Donor1:healthy,12.000000,-,-,-,-,-,-,-,-,-,-,-

55,SWGDY%E,2.7e-05,1,2,2.0e-07,1.0e+00,7.3e-02,9.3e-02,1.0e-03,2.9e-02,global-SWGDY%E,CSASWGDYTEAFF,TRBV20-1,TRBJ1-1,NA,Donor1:healthy,5.000000,-,-,-,-,-,-,-,-,-,-,-
55,SWGDY%E,2.7e-05,1,2,2.0e-07,1.0e+00,7.3e-02,9.3e-02,1.0e-03,2.9e-02,global-SWGDY%E,CASSWGDYNEQFF,TRBV7-2,TRBJ2-1,NA,Donor1:healthy,1.000000,-,-,-,-,-,-,-,-,-,-,-

56,STRSG%E,2.7e-05,1,2,2.2e-09,1.0e+00,1.0e-03,7.6e-02,1.0e-03,2.9e-02,motif-STRS global-STRSG%E,CASSTRSGYEQYF,TRBV19,TRBJ2-7,NA,Donor1:healthy,3.000000,-,-,-,-,-,-,-,-,-,-,-
56,STRSG%E,2.7e-05,1,2,2.2e-09,1.0e+00,1.0e-03,7.6e-02,1.0e-03,2.9e-02,motif-STRS global-STRSG%E,CASSTRSGWEQYF,TRBV19,TRBJ2-7,NA,Donor1:healthy,6.000000,-,-,-,-,-,-,-,-,-,-,-

57,%PTGVGQP,2.7e-05,1,2,5.4e-06,1.0e+00,1.8e-01,1.0e+00,1.0e-03,2.9e-02,global-%PTGVGQP,CASSPTGVGQPQHF,TRBV28,TRBJ1-5,NA,Donor1:healthy,1.000000,-,-,-,-,-,-,-,-,-,-,-
57,%PTGVGQP,2.7e-05,1,2,5.4e-06,1.0e+00,1.8e-01,1.0e+00,1.0e-03,2.9e-02,global-%PTGVGQP,CASSPTGVGQPQHF,TRBV6-3,TRBJ1-5,NA,Donor1:healthy,1.000000,-,-,-,-,-,-,-,-,-,-,-
57,%PTGVGQP,2.7e-05,1,2,5.4e-06,1.0e+00,1.8e-01,1.0e+00,1.0e-03,2.9e-02,global-%PTGVGQP,CSATPTGVGQPQHF,TRBV20-1,TRBJ1-5,NA,Donor1:healthy,1.000000,-,-,-,-,-,-,-,-,-,-,-

58,SL%SGPPYE,2.7e-05,1,2,1.9e-06,1.0e+00,6.4e-02,1.0e+00,1.0e-03,2.9e-02,global-SL%SGPPYE,CASSLFSGPPYEQYF,TRBV5-5,TRBJ2-7,NA,Donor1:healthy,1.000000,-,-,-,-,-,-,-,-,-,-,-
58,SL%SGPPYE,2.7e-05,1,2,1.9e-06,1.0e+00,6.4e-02,1.0e+00,1.0e-03,2.9e-02,global-SL%SGPPYE,CASSLISGPPYEQYF,TRBV5-4,TRBJ2-7,NA,Donor1:healthy,1.000000,-,-,-,-,-,-,-,-,-,-,-

59,CC,3.0e-05,1,3,2.7e-04,1.0e+00,9.7e-02,1.0e+00,4.5e-01,6.2e-03,motif-CC,CASSYCCGTEAFF,TRBV7-2,TRBJ1-1,NA,Donor1:healthy,1.000000,-,-,-,-,-,-,-,-,-,-,-
59,CC,3.0e-05,1,3,2.7e-04,1.0e+00,9.7e-02,1.0e+00,4.5e-01,6.2e-03,motif-CC,CASSLCCSPNTGELFF,TRBV7-9,TRBJ2-2,NA,Donor1:healthy,1.000000,-,-,-,-,-,-,-,-,-,-,-
59,CC,3.0e-05,1,3,2.7e-04,1.0e+00,9.7e-02,1.0e+00,4.5e-01,6.2e-03,motif-CC,CASSSPCCSHSYNEQFF,TRBV7-2,TRBJ2-1,NA,Donor1:healthy,1.000000,-,-,-,-,-,-,-,-,-,-,-

60,SYG%GQP,3.8e-05,1,3,6.2e-09,1.0e+00,1.0e-03,1.0e+00,1.0e-03,6.2e-03,global-SYG%GQP,CASSYGMGQPQHF,TRBV6-3,TRBJ1-5,NA,Donor1:healthy,1.000000,-,-,-,-,-,-,-,-,-,-,-
60,SYG%GQP,3.8e-05,1,3,6.2e-09,1.0e+00,1.0e-03,1.0e+00,1.0e-03,6.2e-03,global-SYG%GQP,CASSYGTGQPQHF,TRBV6-3,TRBJ1-5,NA,Donor1:healthy,1.000000,-,-,-,-,-,-,-,-,-,-,-
60,SYG%GQP,3.8e-05,1,3,6.2e-09,1.0e+00,1.0e-03,1.0e+00,1.0e-03,6.2e-03,global-SYG%GQP,CASSYGVGQPQHF,TRBV6-3,TRBJ1-5,NA,Donor1:healthy,1.000000,-,-,-,-,-,-,-,-,-,-,-

61,SMRA,3.8e-05,1,3,8.0e-10,1.0e+00,1.0e-03,1.3e-01,1.0e-03,6.2e-03,motif-SMRA motif-MRAS motif-SMR global-SMRAS%E,CASSMRASYEQYF,TRBV19,TRBJ2-7,NA,Donor1:healthy,3.000000,-,-,-,-,-,-,-,-,-,-,-
61,SMRA,3.8e-05,1,3,8.0e-10,1.0e+00,1.0e-03,1.3e-01,1.0e-03,6.2e-03,motif-SMRA motif-MRAS motif-SMR global-SMRAS%E,CASSMRASVEQFF,TRBV19,TRBJ2-1,NA,Donor1:healthy,3.000000,-,-,-,-,-,-,-,-,-,-,-
61,SMRA,3.8e-05,1,3,8.0e-10,1.0e+00,1.0e-03,1.3e-01,1.0e-03,6.2e-03,motif-SMRA motif-MRAS motif-SMR global-SMRAS%E,CASSMRASVEQYF,TRBV19,TRBJ2-7,NA,Donor1:healthy,2.000000,-,-,-,-,-,-,-,-,-,-,-

62,VRSA,6.1e-05,1,3,1.4e-09,1.0e+00,1.0e-03,2.3e-01,1.0e-03,6.2e-03,motif-VRSA motif-SVRS,CASSVRSAYEQYF,TRBV19,TRBJ2-7,NA,Donor1:healthy,2.000000,-,-,-,-,-,-,-,-,-,-,-
62,VRSA,6.1e-05,1,3,1.4e-09,1.0e+00,1.0e-03,2.3e-01,1.0e-03,6.2e-03,motif-VRSA motif-SVRS,CASSVRSAGELFF,TRBV19,TRBJ2-2,NA,Donor1:healthy,1.000000,-,-,-,-,-,-,-,-,-,-,-
62,VRSA,6.1e-05,1,3,1.4e-09,1.0e+00,1.0e-03,2.3e-01,1.0e-03,6.2e-03,motif-VRSA motif-SVRS,CASSVRSADTQYF,TRBV19,TRBJ2-3,NA,Donor1:healthy,2.000000,-,-,-,-,-,-,-,-,-,-,-

63,S%RAGET,8.1e-05,1,2,1.3e-09,1.0e+00,1.0e-03,4.6e-02,1.0e-03,2.9e-02,global-S%RAGET,CASSIRAGETQYF,TRBV19,TRBJ2-5,NA,Donor1:healthy,13.000000,-,-,-,-,-,-,-,-,-,-,-
63,S%RAGET,8.1e-05,1,2,1.3e-09,1.0e+00,1.0e-03,4.6e-02,1.0e-03,2.9e-02,global-S%RAGET,CASSVRAGETQYF,TRBV19,TRBJ2-5,NA,Donor1:healthy,2.000000,-,-,-,-,-,-,-,-,-,-,-

64,SMR%SYE,8.1e-05,1,2,3.4e-09,1.0e+00,1.0e-03,1.2e-01,1.0e-03,2.9e-02,motif-SMR global-SMR%SYE,CASSMRASYEQYF,TRBV19,TRBJ2-7,NA,Donor1:healthy,3.000000,-,-,-,-,-,-,-,-,-,-,-
64,SMR%SYE,8.1e-05,1,2,3.4e-09,1.0e+00,1.0e-03,1.2e-01,1.0e-03,2.9e-02,motif-SMR global-SMR%SYE,CASSMRSSYEQYF,TRBV19,TRBJ2-7,NA,Donor1:healthy,2.000000,-,-,-,-,-,-,-,-,-,-,-

65,SSR%GSE,8.1e-05,1,2,2.1e-06,1.0e+00,7.3e-02,1.0e+00,1.0e-03,2.9e-02,global-SSR%GSE,CASSSRSGSEQYF,TRBV19,TRBJ2-7,NA,Donor1:healthy,1.000000,-,-,-,-,-,-,-,-,-,-,-
65,SSR%GSE,8.1e-05,1,2,2.1e-06,1.0e+00,7.3e-02,1.0e+00,1.0e-03,2.9e-02,global-SSR%GSE,CASSSRGGSEAFF,TRBV12-4,TRBJ1-1,NA,Donor1:healthy,1.000000,-,-,-,-,-,-,-,-,-,-,-

66,SIRA%ET,8.1e-05,1,2,1.5e-09,1.0e+00,1.0e-03,5.1e-02,1.0e-03,2.9e-02,motif-SIRA global-SIRA%ET,CASSIRASETQYF,TRBV19,TRBJ2-5,NA,Donor1:healthy,1.000000,-,-,-,-,-,-,-,-,-,-,-
66,SIRA%ET,8.1e-05,1,2,1.5e-09,1.0e+00,1.0e-03,5.1e-02,1.0e-03,2.9e-02,motif-SIRA global-SIRA%ET,CASSIRAGETQYF,TRBV19,TRBJ2-5,NA,Donor1:healthy,13.000000,-,-,-,-,-,-,-,-,-,-,-

67,SIRSA%E,8.1e-05,1,2,2.3e-10,1.0e+00,1.0e-03,8.0e-03,1.0e-03,2.9e-02,motif-IRS motif-SIRS motif-IRSA global-SIRSA%E,CASSIRSAWEQFF,TRBV19,TRBJ2-1,NA,Donor1:healthy,6.000000,-,-,-,-,-,-,-,-,-,-,-
67,SIRSA%E,8.1e-05,1,2,2.3e-10,1.0e+00,1.0e-03,8.0e-03,1.0e-03,2.9e-02,motif-IRS motif-SIRS motif-IRSA global-SIRSA%E,CASSIRSAYEQYF,TRBV19,TRBJ2-7,NA,Donor1:healthy,172.000000,-,-,-,-,-,-,-,-,-,-,-

68,SIRST%T,8.1e-05,1,2,2.3e-09,1.0e+00,1.0e-03,7.9e-02,1.0e-03,2.9e-02,motif-IRST motif-IRS motif-SIRS global-SIRST%T,CASSIRSTETQYF,TRBV19,TRBJ2-5,NA,Donor1:healthy,1.000000,-,-,-,-,-,-,-,-,-,-,-
68,SIRST%T,8.1e-05,1,2,2.3e-09,1.0e+00,1.0e-03,7.9e-02,1.0e-03,2.9e-02,motif-IRST motif-IRS motif-SIRS global-SIRST%T,CASSIRSTDTQYF,TRBV19,TRBJ2-3,NA,Donor1:healthy,8.000000,-,-,-,-,-,-,-,-,-,-,-

69,SMGQG%YNE,8.1e-05,1,2,2.9e-08,1.0e+00,1.0e-03,1.0e+00,1.0e-03,2.9e-02,global-SMGQG%YNE,CASSMGQGSYNEQFF,TRBV19,TRBJ2-1,NA,Donor1:healthy,1.000000,-,-,-,-,-,-,-,-,-,-,-
69,SMGQG%YNE,8.1e-05,1,2,2.9e-08,1.0e+00,1.0e-03,1.0e+00,1.0e-03,2.9e-02,global-SMGQG%YNE,CASSMGQGGYNEQFF,TRBV19,TRBJ2-1,NA,Donor1:healthy,1.000000,-,-,-,-,-,-,-,-,-,-,-

70,STG%YG,9.0e-05,1,3,8.4e-10,1.0e+00,1.0e-03,1.4e-01,1.0e-03,6.2e-03,global-STG%YG,CASSTGVYGYTF,TRBV19,TRBJ1-2,NA,Donor1:healthy,4.000000,-,-,-,-,-,-,-,-,-,-,-
70,STG%YG,9.0e-05,1,3,8.4e-10,1.0e+00,1.0e-03,1.4e-01,1.0e-03,6.2e-03,global-STG%YG,CASSTGSYGYTF,TRBV19,TRBJ1-2,NA,Donor1:healthy,3.000000,-,-,-,-,-,-,-,-,-,-,-
70,STG%YG,9.0e-05,1,3,8.4e-10,1.0e+00,1.0e-03,1.4e-01,1.0e-03,6.2e-03,global-STG%YG,CASSTGAYGYTF,TRBV19,TRBJ1-2,NA,Donor1:healthy,1.000000,-,-,-,-,-,-,-,-,-,-,-

71,GQIL,9.0e-05,1,3,1.1e-06,1.0e+00,1.8e-01,1.0e+00,1.0e-03,6.2e-03,motif-GQIL,CASSSLGQILSYEQYF,TRBV28,TRBJ2-7,NA,Donor1:healthy,1.000000,-,-,-,-,-,-,-,-,-,-,-
71,GQIL,9.0e-05,1,3,1.1e-06,1.0e+00,1.8e-01,1.0e+00,1.0e-03,6.2e-03,motif-GQIL,CASSIFGQILQETQYF,TRBV12-4,TRBJ2-5,NA,Donor1:healthy,1.000000,-,-,-,-,-,-,-,-,-,-,-
71,GQIL,9.0e-05,1,3,1.1e-06,1.0e+00,1.8e-01,1.0e+00,1.0e-03,6.2e-03,motif-GQIL,CASSHLGQILIYGYTF,TRBV6-3,TRBJ1-2,NA,Donor1:healthy,1.000000,-,-,-,-,-,-,-,-,-,-,-

72,RSGY,9.8e-05,1,5,3.9e-10,1.0e+00,3.0e-03,9.0e-02,1.0e-03,1.5e-03,motif-RSGY global-S%RSGYE,CASSIRSGYEQFF,TRBV19,TRBJ2-1,NA,Donor1:healthy,15.000000,-,-,-,-,-,-,-,-,-,-,-
72,RSGY,9.8e-05,1,5,3.9e-10,1.0e+00,3.0e-03,9.0e-02,1.0e-03,1.5e-03,motif-RSGY global-S%RSGYE,CASSIRSGYEQYF,TRBV19,TRBJ2-7,NA,Donor1:healthy,4.000000,-,-,-,-,-,-,-,-,-,-,-
72,RSGY,9.8e-05,1,5,3.9e-10,1.0e+00,3.0e-03,9.0e-02,1.0e-03,1.5e-03,motif-RSGY global-S%RSGYE,CASSGRSGYEQYF,TRBV19,TRBJ2-7,NA,Donor1:healthy,1.000000,-,-,-,-,-,-,-,-,-,-,-
72,RSGY,9.8e-05,1,5,3.9e-10,1.0e+00,3.0e-03,9.0e-02,1.0e-03,1.5e-03,motif-RSGY global-S%RSGYE,CASSTRSGYEQYF,TRBV19,TRBJ2-7,NA,Donor1:healthy,3.000000,-,-,-,-,-,-,-,-,-,-,-
72,RSGY,9.8e-05,1,5,3.9e-10,1.0e+00,3.0e-03,9.0e-02,1.0e-03,1.5e-03,motif-RSGY global-S%RSGYE,CASSSRSGYEQYF,TRBV19,TRBJ2-7,NA,Donor1:healthy,1.000000,-,-,-,-,-,-,-,-,-,-,-
72,RSGY,9.8e-05,1,5,3.9e-10,1.0e+00,3.0e-03,9.0e-02,1.0e-03,1.5e-03,motif-RSGY global-S%RSGYE,CASSSRSGYEQYF,TRBV7-8,TRBJ2-7,NA,Donor1:healthy,1.000000,-,-,-,-,-,-,-,-,-,-,-

73,SIFG,1.1e-04,1,4,1.8e-05,1.0e+00,3.9e-02,1.0e+00,2.0e-01,2.3e-03,motif-SIFG,CASSIFGNTGELFF,TRBV19,TRBJ2-2,NA,Donor1:healthy,1.000000,-,-,-,-,-,-,-,-,-,-,-
73,SIFG,1.1e-04,1,4,1.8e-05,1.0e+00,3.9e-02,1.0e+00,2.0e-01,2.3e-03,motif-SIFG,CASSIFGQGNYGYTF,TRBV7-9,TRBJ1-2,NA,Donor1:healthy,1.000000,-,-,-,-,-,-,-,-,-,-,-
73,SIFG,1.1e-04,1,4,1.8e-05,1.0e+00,3.9e-02,1.0e+00,2.0e-01,2.3e-03,motif-SIFG,CASSIFGGSSYNEQFF,TRBV19,TRBJ2-1,NA,Donor1:healthy,1.000000,-,-,-,-,-,-,-,-,-,-,-
73,SIFG,1.1e-04,1,4,1.8e-05,1.0e+00,3.9e-02,1.0e+00,2.0e-01,2.3e-03,motif-SIFG,CASSIFGQILQETQYF,TRBV12-4,TRBJ2-5,NA,Donor1:healthy,1.000000,-,-,-,-,-,-,-,-,-,-,-

74,STGA%G,1.6e-04,1,2,3.6e-09,1.0e+00,1.0e-03,1.2e-01,1.0e-03,2.9e-02,global-STGA%G,CASSTGAYGYTF,TRBV19,TRBJ1-2,NA,Donor1:healthy,1.000000,-,-,-,-,-,-,-,-,-,-,-
74,STGA%G,1.6e-04,1,2,3.6e-09,1.0e+00,1.0e-03,1.2e-01,1.0e-03,2.9e-02,global-STGA%G,CASSTGAWGYTF,TRBV19,TRBJ1-2,NA,Donor1:healthy,4.000000,-,-,-,-,-,-,-,-,-,-,-

75,S%RSGET,1.6e-04,1,2,2.4e-09,1.0e+00,1.0e-03,8.1e-02,1.0e-03,2.9e-02,global-S%RSGET,CASSGRSGETQYF,TRBV19,TRBJ2-5,NA,Donor1:healthy,7.000000,-,-,-,-,-,-,-,-,-,-,-
75,S%RSGET,1.6e-04,1,2,2.4e-09,1.0e+00,1.0e-03,8.1e-02,1.0e-03,2.9e-02,global-S%RSGET,CASSSRSGETQYF,TRBV19,TRBJ2-5,NA,Donor1:healthy,1.000000,-,-,-,-,-,-,-,-,-,-,-

76,SIR%GET,1.6e-04,1,2,9.0e-10,1.0e+00,1.0e-03,3.1e-02,1.0e-03,2.9e-02,global-SIR%GET,CASSIRSGETQYF,TRBV19,TRBJ2-5,NA,Donor1:healthy,3.000000,-,-,-,-,-,-,-,-,-,-,-
76,SIR%GET,1.6e-04,1,2,9.0e-10,1.0e+00,1.0e-03,3.1e-02,1.0e-03,2.9e-02,global-SIR%GET,CASSIRAGETQYF,TRBV19,TRBJ2-5,NA,Donor1:healthy,13.000000,-,-,-,-,-,-,-,-,-,-,-

77,STR%AYE,1.6e-04,1,2,5.8e-10,1.0e+00,1.0e-03,2.0e-02,1.0e-03,2.9e-02,global-STR%AYE,CASSTRSAYEQYF,TRBV19,TRBJ2-7,NA,Donor1:healthy,15.000000,-,-,-,-,-,-,-,-,-,-,-
77,STR%AYE,1.6e-04,1,2,5.8e-10,1.0e+00,1.0e-03,2.0e-02,1.0e-03,2.9e-02,global-STR%AYE,CASSTRAAYEQYF,TRBV19,TRBJ2-7,NA,Donor1:healthy,16.000000,-,-,-,-,-,-,-,-,-,-,-

78,SVRS%YE,1.6e-04,1,2,1.2e-10,1.0e+00,1.0e-03,4.0e-03,1.0e-03,2.9e-02,motif-SVRS global-SVRS%YE,CASSVRSSYEQYF,TRBV19,TRBJ2-7,NA,Donor1:healthy,140.000000,-,-,-,-,-,-,-,-,-,-,-
78,SVRS%YE,1.6e-04,1,2,1.2e-10,1.0e+00,1.0e-03,4.0e-03,1.0e-03,2.9e-02,motif-SVRS global-SVRS%YE,CASSVRSAYEQYF,TRBV19,TRBJ2-7,NA,Donor1:healthy,2.000000,-,-,-,-,-,-,-,-,-,-,-

79,SIRA%YE,1.6e-04,1,2,4.7e-10,1.0e+00,1.0e-03,1.6e-02,1.0e-03,2.9e-02,motif-SIRA global-SIRA%YE,CASSIRASYEQYF,TRBV19,TRBJ2-7,NA,Donor1:healthy,84.000000,-,-,-,-,-,-,-,-,-,-,-
79,SIRA%YE,1.6e-04,1,2,4.7e-10,1.0e+00,1.0e-03,1.6e-02,1.0e-03,2.9e-02,motif-SIRA global-SIRA%YE,CASSIRAAYEQYF,TRBV19,TRBJ2-7,NA,Donor1:healthy,3.000000,-,-,-,-,-,-,-,-,-,-,-

80,SPQG%GQP,1.6e-04,1,2,1.9e-06,1.0e+00,6.6e-02,1.0e+00,1.0e-03,2.9e-02,global-SPQG%GQP,CASSPQGLGQPQHF,TRBV27,TRBJ1-5,NA,Donor1:healthy,1.000000,-,-,-,-,-,-,-,-,-,-,-
80,SPQG%GQP,1.6e-04,1,2,1.9e-06,1.0e+00,6.6e-02,1.0e+00,1.0e-03,2.9e-02,global-SPQG%GQP,CASSPQGVGQPQHF,TRBV28,TRBJ1-5,NA,Donor1:healthy,1.000000,-,-,-,-,-,-,-,-,-,-,-

81,SFGQG%EK,1.6e-04,1,2,5.2e-10,1.0e+00,1.0e-03,1.8e-02,1.0e-03,2.9e-02,global-SFGQG%EK,CASSFGQGAEKLFF,TRBV27,TRBJ1-4,NA,Donor1:healthy,42.000000,-,-,-,-,-,-,-,-,-,-,-
81,SFGQG%EK,1.6e-04,1,2,5.2e-10,1.0e+00,1.0e-03,1.8e-02,1.0e-03,2.9e-02,global-SFGQG%EK,CASSFGQGGEKLFF,TRBV27,TRBJ1-4,NA,Donor1:healthy,1.000000,-,-,-,-,-,-,-,-,-,-,-

82,GYW,2.6e-04,1,3,5.4e-04,1.0e+00,1.9e-01,1.0e+00,4.7e-01,6.2e-03,motif-GYW,CASSGYWGLGYGYTF,TRBV4-3,TRBJ1-2,NA,Donor1:healthy,1.000000,-,-,-,-,-,-,-,-,-,-,-
82,GYW,2.6e-04,1,3,5.4e-04,1.0e+00,1.9e-01,1.0e+00,4.7e-01,6.2e-03,motif-GYW,CASGYWKLAGGPQETQYF,TRBV7-2,TRBJ2-5,NA,Donor1:healthy,1.000000,-,-,-,-,-,-,-,-,-,-,-
82,GYW,2.6e-04,1,3,5.4e-04,1.0e+00,1.9e-01,1.0e+00,4.7e-01,6.2e-03,motif-GYW,CASGYWSGDTQYF,TRBV6-3,TRBJ2-3,NA,Donor1:healthy,1.000000,-,-,-,-,-,-,-,-,-,-,-

83,ENNS,2.6e-04,1,3,1.6e-04,1.0e+00,1.8e-01,3.3e-01,4.4e-01,6.2e-03,motif-ENNS,CASSYGGENNSPLHF,TRBV6-6,TRBJ1-6,NA,Donor1:healthy,2.000000,-,-,-,-,-,-,-,-,-,-,-
83,ENNS,2.6e-04,1,3,1.6e-04,1.0e+00,1.8e-01,3.3e-01,4.4e-01,6.2e-03,motif-ENNS,CASTGENNSPLHF,TRBV6-1,TRBJ1-6,NA,Donor1:healthy,1.000000,-,-,-,-,-,-,-,-,-,-,-
83,ENNS,2.6e-04,1,3,1.6e-04,1.0e+00,1.8e-01,3.3e-01,4.4e-01,6.2e-03,motif-ENNS,CASSGAGQENNSPLHF,TRBV9,TRBJ1-6,NA,Donor1:healthy,1.000000,-,-,-,-,-,-,-,-,-,-,-

84,SA%SGE,2.7e-04,1,2,1.7e-06,1.0e+00,5.7e-02,1.0e+00,1.0e-03,2.9e-02,global-SA%SGE,CASSAGSGEAFF,TRBV11-1,TRBJ1-1,NA,Donor1:healthy,1.000000,-,-,-,-,-,-,-,-,-,-,-
84,SA%SGE,2.7e-04,1,2,1.7e-06,1.0e+00,5.7e-02,1.0e+00,1.0e-03,2.9e-02,global-SA%SGE,CASSANSGEQFF,TRBV9,TRBJ2-1,NA,Donor1:healthy,1.000000,-,-,-,-,-,-,-,-,-,-,-

85,S%RSADT,2.7e-04,1,2,7.5e-09,1.0e+00,1.0e-03,2.6e-01,1.0e-03,2.9e-02,global-S%RSADT,CASSVRSADTQYF,TRBV19,TRBJ2-3,NA,Donor1:healthy,2.000000,-,-,-,-,-,-,-,-,-,-,-
85,S%RSADT,2.7e-04,1,2,7.5e-09,1.0e+00,1.0e-03,2.6e-01,1.0e-03,2.9e-02,global-S%RSADT,CASSIRSADTQYF,TRBV19,TRBJ2-3,NA,Donor1:healthy,1.000000,-,-,-,-,-,-,-,-,-,-,-

86,STR%TGE,2.7e-04,1,2,7.3e-10,1.0e+00,1.0e-03,2.5e-02,1.0e-03,2.9e-02,global-STR%TGE,CASSTRSTGELFF,TRBV19,TRBJ2-2,NA,Donor1:healthy,2.000000,-,-,-,-,-,-,-,-,-,-,-
86,STR%TGE,2.7e-04,1,2,7.3e-10,1.0e+00,1.0e-03,2.5e-02,1.0e-03,2.9e-02,global-STR%TGE,CASSTRATGELFF,TRBV19,TRBJ2-2,NA,Donor1:healthy,37.000000,-,-,-,-,-,-,-,-,-,-,-

87,FWV,3.7e-04,1,3,3.6e-04,1.0e+00,2.0e-01,1.0e+00,3.0e-01,6.2e-03,motif-FWV,CASSLFWVFSGTASNQPQHF,TRBV28,TRBJ1-5,NA,Donor1:healthy,1.000000,-,-,-,-,-,-,-,-,-,-,-
87,FWV,3.7e-04,1,3,3.6e-04,1.0e+00,2.0e-01,1.0e+00,3.0e-01,6.2e-03,motif-FWV,CASSRFWVGPYEQYF,TRBV5-1,TRBJ2-7,NA,Donor1:healthy,1.000000,-,-,-,-,-,-,-,-,-,-,-
87,FWV,3.7e-04,1,3,3.6e-04,1.0e+00,2.0e-01,1.0e+00,3.0e-01,6.2e-03,motif-FWV,CASSQEFWVLGELFF,TRBV4-3,TRBJ2-2,NA,Donor1:healthy,1.000000,-,-,-,-,-,-,-,-,-,-,-

88,SPTG%GQP,4.0e-04,1,2,7.1e-08,1.0e+00,7.0e-03,3.5e-01,1.0e-03,2.9e-02,global-SPTG%GQP,CASSPTGLGQPQHF,TRBV28,TRBJ1-5,NA,Donor1:healthy,2.000000,-,-,-,-,-,-,-,-,-,-,-
88,SPTG%GQP,4.0e-04,1,2,7.1e-08,1.0e+00,7.0e-03,3.5e-01,1.0e-03,2.9e-02,global-SPTG%GQP,CASSPTGVGQPQHF,TRBV28,TRBJ1-5,NA,Donor1:healthy,1.000000,-,-,-,-,-,-,-,-,-,-,-
88,SPTG%GQP,4.0e-04,1,2,7.1e-08,1.0e+00,7.0e-03,3.5e-01,1.0e-03,2.9e-02,global-SPTG%GQP,CASSPTGVGQPQHF,TRBV6-3,TRBJ1-5,NA,Donor1:healthy,1.000000,-,-,-,-,-,-,-,-,-,-,-

89,SSQG%GNT,4.0e-04,1,2,2.9e-08,1.0e+00,1.0e-03,1.0e+00,1.0e-03,2.9e-02,global-SSQG%GNT,CASSSQGLGNTIYF,TRBV28,TRBJ1-3,NA,Donor1:healthy,1.000000,-,-,-,-,-,-,-,-,-,-,-
89,SSQG%GNT,4.0e-04,1,2,2.9e-08,1.0e+00,1.0e-03,1.0e+00,1.0e-03,2.9e-02,global-SSQG%GNT,CASSSQGVGNTIYF,TRBV28,TRBJ1-3,NA,Donor1:healthy,1.000000,-,-,-,-,-,-,-,-,-,-,-

90,SFGGR%TE,4.0e-04,1,2,2.0e-06,1.0e+00,6.9e-02,1.0e+00,1.0e-03,2.9e-02,motif-FGGR global-SFGGR%TE,CASSFGGRNTEAFF,TRBV27,TRBJ1-1,NA,Donor1:healthy,1.000000,-,-,-,-,-,-,-,-,-,-,-
90,SFGGR%TE,4.0e-04,1,2,2.0e-06,1.0e+00,6.9e-02,1.0e+00,1.0e-03,2.9e-02,motif-FGGR global-SFGGR%TE,CASSFGGRRTEAFF,TRBV5-6,TRBJ1-1,NA,Donor1:healthy,1.000000,-,-,-,-,-,-,-,-,-,-,-

91,VHRG,4.2e-04,1,3,5.3e-04,1.0e+00,1.9e-01,1.0e+00,4.4e-01,6.2e-03,motif-VHRG,CASSLVHRGHANTEAFF,TRBV5-1,TRBJ1-1,NA,Donor1:healthy,1.000000,-,-,-,-,-,-,-,-,-,-,-
91,VHRG,4.2e-04,1,3,5.3e-04,1.0e+00,1.9e-01,1.0e+00,4.4e-01,6.2e-03,motif-VHRG,CASSVHRGSGGELFF,TRBV11-3,TRBJ2-2,NA,Donor1:healthy,1.000000,-,-,-,-,-,-,-,-,-,-,-
91,VHRG,4.2e-04,1,3,5.3e-04,1.0e+00,1.9e-01,1.0e+00,4.4e-01,6.2e-03,motif-VHRG,CASSQVHRGGREKLFF,TRBV4-2,TRBJ1-4,NA,Donor1:healthy,1.000000,-,-,-,-,-,-,-,-,-,-,-

92,STRA,5.1e-04,1,4,5.6e-09,1.0e+00,1.0e-03,2.9e-02,8.2e-02,2.3e-03,motif-STRA,CASSTRATGELFF,TRBV19,TRBJ2-2,NA,Donor1:healthy,37.000000,-,-,-,-,-,-,-,-,-,-,-
92,STRA,5.1e-04,1,4,5.6e-09,1.0e+00,1.0e-03,2.9e-02,8.2e-02,2.3e-03,motif-STRA,CASSTRAGGVGQFF,TRBV19,TRBJ2-1,NA,Donor1:healthy,13.000000,-,-,-,-,-,-,-,-,-,-,-
92,STRA,5.1e-04,1,4,5.6e-09,1.0e+00,1.0e-03,2.9e-02,8.2e-02,2.3e-03,motif-STRA,CASSTRASEGQYF,TRBV19,TRBJ2-7,NA,Donor1:healthy,1.000000,-,-,-,-,-,-,-,-,-,-,-
92,STRA,5.1e-04,1,4,5.6e-09,1.0e+00,1.0e-03,2.9e-02,8.2e-02,2.3e-03,motif-STRA,CASSTRAAYEQYF,TRBV19,TRBJ2-7,NA,Donor1:healthy,16.000000,-,-,-,-,-,-,-,-,-,-,-

93,SQGS%G,5.6e-04,1,2,3.3e-09,1.0e+00,1.0e-03,1.1e-01,1.0e-03,2.9e-02,global-SQGS%G,CASSQGSYGYTF,TRBV19,TRBJ1-2,NA,Donor1:healthy,3.000000,-,-,-,-,-,-,-,-,-,-,-
93,SQGS%G,5.6e-04,1,2,3.3e-09,1.0e+00,1.0e-03,1.1e-01,1.0e-03,2.9e-02,global-SQGS%G,CASSQGSWGYTF,TRBV19,TRBJ1-2,NA,Donor1:healthy,3.000000,-,-,-,-,-,-,-,-,-,-,-

94,SDR%GTE,5.6e-04,1,2,5.6e-07,1.0e+00,8.3e-02,2.3e-01,1.0e-03,2.9e-02,global-SDR%GTE,CATSDRGGTEAFF,TRBV6-5,TRBJ1-1,NA,Donor1:healthy,1.000000,-,-,-,-,-,-,-,-,-,-,-
94,SDR%GTE,5.6e-04,1,2,5.6e-07,1.0e+00,8.3e-02,2.3e-01,1.0e-03,2.9e-02,global-SDR%GTE,CASSDRSGTEQYF,TRBV19,TRBJ2-7,NA,Donor1:healthy,2.000000,-,-,-,-,-,-,-,-,-,-,-

95,S%RASYE,7.4e-04,1,2,3.8e-10,1.0e+00,1.0e-03,1.3e-02,1.0e-03,2.9e-02,global-S%RASYE,CASSMRASYEQYF,TRBV19,TRBJ2-7,NA,Donor1:healthy,3.000000,-,-,-,-,-,-,-,-,-,-,-
95,S%RASYE,7.4e-04,1,2,3.8e-10,1.0e+00,1.0e-03,1.3e-02,1.0e-03,2.9e-02,global-S%RASYE,CASSIRASYEQYF,TRBV19,TRBJ2-7,NA,Donor1:healthy,84.000000,-,-,-,-,-,-,-,-,-,-,-

96,SQGTG%TE,7.4e-04,1,2,2.6e-09,1.0e+00,1.0e-03,9.0e-02,1.0e-03,2.9e-02,global-SQGTG%TE,CASSQGTGNTEAFF,TRBV4-1,TRBJ1-1,NA,Donor1:healthy,5.000000,-,-,-,-,-,-,-,-,-,-,-
96,SQGTG%TE,7.4e-04,1,2,2.6e-09,1.0e+00,1.0e-03,9.0e-02,1.0e-03,2.9e-02,global-SQGTG%TE,CASSQGTGGTEAFF,TRBV4-1,TRBJ1-1,NA,Donor1:healthy,2.000000,-,-,-,-,-,-,-,-,-,-,-

97,SAG%YG,9.5e-04,1,2,1.3e-09,1.0e+00,1.0e-03,4.5e-02,1.0e-03,2.9e-02,global-SAG%YG,CASSAGAYGYTF,TRBV19,TRBJ1-2,NA,Donor1:healthy,12.000000,-,-,-,-,-,-,-,-,-,-,-
97,SAG%YG,9.5e-04,1,2,1.3e-09,1.0e+00,1.0e-03,4.5e-02,1.0e-03,2.9e-02,global-SAG%YG,CASSAGSYGYTF,TRBV19,TRBJ1-2,NA,Donor1:healthy,2.000000,-,-,-,-,-,-,-,-,-,-,-

98,SY%SNQP,9.5e-04,1,2,3.4e-08,1.0e+00,6.0e-03,2.0e-01,1.0e-03,2.9e-02,global-SY%SNQP,CASSYYSNQPQHF,TRBV19,TRBJ1-5,NA,Donor1:healthy,3.000000,-,-,-,-,-,-,-,-,-,-,-
98,SY%SNQP,9.5e-04,1,2,3.4e-08,1.0e+00,6.0e-03,2.0e-01,1.0e-03,2.9e-02,global-SY%SNQP,CASSYHSNQPQHF,TRBV19,TRBJ1-5,NA,Donor1:healthy,2.000000,-,-,-,-,-,-,-,-,-,-,-
98,SY%SNQP,9.5e-04,1,2,3.4e-08,1.0e+00,6.0e-03,2.0e-01,1.0e-03,2.9e-02,global-SY%SNQP,CASSYHSNQPQHF,TRBV6-3,TRBJ1-5,NA,Donor1:healthy,1.000000,-,-,-,-,-,-,-,-,-,-,-

99,RQG%TGE,9.5e-04,1,2,4.3e-07,1.0e+00,6.7e-02,2.2e-01,1.0e-03,2.9e-02,global-RQG%TGE,CSARQGTTGELFF,TRBV20-1,TRBJ2-2,NA,Donor1:healthy,2.000000,-,-,-,-,-,-,-,-,-,-,-
99,RQG%TGE,9.5e-04,1,2,4.3e-07,1.0e+00,6.7e-02,2.2e-01,1.0e-03,2.9e-02,global-RQG%TGE,CASRQGNTGELFF,TRBV12-4,TRBJ2-2,NA,Donor1:healthy,1.000000,-,-,-,-,-,-,-,-,-,-,-

100,SSGTSG%YE,9.5e-04,1,2,2.9e-08,1.0e+00,1.0e-03,1.0e+00,1.0e-03,2.9e-02,global-SSGTSG%YE,CASSSGTSGSYEQYF,TRBV27,TRBJ2-7,NA,Donor1:healthy,1.000000,-,-,-,-,-,-,-,-,-,-,-
100,SSGTSG%YE,9.5e-04,1,2,2.9e-08,1.0e+00,1.0e-03,1.0e+00,1.0e-03,2.9e-02,global-SSGTSG%YE,CASSSGTSGAYEQYF,TRBV27,TRBJ2-7,NA,Donor1:healthy,1.000000,-,-,-,-,-,-,-,-,-,-,-

101,S%GGGTGE,1.4e-03,1,2,2.0e-06,1.0e+00,6.8e-02,1.0e+00,1.0e-03,2.9e-02,global-S%GGGTGE,CASSFGGGTGELFF,TRBV27,TRBJ2-2,NA,Donor1:healthy,1.000000,-,-,-,-,-,-,-,-,-,-,-
101,S%GGGTGE,1.4e-03,1,2,2.0e-06,1.0e+00,6.8e-02,1.0e+00,1.0e-03,2.9e-02,global-S%GGGTGE,CASSLGGGTGELFF,TRBV5-5,TRBJ2-2,NA,Donor1:healthy,1.000000,-,-,-,-,-,-,-,-,-,-,-

102,SPLAGV%DT,1.4e-03,1,2,1.5e-07,1.0e+00,5.9e-02,8.6e-02,1.0e-03,2.9e-02,global-SPLAGV%DT,CASSPLAGVTDTQYF,TRBV7-2,TRBJ2-3,NA,Donor1:healthy,1.000000,-,-,-,-,-,-,-,-,-,-,-
102,SPLAGV%DT,1.4e-03,1,2,1.5e-07,1.0e+00,5.9e-02,8.6e-02,1.0e-03,2.9e-02,global-SPLAGV%DT,CASSPLAGVSDTQYF,TRBV7-6,TRBJ2-3,NA,Donor1:healthy,6.000000,-,-,-,-,-,-,-,-,-,-,-

103,SFLAGG%NE,1.7e-03,1,2,1.1e-07,1.0e+00,7.4e-02,4.9e-02,1.0e-03,2.9e-02,global-SFLAGG%NE,CASSFLAGGFNEQFF,TRBV7-3,TRBJ2-1,NA,Donor1:healthy,1.000000,-,-,-,-,-,-,-,-,-,-,-
103,SFLAGG%NE,1.7e-03,1,2,1.1e-07,1.0e+00,7.4e-02,4.9e-02,1.0e-03,2.9e-02,global-SFLAGG%NE,CASSFLAGGYNEQFF,TRBV7-8,TRBJ2-1,NA,Donor1:healthy,13.000000,-,-,-,-,-,-,-,-,-,-,-

104,SLL%E,2.0e-03,1,2,1.7e-06,1.0e+00,5.9e-02,1.0e+00,1.0e-03,2.9e-02,global-SLL%E,CASSLLNEQFF,TRBV13,TRBJ2-1,NA,Donor1:healthy,1.000000,-,-,-,-,-,-,-,-,-,-,-
104,SLL%E,2.0e-03,1,2,1.7e-06,1.0e+00,5.9e-02,1.0e+00,1.0e-03,2.9e-02,global-SLL%E,CASSLLDEQFF,TRBV11-2,TRBJ2-1,NA,Donor1:healthy,1.000000,-,-,-,-,-,-,-,-,-,-,-

105,S%GTDT,2.3e-03,1,3,2.9e-06,1.0e+00,4.7e-01,1.0e+00,1.0e-03,6.2e-03,global-S%GTDT,CASSLGTDTQYF,TRBV27,TRBJ2-3,NA,Donor1:healthy,1.000000,-,-,-,-,-,-,-,-,-,-,-
105,S%GTDT,2.3e-03,1,3,2.9e-06,1.0e+00,4.7e-01,1.0e+00,1.0e-03,6.2e-03,global-S%GTDT,CASSLGTDTQYF,TRBV5-6,TRBJ2-3,NA,Donor1:healthy,1.000000,-,-,-,-,-,-,-,-,-,-,-
105,S%GTDT,2.3e-03,1,3,2.9e-06,1.0e+00,4.7e-01,1.0e+00,1.0e-03,6.2e-03,global-S%GTDT,CASSFGTDTQYF,TRBV28,TRBJ2-3,NA,Donor1:healthy,1.000000,-,-,-,-,-,-,-,-,-,-,-
105,S%GTDT,2.3e-03,1,3,2.9e-06,1.0e+00,4.7e-01,1.0e+00,1.0e-03,6.2e-03,global-S%GTDT,CASSFGTDTQYF,TRBV7-3,TRBJ2-3,NA,Donor1:healthy,1.000000,-,-,-,-,-,-,-,-,-,-,-
105,S%GTDT,2.3e-03,1,3,2.9e-06,1.0e+00,4.7e-01,1.0e+00,1.0e-03,6.2e-03,global-S%GTDT,CASSIGTDTQYF,TRBV19,TRBJ2-3,NA,Donor1:healthy,1.000000,-,-,-,-,-,-,-,-,-,-,-

106,S%GVYG,2.4e-03,1,2,5.8e-10,1.0e+00,1.0e-03,2.0e-02,1.0e-03,2.9e-02,global-S%GVYG,CASSIGVYGYTF,TRBV19,TRBJ1-2,NA,Donor1:healthy,44.000000,-,-,-,-,-,-,-,-,-,-,-
106,S%GVYG,2.4e-03,1,2,5.8e-10,1.0e+00,1.0e-03,2.0e-02,1.0e-03,2.9e-02,global-S%GVYG,CASSMGVYGYTF,TRBV19,TRBJ1-2,NA,Donor1:healthy,2.000000,-,-,-,-,-,-,-,-,-,-,-

107,SV%GSSYNE,2.4e-03,1,2,1.6e-06,1.0e+00,5.6e-02,1.0e+00,1.0e-03,2.9e-02,global-SV%GSSYNE,CASSVSGSSYNEQFF,TRBV19,TRBJ2-1,NA,Donor1:healthy,1.000000,-,-,-,-,-,-,-,-,-,-,-
107,SV%GSSYNE,2.4e-03,1,2,1.6e-06,1.0e+00,5.6e-02,1.0e+00,1.0e-03,2.9e-02,global-SV%GSSYNE,CASSVTGSSYNEQFF,TRBV6-3,TRBJ2-1,NA,Donor1:healthy,1.000000,-,-,-,-,-,-,-,-,-,-,-

108,VYL,3.0e-03,1,3,9.9e-07,1.0e+00,1.6e-01,1.0e+00,1.0e-03,6.2e-03,motif-VYL,CASSYPPVYLAGWQFRKFF,TRBV6-3,TRBJ2-1,NA,Donor1:healthy,1.000000,-,-,-,-,-,-,-,-,-,-,-
108,VYL,3.0e-03,1,3,9.9e-07,1.0e+00,1.6e-01,1.0e+00,1.0e-03,6.2e-03,motif-VYL,CAISKTSGVYLSGANVLTF,TRBV10-3,TRBJ2-6,NA,Donor1:healthy,1.000000,-,-,-,-,-,-,-,-,-,-,-
108,VYL,3.0e-03,1,3,9.9e-07,1.0e+00,1.6e-01,1.0e+00,1.0e-03,6.2e-03,motif-VYL,CATSREEVYLTASNEKLFF,TRBV15,TRBJ1-4,NA,Donor1:healthy,1.000000,-,-,-,-,-,-,-,-,-,-,-

109,SL%SYG,3.1e-03,1,2,2.3e-06,1.0e+00,7.9e-02,1.0e+00,1.0e-03,2.9e-02,global-SL%SYG,CASSLASYGYTF,TRBV5-5,TRBJ1-2,NA,Donor1:healthy,1.000000,-,-,-,-,-,-,-,-,-,-,-
109,SL%SYG,3.1e-03,1,2,2.3e-06,1.0e+00,7.9e-02,1.0e+00,1.0e-03,2.9e-02,global-SL%SYG,CASSLGSYGYTF,TRBV19,TRBJ1-2,NA,Donor1:healthy,1.000000,-,-,-,-,-,-,-,-,-,-,-

110,S%SGNTGE,3.1e-03,1,2,4.0e-07,1.0e+00,3.5e-01,4.0e-02,1.0e-03,2.9e-02,global-S%SGNTGE,CASSFSGNTGELFF,TRBV12-3,TRBJ2-2,NA,Donor1:healthy,41.000000,-,-,-,-,-,-,-,-,-,-,-
110,S%SGNTGE,3.1e-03,1,2,4.0e-07,1.0e+00,3.5e-01,4.0e-02,1.0e-03,2.9e-02,global-S%SGNTGE,CASSFSGNTGELFF,TRBV12-4,TRBJ2-2,NA,Donor1:healthy,5.000000,-,-,-,-,-,-,-,-,-,-,-
110,S%SGNTGE,3.1e-03,1,2,4.0e-07,1.0e+00,3.5e-01,4.0e-02,1.0e-03,2.9e-02,global-S%SGNTGE,CASSFSGNTGELFF,TRBV12-5,TRBJ2-2,NA,Donor1:healthy,1.000000,-,-,-,-,-,-,-,-,-,-,-
110,S%SGNTGE,3.1e-03,1,2,4.0e-07,1.0e+00,3.5e-01,4.0e-02,1.0e-03,2.9e-02,global-S%SGNTGE,CASSYSGNTGELFF,TRBV6-3,TRBJ2-2,NA,Donor1:healthy,1.000000,-,-,-,-,-,-,-,-,-,-,-

111,RSVY,3.5e-03,1,2,2.9e-04,1.0e+00,6.7e-02,1.0e+00,1.5e-01,2.9e-02,motif-RSVY,CASSARSVYEQYF,TRBV6-1,TRBJ2-7,NA,Donor1:healthy,1.000000,-,-,-,-,-,-,-,-,-,-,-
111,RSVY,3.5e-03,1,2,2.9e-04,1.0e+00,6.7e-02,1.0e+00,1.5e-01,2.9e-02,motif-RSVY,CASSLRSVYNEQFF,TRBV27,TRBJ2-1,NA,Donor1:healthy,1.000000,-,-,-,-,-,-,-,-,-,-,-

112,SLD%YNE,4.8e-03,1,2,1.6e-06,1.0e+00,5.4e-02,1.0e+00,1.0e-03,2.9e-02,global-SLD%YNE,CASSLDSYNEQFF,TRBV27,TRBJ2-1,NA,Donor1:healthy,1.000000,-,-,-,-,-,-,-,-,-,-,-
112,SLD%YNE,4.8e-03,1,2,1.6e-06,1.0e+00,5.4e-02,1.0e+00,1.0e-03,2.9e-02,global-SLD%YNE,CASSLDAYNEQFF,TRBV5-1,TRBJ2-1,NA,Donor1:healthy,1.000000,-,-,-,-,-,-,-,-,-,-,-

113,SPPG%E,5.3e-03,1,2,2.0e-06,1.0e+00,6.9e-02,1.0e+00,1.0e-03,2.9e-02,global-SPPG%E,CASSPPGEEAFF,TRBV4-2,TRBJ1-1,NA,Donor1:healthy,1.000000,-,-,-,-,-,-,-,-,-,-,-
113,SPPG%E,5.3e-03,1,2,2.0e-06,1.0e+00,6.9e-02,1.0e+00,1.0e-03,2.9e-02,global-SPPG%E,CASSPPGDEQYF,TRBV7-9,TRBJ2-7,NA,Donor1:healthy,1.000000,-,-,-,-,-,-,-,-,-,-,-

114,S%GGGG,6.3e-03,1,2,2.0e-06,1.0e+00,7.0e-02,1.0e+00,1.0e-03,2.9e-02,global-S%GGGG,CASSAGGGGQYF,TRBV27,TRBJ2-3,NA,Donor1:healthy,1.000000,-,-,-,-,-,-,-,-,-,-,-
114,S%GGGG,6.3e-03,1,2,2.0e-06,1.0e+00,7.0e-02,1.0e+00,1.0e-03,2.9e-02,global-S%GGGG,CASSSGGGGQFF,TRBV19,TRBJ2-1,NA,Donor1:healthy,1.000000,-,-,-,-,-,-,-,-,-,-,-

115,S%GAYG,7.5e-03,1,2,1.4e-09,1.0e+00,1.0e-03,4.7e-02,1.0e-03,2.9e-02,global-S%GAYG,CASSAGAYGYTF,TRBV19,TRBJ1-2,NA,Donor1:healthy,12.000000,-,-,-,-,-,-,-,-,-,-,-
115,S%GAYG,7.5e-03,1,2,1.4e-09,1.0e+00,1.0e-03,4.7e-02,1.0e-03,2.9e-02,global-S%GAYG,CASSTGAYGYTF,TRBV19,TRBJ1-2,NA,Donor1:healthy,1.000000,-,-,-,-,-,-,-,-,-,-,-

116,S%GGTDT,1.0e-02,1,2,5.3e-06,1.0e+00,1.8e-01,1.0e+00,1.0e-03,2.9e-02,global-S%GGTDT,CASSLGGTDTQYF,TRBV6-5,TRBJ2-3,NA,Donor1:healthy,1.000000,-,-,-,-,-,-,-,-,-,-,-
116,S%GGTDT,1.0e-02,1,2,5.3e-06,1.0e+00,1.8e-01,1.0e+00,1.0e-03,2.9e-02,global-S%GGTDT,CASSVGGTDTQYF,TRBV6-1,TRBJ2-3,NA,Donor1:healthy,1.000000,-,-,-,-,-,-,-,-,-,-,-
116,S%GGTDT,1.0e-02,1,2,5.3e-06,1.0e+00,1.8e-01,1.0e+00,1.0e-03,2.9e-02,global-S%GGTDT,CASSVGGTDTQYF,TRBV9,TRBJ2-3,NA,Donor1:healthy,1.000000,-,-,-,-,-,-,-,-,-,-,-

117,S%SGSSYNE,1.1e-02,1,2,2.9e-08,1.0e+00,1.0e-03,1.0e+00,1.0e-03,2.9e-02,global-S%SGSSYNE,CASSISGSSYNEQFF,TRBV19,TRBJ2-1,NA,Donor1:healthy,1.000000,-,-,-,-,-,-,-,-,-,-,-
117,S%SGSSYNE,1.1e-02,1,2,2.9e-08,1.0e+00,1.0e-03,1.0e+00,1.0e-03,2.9e-02,global-S%SGSSYNE,CASSVSGSSYNEQFF,TRBV19,TRBJ2-1,NA,Donor1:healthy,1.000000,-,-,-,-,-,-,-,-,-,-,-

118,SLGG%NE,1.3e-02,1,2,1.6e-07,1.0e+00,6.5e-02,8.6e-02,1.0e-03,2.9e-02,global-SLGG%NE,CASSLGGNNEQFF,TRBV7-8,TRBJ2-1,NA,Donor1:healthy,5.000000,-,-,-,-,-,-,-,-,-,-,-
118,SLGG%NE,1.3e-02,1,2,1.6e-07,1.0e+00,6.5e-02,8.6e-02,1.0e-03,2.9e-02,global-SLGG%NE,CASSLGGTNEQFF,TRBV4-1,TRBJ2-1,NA,Donor1:healthy,2.000000,-,-,-,-,-,-,-,-,-,-,-

119,SLGR%YE,1.3e-02,1,2,1.7e-06,1.0e+00,5.9e-02,1.0e+00,1.0e-03,2.9e-02,global-SLGR%YE,CSASLGRGYEQYF,TRBV20-1,TRBJ2-7,NA,Donor1:healthy,1.000000,-,-,-,-,-,-,-,-,-,-,-
119,SLGR%YE,1.3e-02,1,2,1.7e-06,1.0e+00,5.9e-02,1.0e+00,1.0e-03,2.9e-02,global-SLGR%YE,CASSLGRAYEQYF,TRBV7-2,TRBJ2-7,NA,Donor1:healthy,1.000000,-,-,-,-,-,-,-,-,-,-,-

120,WYS,1.3e-02,1,2,3.3e-04,1.0e+00,6.8e-02,1.0e+00,1.7e-01,2.9e-02,motif-WYS,CASSSLHRWYSPLHF,TRBV7-9,TRBJ1-6,NA,Donor1:healthy,1.000000,-,-,-,-,-,-,-,-,-,-,-
120,WYS,1.3e-02,1,2,3.3e-04,1.0e+00,6.8e-02,1.0e+00,1.7e-01,2.9e-02,motif-WYS,CASSLGTVWYSNQPQHF,TRBV12-4,TRBJ1-5,NA,Donor1:healthy,1.000000,-,-,-,-,-,-,-,-,-,-,-

121,LSGW,1.3e-02,1,2,5.1e-06,1.0e+00,1.0e-03,1.0e+00,1.7e-01,2.9e-02,motif-LSGW,CASSLSGWSGTGELFF,TRBV27,TRBJ2-2,NA,Donor1:healthy,1.000000,-,-,-,-,-,-,-,-,-,-,-
121,LSGW,1.3e-02,1,2,5.1e-06,1.0e+00,1.0e-03,1.0e+00,1.7e-01,2.9e-02,motif-LSGW,CASSLSGWTYEQYF,TRBV27,TRBJ2-7,NA,Donor1:healthy,1.000000,-,-,-,-,-,-,-,-,-,-,-

127,single,1.0e+00,1,1,4.8e-05,1.0e+00,5.0e-02,1.0e+00,1.0e-03,9.5e-01,global-SLGGLGQP,CASSLGGLGQPQHF,TRBV12-4,TRBJ1-5,NA,Donor1:healthy,1.000000,-,-,-,-,-,-,-,-,-,-,-
127,single,1.0e+00,1,1,4.8e-05,1.0e+00,5.0e-02,1.0e+00,1.0e-03,9.5e-01,global-SLGGLGQP,CASSLGGLGQPQHF,TRBV5-8,TRBJ1-5,NA,Donor1:healthy,1.000000,-,-,-,-,-,-,-,-,-,-,-

160,single,1.0e+00,1,1,2.0e-04,1.0e+00,2.1e-01,1.0e+00,1.0e-03,9.5e-01,global-SLTGGSYE,CASSLTGGSYEQYF,TRBV27,TRBJ2-7,NA,Donor1:healthy,1.000000,-,-,-,-,-,-,-,-,-,-,-
160,single,1.0e+00,1,1,2.0e-04,1.0e+00,2.1e-01,1.0e+00,1.0e-03,9.5e-01,global-SLTGGSYE,CASSLTGGSYEQYF,TRBV4-3,TRBJ2-7,NA,Donor1:healthy,1.000000,-,-,-,-,-,-,-,-,-,-,-
160,single,1.0e+00,1,1,2.0e-04,1.0e+00,2.1e-01,1.0e+00,1.0e-03,9.5e-01,global-SLTGGSYE,CASSLTGGSYEQYF,TRBV5-6,TRBJ2-7,NA,Donor1:healthy,1.000000,-,-,-,-,-,-,-,-,-,-,-

347,single,1.0e+00,1,1,1.4e-05,1.0e+00,6.3e-02,2.3e-01,1.0e-03,9.5e-01,global-SFLDRGPNTE,CASSFLDRGPNTEAFF,TRBV12-3,TRBJ1-1,NA,Donor1:healthy,2.000000,-,-,-,-,-,-,-,-,-,-,-
347,single,1.0e+00,1,1,1.4e-05,1.0e+00,6.3e-02,2.3e-01,1.0e-03,9.5e-01,global-SFLDRGPNTE,CASSFLDRGPNTEAFF,TRBV12-4,TRBJ1-1,NA,Donor1:healthy,1.000000,-,-,-,-,-,-,-,-,-,-,-

361,single,1.0e+00,1,1,6.1e-05,1.0e+00,6.4e-02,1.0e+00,1.0e-03,9.5e-01,global-SLAGDSYE,CASSLAGDSYEQYF,TRBV7-2,TRBJ2-7,NA,Donor1:healthy,1.000000,-,-,-,-,-,-,-,-,-,-,-
361,single,1.0e+00,1,1,6.1e-05,1.0e+00,6.4e-02,1.0e+00,1.0e-03,9.5e-01,global-SLAGDSYE,CASSLAGDSYEQYF,TRBV7-9,TRBJ2-7,NA,Donor1:healthy,1.000000,-,-,-,-,-,-,-,-,-,-,-

429,single,1.0e+00,1,1,4.3e-06,1.0e+00,7.6e-02,5.9e-02,1.0e-03,9.5e-01,global-SSTGGGEKDQP,CASSSTGGGEKDQPQHF,TRBV5-4,TRBJ1-5,NA,Donor1:healthy,11.000000,-,-,-,-,-,-,-,-,-,-,-
429,single,1.0e+00,1,1,4.3e-06,1.0e+00,7.6e-02,5.9e-02,1.0e-03,9.5e-01,global-SSTGGGEKDQP,CASSSTGGGEKDQPQHF,TRBV5-6,TRBJ1-5,NA,Donor1:healthy,2.000000,-,-,-,-,-,-,-,-,-,-,-

430,single,1.0e+00,1,1,7.2e-08,1.0e+00,7.5e-02,1.0e-03,1.0e-03,9.5e-01,global-SWGGGSHYG,CASSWGGGSHYGYTF,TRBV11-2,TRBJ1-2,NA,Donor1:healthy,3715.000000,-,-,-,-,-,-,-,-,-,-,-
430,single,1.0e+00,1,1,7.2e-08,1.0e+00,7.5e-02,1.0e-03,1.0e-03,9.5e-01,global-SWGGGSHYG,CASSWGGGSHYGYTF,TRBV7-2,TRBJ1-2,NA,Donor1:healthy,2.000000,-,-,-,-,-,-,-,-,-,-,-

884,single,1.0e+00,1,1,3.3e-04,1.0e+00,3.5e-01,1.0e+00,1.0e-03,9.5e-01,global-SYSYE,CASSYSYEQYF,TRBV11-2,TRBJ2-7,NA,Donor1:healthy,1.000000,-,-,-,-,-,-,-,-,-,-,-
884,single,1.0e+00,1,1,3.3e-04,1.0e+00,3.5e-01,1.0e+00,1.0e-03,9.5e-01,global-SYSYE,CASSYSYEQYF,TRBV6-3,TRBJ2-7,NA,Donor1:healthy,1.000000,-,-,-,-,-,-,-,-,-,-,-
884,single,1.0e+00,1,1,3.3e-04,1.0e+00,3.5e-01,1.0e+00,1.0e-03,9.5e-01,global-SYSYE,CASSYSYEQYF,TRBV6-6,TRBJ2-7,NA,Donor1:healthy,1.000000,-,-,-,-,-,-,-,-,-,-,-
884,single,1.0e+00,1,1,3.3e-04,1.0e+00,3.5e-01,1.0e+00,1.0e-03,9.5e-01,global-SYSYE,CASSYSYEQYF,TRBV7-2,TRBJ2-7,NA,Donor1:healthy,1.000000,-,-,-,-,-,-,-,-,-,-,-

1033,single,1.0e+00,1,1,9.2e-08,1.0e+00,1.0e-03,9.6e-02,1.0e-03,9.5e-01,global-SQSPGGT,CASSQSPGGTQYF,TRBV14,TRBJ2-3,NA,Donor1:healthy,1.000000,-,-,-,-,-,-,-,-,-,-,-
1033,single,1.0e+00,1,1,9.2e-08,1.0e+00,1.0e-03,9.6e-02,1.0e-03,9.5e-01,global-SQSPGGT,CASSQSPGGTQYF,TRBV14,TRBJ2-5,NA,Donor1:healthy,5.000000,-,-,-,-,-,-,-,-,-,-,-

1067,single,1.0e+00,1,1,5.5e-05,1.0e+00,5.8e-02,1.0e+00,1.0e-03,9.5e-01,global-SLGSGGTDT,CASSLGSGGTDTQYF,TRBV11-2,TRBJ2-3,NA,Donor1:healthy,1.000000,-,-,-,-,-,-,-,-,-,-,-
1067,single,1.0e+00,1,1,5.5e-05,1.0e+00,5.8e-02,1.0e+00,1.0e-03,9.5e-01,global-SLGSGGTDT,CASSLGSGGTDTQYF,TRBV7-2,TRBJ2-3,NA,Donor1:healthy,1.000000,-,-,-,-,-,-,-,-,-,-,-

1152,single,1.0e+00,1,1,1.1e-05,1.0e+00,7.2e-02,1.5e-01,1.0e-03,9.5e-01,global-SFGTGGYE,CASSFGTGGYEQYF,TRBV11-2,TRBJ2-7,NA,Donor1:healthy,3.000000,-,-,-,-,-,-,-,-,-,-,-
1152,single,1.0e+00,1,1,1.1e-05,1.0e+00,7.2e-02,1.5e-01,1.0e-03,9.5e-01,global-SFGTGGYE,CASSFGTGGYEQYF,TRBV12-4,TRBJ2-7,NA,Donor1:healthy,1.000000,-,-,-,-,-,-,-,-,-,-,-

1188,single,1.0e+00,1,1,3.4e-04,1.0e+00,3.5e-01,1.0e+00,1.0e-03,9.5e-01,global-SLGSYE,CASSLGSYEQYF,TRBV13,TRBJ2-7,NA,Donor1:healthy,1.000000,-,-,-,-,-,-,-,-,-,-,-
1188,single,1.0e+00,1,1,3.4e-04,1.0e+00,3.5e-01,1.0e+00,1.0e-03,9.5e-01,global-SLGSYE,CASSLGSYEQYF,TRBV5-4,TRBJ2-7,NA,Donor1:healthy,1.000000,-,-,-,-,-,-,-,-,-,-,-
1188,single,1.0e+00,1,1,3.4e-04,1.0e+00,3.5e-01,1.0e+00,1.0e-03,9.5e-01,global-SLGSYE,CASSLGSYEQYF,TRBV5-6,TRBJ2-7,NA,Donor1:healthy,1.000000,-,-,-,-,-,-,-,-,-,-,-
1188,single,1.0e+00,1,1,3.4e-04,1.0e+00,3.5e-01,1.0e+00,1.0e-03,9.5e-01,global-SLGSYE,CASSLGSYEQYF,TRBV7-9,TRBJ2-7,NA,Donor1:healthy,1.000000,-,-,-,-,-,-,-,-,-,-,-

1230,single,1.0e+00,1,1,2.0e-07,1.0e+00,7.1e-02,3.0e-03,1.0e-03,9.5e-01,global-SPRDRERGE,CASSPRDRERGEQYF,TRBV11-2,TRBJ2-7,NA,Donor1:healthy,2.000000,-,-,-,-,-,-,-,-,-,-,-
1230,single,1.0e+00,1,1,2.0e-07,1.0e+00,7.1e-02,3.0e-03,1.0e-03,9.5e-01,global-SPRDRERGE,CASSPRDRERGEQYF,TRBV7-2,TRBJ2-7,NA,Donor1:healthy,534.000000,-,-,-,-,-,-,-,-,-,-,-

1265,single,1.0e+00,1,1,6.7e-05,1.0e+00,7.0e-02,1.0e+00,1.0e-03,9.5e-01,global-SLAGTGE,CASSLAGTGELFF,TRBV5-6,TRBJ2-2,NA,Donor1:healthy,1.000000,-,-,-,-,-,-,-,-,-,-,-
1265,single,1.0e+00,1,1,6.7e-05,1.0e+00,7.0e-02,1.0e+00,1.0e-03,9.5e-01,global-SLAGTGE,CASSLAGTGELFF,TRBV7-2,TRBJ2-2,NA,Donor1:healthy,1.000000,-,-,-,-,-,-,-,-,-,-,-

1498,single,1.0e+00,1,1,5.8e-05,1.0e+00,6.1e-02,1.0e+00,1.0e-03,9.5e-01,global-SLVGGQET,CASSLVGGQETQYF,TRBV5-4,TRBJ2-5,NA,Donor1:healthy,1.000000,-,-,-,-,-,-,-,-,-,-,-
1498,single,1.0e+00,1,1,5.8e-05,1.0e+00,6.1e-02,1.0e+00,1.0e-03,9.5e-01,global-SLVGGQET,CASSLVGGQETQYF,TRBV7-9,TRBJ2-5,NA,Donor1:healthy,1.000000,-,-,-,-,-,-,-,-,-,-,-

1622,single,1.0e+00,1,1,1.9e-04,1.0e+00,1.9e-01,1.0e+00,1.0e-03,9.5e-01,global-SLAPYE,CASSLAPYEQYF,TRBV11-2,TRBJ2-7,NA,Donor1:healthy,1.000000,-,-,-,-,-,-,-,-,-,-,-
1622,single,1.0e+00,1,1,1.9e-04,1.0e+00,1.9e-01,1.0e+00,1.0e-03,9.5e-01,global-SLAPYE,CASSLAPYEQYF,TRBV7-8,TRBJ2-7,NA,Donor1:healthy,1.000000,-,-,-,-,-,-,-,-,-,-,-
1622,single,1.0e+00,1,1,1.9e-04,1.0e+00,1.9e-01,1.0e+00,1.0e-03,9.5e-01,global-SLAPYE,CASSLAPYEQYF,TRBV7-9,TRBJ2-7,NA,Donor1:healthy,1.000000,-,-,-,-,-,-,-,-,-,-,-

1761,single,1.0e+00,1,1,4.3e-05,1.0e+00,4.5e-02,1.0e+00,1.0e-03,9.5e-01,global-SQEEGADTE,CASSQEEGADTEAFF,TRBV13,TRBJ1-1,NA,Donor1:healthy,1.000000,-,-,-,-,-,-,-,-,-,-,-
1761,single,1.0e+00,1,1,4.3e-05,1.0e+00,4.5e-02,1.0e+00,1.0e-03,9.5e-01,global-SQEEGADTE,CASSQEEGADTEAFF,TRBV4-2,TRBJ1-1,NA,Donor1:healthy,1.000000,-,-,-,-,-,-,-,-,-,-,-

1762,single,1.0e+00,1,1,5.5e-05,1.0e+00,5.8e-02,1.0e+00,1.0e-03,9.5e-01,global-SPGTLAGE,CASSPGTLAGELFF,TRBV18,TRBJ2-2,NA,Donor1:healthy,1.000000,-,-,-,-,-,-,-,-,-,-,-
1762,single,1.0e+00,1,1,5.5e-05,1.0e+00,5.8e-02,1.0e+00,1.0e-03,9.5e-01,global-SPGTLAGE,CASSPGTLAGELFF,TRBV9,TRBJ2-2,NA,Donor1:healthy,1.000000,-,-,-,-,-,-,-,-,-,-,-

1816,single,1.0e+00,1,1,1.0e-05,1.0e+00,7.0e-02,1.5e-01,1.0e-03,9.5e-01,global-SLGGNE,CASSLGGNEQFF,TRBV12-4,TRBJ2-1,NA,Donor1:healthy,1.000000,-,-,-,-,-,-,-,-,-,-,-
1816,single,1.0e+00,1,1,1.0e-05,1.0e+00,7.0e-02,1.5e-01,1.0e-03,9.5e-01,global-SLGGNE,CASSLGGNEQFF,TRBV7-9,TRBJ2-1,NA,Donor1:healthy,3.000000,-,-,-,-,-,-,-,-,-,-,-

1836,single,1.0e+00,1,1,4.5e-07,1.0e+00,7.9e-02,6.0e-03,1.0e-03,9.5e-01,global-RPQQGHNSP,CASRPQQGHNSPLHF,TRBV10-3,TRBJ1-6,NA,Donor1:healthy,1.000000,-,-,-,-,-,-,-,-,-,-,-
1836,single,1.0e+00,1,1,4.5e-07,1.0e+00,7.9e-02,6.0e-03,1.0e-03,9.5e-01,global-RPQQGHNSP,CASRPQQGHNSPLHF,TRBV28,TRBJ1-6,NA,Donor1:healthy,103.000000,-,-,-,-,-,-,-,-,-,-,-

1915,single,1.0e+00,1,1,5.4e-05,1.0e+00,5.7e-02,1.0e+00,1.0e-03,9.5e-01,global-SLLAGGQET,CASSLLAGGQETQYF,TRBV6-3,TRBJ2-5,NA,Donor1:healthy,1.000000,-,-,-,-,-,-,-,-,-,-,-
1915,single,1.0e+00,1,1,5.4e-05,1.0e+00,5.7e-02,1.0e+00,1.0e-03,9.5e-01,global-SLLAGGQET,CASSLLAGGQETQYF,TRBV6-5,TRBJ2-5,NA,Donor1:healthy,1.000000,-,-,-,-,-,-,-,-,-,-,-

1947,single,1.0e+00,1,1,6.6e-05,1.0e+00,6.9e-02,1.0e+00,1.0e-03,9.5e-01,global-SLLGSSYNE,CASSLLGSSYNEQFF,TRBV27,TRBJ2-1,NA,Donor1:healthy,1.000000,-,-,-,-,-,-,-,-,-,-,-
1947,single,1.0e+00,1,1,6.6e-05,1.0e+00,6.9e-02,1.0e+00,1.0e-03,9.5e-01,global-SLLGSSYNE,CASSLLGSSYNEQFF,TRBV28,TRBJ2-1,NA,Donor1:healthy,1.000000,-,-,-,-,-,-,-,-,-,-,-

1988,single,1.0e+00,1,1,1.4e-05,1.0e+00,5.9e-02,2.5e-01,1.0e-03,9.5e-01,global-SLDSNSP,CASSLDSNSPLHF,TRBV11-2,TRBJ1-6,NA,Donor1:healthy,2.000000,-,-,-,-,-,-,-,-,-,-,-
1988,single,1.0e+00,1,1,1.4e-05,1.0e+00,5.9e-02,2.5e-01,1.0e-03,9.5e-01,global-SLDSNSP,CASSLDSNSPLHF,TRBV27,TRBJ1-6,NA,Donor1:healthy,1.000000,-,-,-,-,-,-,-,-,-,-,-

1989,single,1.0e+00,1,1,6.2e-05,1.0e+00,6.5e-02,1.0e+00,1.0e-03,9.5e-01,global-SPPGGNE,CASSPPGGNEQFF,TRBV2,TRBJ2-1,NA,Donor1:healthy,1.000000,-,-,-,-,-,-,-,-,-,-,-
1989,single,1.0e+00,1,1,6.2e-05,1.0e+00,6.5e-02,1.0e+00,1.0e-03,9.5e-01,global-SPPGGNE,CASSPPGGNEQFF,TRBV7-8,TRBJ2-1,NA,Donor1:healthy,1.000000,-,-,-,-,-,-,-,-,-,-,-

2066,single,1.0e+00,1,1,5.9e-05,1.0e+00,6.2e-02,1.0e+00,1.0e-03,9.5e-01,global-SLEGQLFYE,CASSLEGQLFYEQYF,TRBV11-2,TRBJ2-7,NA,Donor1:healthy,1.000000,-,-,-,-,-,-,-,-,-,-,-
2066,single,1.0e+00,1,1,5.9e-05,1.0e+00,6.2e-02,1.0e+00,1.0e-03,9.5e-01,global-SLEGQLFYE,CASSLEGQLFYEQYF,TRBV7-2,TRBJ2-7,NA,Donor1:healthy,1.000000,-,-,-,-,-,-,-,-,-,-,-

2091,single,1.0e+00,1,1,2.8e-05,1.0e+00,1.9e-01,1.6e-01,1.0e-03,9.5e-01,global-SPGDT,CASSPGDTQYF,TRBV18,TRBJ2-3,NA,Donor1:healthy,1.000000,-,-,-,-,-,-,-,-,-,-,-
2091,single,1.0e+00,1,1,2.8e-05,1.0e+00,1.9e-01,1.6e-01,1.0e-03,9.5e-01,global-SPGDT,CASSPGDTQYF,TRBV3-1,TRBJ2-3,NA,Donor1:healthy,1.000000,-,-,-,-,-,-,-,-,-,-,-
2091,single,1.0e+00,1,1,2.8e-05,1.0e+00,1.9e-01,1.6e-01,1.0e-03,9.5e-01,global-SPGDT,CASSPGDTQYF,TRBV6-5,TRBJ2-3,NA,Donor1:healthy,5.000000,-,-,-,-,-,-,-,-,-,-,-

2123,single,1.0e+00,1,1,1.2e-05,1.0e+00,8.0e-02,1.6e-01,1.0e-03,9.5e-01,global-SLQGGNE,CASSLQGGNEQFF,TRBV27,TRBJ2-1,NA,Donor1:healthy,1.000000,-,-,-,-,-,-,-,-,-,-,-
2123,single,1.0e+00,1,1,1.2e-05,1.0e+00,8.0e-02,1.6e-01,1.0e-03,9.5e-01,global-SLQGGNE,CASSLQGGNEQFF,TRBV6-5,TRBJ2-1,NA,Donor1:healthy,3.000000,-,-,-,-,-,-,-,-,-,-,-

2400,single,1.0e+00,1,1,6.3e-05,1.0e+00,6.6e-02,1.0e+00,1.0e-03,9.5e-01,global-SLYTDT,CASSLYTDTQYF,TRBV2,TRBJ2-3,NA,Donor1:healthy,1.000000,-,-,-,-,-,-,-,-,-,-,-
2400,single,1.0e+00,1,1,6.3e-05,1.0e+00,6.6e-02,1.0e+00,1.0e-03,9.5e-01,global-SLYTDT,CASSLYTDTQYF,TRBV7-2,TRBJ2-3,NA,Donor1:healthy,1.000000,-,-,-,-,-,-,-,-,-,-,-

2431,single,1.0e+00,1,1,6.5e-05,1.0e+00,6.8e-02,1.0e+00,1.0e-03,9.5e-01,global-SAGGSNE,CASSAGGSNEQFF,TRBV6-3,TRBJ2-1,NA,Donor1:healthy,1.000000,-,-,-,-,-,-,-,-,-,-,-
2431,single,1.0e+00,1,1,6.5e-05,1.0e+00,6.8e-02,1.0e+00,1.0e-03,9.5e-01,global-SAGGSNE,CASSAGGSNEQFF,TRBV7-9,TRBJ2-1,NA,Donor1:healthy,1.000000,-,-,-,-,-,-,-,-,-,-,-

2471,single,1.0e+00,1,1,6.5e-05,1.0e+00,6.8e-02,1.0e+00,1.0e-03,9.5e-01,global-SLDGSNQP,CASSLDGSNQPQHF,TRBV5-1,TRBJ1-5,NA,Donor1:healthy,1.000000,-,-,-,-,-,-,-,-,-,-,-
2471,single,1.0e+00,1,1,6.5e-05,1.0e+00,6.8e-02,1.0e+00,1.0e-03,9.5e-01,global-SLDGSNQP,CASSLDGSNQPQHF,TRBV7-9,TRBJ1-5,NA,Donor1:healthy,1.000000,-,-,-,-,-,-,-,-,-,-,-

2683,single,1.0e+00,1,1,6.9e-05,1.0e+00,7.2e-02,1.0e+00,1.0e-03,9.5e-01,global-SYGGGTE,CASSYGGGTEAFF,TRBV6-3,TRBJ1-1,NA,Donor1:healthy,1.000000,-,-,-,-,-,-,-,-,-,-,-
2683,single,1.0e+00,1,1,6.9e-05,1.0e+00,7.2e-02,1.0e+00,1.0e-03,9.5e-01,global-SYGGGTE,CASSYGGGTEAFF,TRBV6-5,TRBJ1-1,NA,Donor1:healthy,1.000000,-,-,-,-,-,-,-,-,-,-,-

2715,single,1.0e+00,1,1,1.3e-05,1.0e+00,1.9e-01,6.9e-02,1.0e-03,9.5e-01,global-SLGVAGTNTGE,CASSLGVAGTNTGELFF,TRBV11-2,TRBJ2-2,NA,Donor1:healthy,12.000000,-,-,-,-,-,-,-,-,-,-,-
2715,single,1.0e+00,1,1,1.3e-05,1.0e+00,1.9e-01,6.9e-02,1.0e-03,9.5e-01,global-SLGVAGTNTGE,CASSLGVAGTNTGELFF,TRBV11-3,TRBJ2-2,NA,Donor1:healthy,2.000000,-,-,-,-,-,-,-,-,-,-,-
2715,single,1.0e+00,1,1,1.3e-05,1.0e+00,1.9e-01,6.9e-02,1.0e-03,9.5e-01,global-SLGVAGTNTGE,CASSLGVAGTNTGELFF,TRBV7-2,TRBJ2-2,NA,Donor1:healthy,2.000000,-,-,-,-,-,-,-,-,-,-,-

