CDR3	clusters	size
CASSTGDSNQPQHF	1	7
CAINTGDSNQPQHF	1	7
CASTGGNQPQHF	2	13
CASAPGPGYEQYF	3	379
CASGGNEQFF	4	16
CASGWNEQFF	4	16
CASGYNEQFF	4	16
CASGTGGAYEQYF	5	2
CASMGTDTQYF	6	2
CASSIGQGYEQYF	3	379
CASRTGVNTEAFF	7	167
CASSTGVNTEAFF	7	167
CASNLGPYEQYF	8	2
CASSSGGNTIYF	9	7
CASSAGGSYEQYF	3	379
CASRDRGMNEQYF	10	2
CASRPTGEGYEQYF	11	2
CASRETGSYEQYF	12	2
CASMGAGELFF	13	2
CASTGLETQYF	14	2
CASRSSYEQYF	15	181
CASSLGQGTYEQYF	16	222
CASSLLNEQFF	15	181
CASRPGNTEAFF	17	69
CASRPGTGVYEQYF	18	2
CASSPTGLGQPQHF	19	18
CASRDSNQPQHF	20	3
CASRHSNQPQHF	20	3
CASRRQGEEKLFF	21	3
CASRRQGGEKLFF	21	3
CASSAGSPSYEQYF	22	2
CASSAGSYGYTF	23	43
CASSIGAYGYTF	23	43
CASSMGAYGYTF	23	43
CASSQGAYGYTF	23	43
CASSTGAYGYTF	23	43
CASSWGAYGYTF	23	43
CASSFGAYGYTF	23	43
CASSLGGNGYTF	24	7
CASSIGSGEAFF	25	2
CASSLGSGNYGYTF	26	9
CASSAGAYGYTF	23	43
CASSFGSYGYTF	23	43
CASSIGSYGYTF	23	43
CASSLGSYGYTF	23	43
CASSMGSYGYTF	23	43
CASSQGSYGYTF	23	43
CASSTGSYGYTF	23	43
CASSVGSYGYTF	23	43
CASSAGQGVYGYTF	27	25
CASSAGTGAYGYTF	27	25
CASSTGTGVYGYTF	27	25
CASSASTSGQETQYF	28	3
CASSPLAGGGNEQFF	29	6
CASSAPGTGDYEQYF	30	3
CASSAPGTGFYEQYF	30	3
CASSARSSYEQYF	3	379
CASSARSSTEQYF	3	379
CASSARSVYEQYF	3	379
CASSFRSSYEQYF	3	379
CASSHRSSYEQYF	3	379
CASSIRSSYEQYF	3	379
CASSLRSSYEQYF	3	379
CASSMRSSYEQYF	3	379
CASSQRSSYEQYF	3	379
CASSSRSSYEQYF	3	379
CASSTRSSYEQYF	3	379
CASSVRSSYEQYF	3	379
CASSWRSSYEQYF	3	379
CASSAGSSYEQYF	3	379
CASSGRSTGELFF	31	19
CASSIRSTGELFF	31	19
CASSKRSTGELFF	31	19
CASSMRSTGELFF	31	19
CASSQRSTGELFF	31	19
CASSSRSTGELFF	31	19
CASSTRSTGELFF	31	19
CASSVRSTGELFF	31	19
CASSYSYEQYF	15	181
CALSASYEQYF	15	181
CASSDSYEQYF	15	181
CASSLSYEQYF	15	181
CASSPSYEQYF	15	181
CASSFSYEQYF	15	181
CASSESYEQYF	15	181
CASSSSYEQYF	15	181
CASSANYEQYF	15	181
CASSATVIPDTQYF	32	2
CASSPGGGGTEAFF	33	86
CASSEGGGGTEAFF	33	86
CASSDGRGGTEAFF	33	86
CASSLGGLGQPQHF	19	18
CASSIRSNQPQHF	34	49
CASSIRSNTEAFF	35	6
CASSPGDTQYF	15	181
CASSEGATQYF	15	181
CASSLGDTQYF	15	181
CASSEGDEQYF	15	181
CASSYGGEQYF	15	181
CASSGGGEQYF	15	181
CASSEGVEQYF	15	181
CASSQGGEQYF	15	181
CAISEGGEQYF	15	181
CASSLGGEQYF	15	181
CASSLGSSYEQYF	3	379
CASSEGPSYEQYF	3	379
CASSEGGGYTF	36	6
CASSEGNGYTF	36	6
CASSEAGGRETQYF	37	3
CASSLQGNYGYTF	38	66
CASSLRDRGYEQYF	39	8
CASSEAGYNEQFF	40	64
CASSETGYNEQFF	40	64
CASSFQGSYEQYF	3	379
CASSLAGSYEQYF	3	379
CASSFASSYEQYF	3	379
CASSFRGSYEQYF	3	379
CASSPAVSTDTQYF	41	2
CASSFTSSYEQYF	3	379
CASSSDSSYEQYF	3	379
CASSFLSSYEQYF	3	379
CASSQDSSYEQYF	3	379
CASSPDSSYEQYF	3	379
CASSLGGAETQYF	42	30
CASSFGGVETQYF	42	30
CASSFGGGETQYF	42	30
CASSFTGAETQYF	42	30
CASSLGGGTGELFF	43	20
CASSFLGGTGELFF	43	20
CASSAGGGTGELFF	43	20
CASSFGGATGELFF	43	20
CASSFGGDYGYTF	38	66
CASSFGGLYGYTF	38	66
CASSFGGRRTEAFF	33	86
CASSWGGRNTEAFF	33	86
CASSLGGRNTEAFF	33	86
CASSFGGLNTEAFF	33	86
CASSPGGRNTEAFF	33	86
CASSFGGRNTEAFF	33	86
CASSLGGYEQYF	44	277
CASSRGGYEQYF	44	277
CASSPGGYEQYF	44	277
CASSFIGYEQYF	44	277
CASSFGSYEQYF	44	277
CASSFEGYEQYF	44	277
CASSTGGYEQYF	44	277
CASSFGTYEQYF	44	277
CASSFGPSYEQYF	3	379
CASSFGQGGEKLFF	45	3
CASSPGQGANTEAFF	46	2
CASSFGQGAEKLFF	45	3
CASSFGQTGEKLFF	45	3
CASSFGQYTEAFF	7	167
CASSQGQNTEAFF	7	167
CASSLGQNTEAFF	7	167
CASSFGMNTEAFF	7	167
CASSFGQDYGYTF	38	66
CASSPGRDYGYTF	38	66
CASSFGTPYNEQFF	47	2
CASSIGTDTQYF	48	77
CASSLGTDTQYF	48	77
CASSYGTDTQYF	48	77
CASSSGTDTQYF	48	77
CASSGGTDTQYF	48	77
CASSFITDTQYF	48	77
CASSHGTDTQYF	48	77
CASSVGTGGYEQYF	16	222
CASSFGTGGREQYF	16	222
CASSLGTGGYEQYF	16	222
CASSFGTSGYEQYF	16	222
CASSFGTGDYEQYF	16	222
CASSFGTGYYEQYF	16	222
CASSIGTGGYEQYF	16	222
CASSPGTGGYEQYF	16	222
CASSFLAGGYNEQFF	49	2
CASSFIAGGPYNEQFF	50	2
CASSFLAGGFNEQFF	49	2
CASSFWTGNTEAFF	51	5
CASSFVTGNTEAFF	51	5
CASSQQGGYEQYF	3	379
CASSLQGGYEQYF	3	379
CASSRQGGYEQYF	3	379
CASSFQGLSYEQYF	52	2
CASSPRLAGTGELFF	53	2
CASSFRTGGHEQYF	54	2
CASSIRSSETQYF	3	379
CASSFDSSYEQYF	3	379
CASSFRSGYEQYF	3	379
CASSFRDSYEQYF	3	379
CASSSSGANVLTF	55	9
CASSPSGANVLTF	55	9
CASSDSGANVLTF	55	9
CASSYSGNTGELFF	43	20
CASSTSGNTGELFF	43	20
CASSFSGATGELFF	43	20
CASSGSGNTGELFF	43	20
CASSLSRNTEAFF	7	167
CASSFGRNYEQYF	56	2
CASSFGVQETQYF	57	4
CASSLWDRGNTGELFF	58	2
CASSEAGAEAFF	59	2
CASSGGLAGPYEQYF	60	2
CASSQGTGGTEAFF	33	86
CASSLGTGGTEAFF	33	86
CASSYGTSGYNEQFF	61	4
CASSLGTSGYNEQFF	61	4
CASSPLAGVTDTQYF	62	14
CASSSLAGVTDTQYF	62	14
CASSGLAGVPDTQYF	62	14
CASSYLNEQFF	15	181
CASSGHNEQFF	15	181
CASSGNNEQFF	15	181
CASSGNEQYF	63	2
CASSGRSQETQYF	3	379
CASSIRSGETQYF	3	379
CASSSRSGETQYF	3	379
CASSIRSGYEQYF	3	379
CASSSRSGYEQYF	3	379
CASSTRSGYEQYF	3	379
CASSGRSGGEQYF	3	379
CASSGRSGETQYF	3	379
CASSIRSQETQYF	3	379
CASSTRSQETQYF	3	379
CASSHRSTDTQYF	3	379
CASSIRSTDTQYF	3	379
CASSPRSTDTQYF	3	379
CASSQRSTDTQYF	3	379
CASSSRSTDTQYF	3	379
CASSTRSTDTQYF	3	379
CASSDRSTDTQYF	3	379
CASSGGSTDTQYF	3	379
CASSYRSTDTQYF	3	379
CASSLRSTDTQYF	3	379
CASSARSTGELFF	31	19
CASSGTGYNYGYTF	64	2
CASSGTGANYGYTF	64	2
CASSHTGLGQPQHF	19	18
CASSPGLAGVEQYF	65	9
CASSPGTRTYEQYF	66	3
CASSWGTRTYEQYF	66	3
CASSHRDSYEQYF	3	379
CASSGRSTDTQYF	3	379
CASSASGGTDTQYF	67	3
CASSHFGLGQPQHF	19	18
CASSLTGLGQPQHF	19	18
CASSIGAYRYTF	23	43
CASSIGIYGYTF	23	43
CASSIGLYGYTF	23	43
CASSIGVYGYTF	23	43
CASSIGYYGYTF	23	43
CASSTGLGEQYF	68	2
CASSTGLLTDTQYF	69	2
CASSVGLYGYTF	23	43
CASSSGLYGYTF	23	43
CASSYGQGETQYF	42	30
CASSIGMGETQYF	42	30
CASSLGQGETQYF	42	30
CASSAGSGEAFF	25	2
CASSFGTDTQYF	48	77
CASSIGVHGYTF	23	43
CASSMGVYGYTF	23	43
CASSTGVYGYTF	23	43
CASSLGVYGYTF	23	43
CASSIHSNQPQHF	34	49
CASSIHKNQPQHF	34	49
CASSINSNQPQHF	34	49
CASSIYSNQPQHF	34	49
CASSYHSNQPQHF	34	49
CASSISSTGELFF	31	19
CASSIFSTGELFF	31	19
CASSSNSNQPQHF	34	49
CASSLNSNQPQHF	34	49
CASSIGAAGELFF	70	2
CASSIRASYEQYF	3	379
CASSIRGAYEQYF	3	379
CASSIRSAYEQYF	3	379
CASSTRAAYEQYF	3	379
CASSRRAAYEQYF	3	379
CASSIGAAYEQYF	3	379
CASSPRAGDNTEAFF	71	2
CASSIRASETQYF	3	379
CASSVRAGETQYF	3	379
CASSIRAGETQYF	3	379
CASSIRAAYEQYF	3	379
CASSMRASYEQYF	3	379
CASSIRSAYTQYF	3	379
CASSIRSGDTQYF	3	379
CASSIRSLDTQYF	3	379
CASSIRSQDTQYF	3	379
CASSVRSADTQYF	3	379
CASSIRSNYEQYF	3	379
CASSIRSTYEQYF	3	379
CASSMRSAYEQYF	3	379
CASSSRSAYEQYF	3	379
CASSTRSAYEQYF	3	379
CASSVRSAYEQYF	3	379
CASSIRSADTQYF	3	379
CASSIRSTETQYF	3	379
CASSTRSGTEAFF	35	6
CASSHRSGTEAFF	35	6
CASSIRSSYEQFF	3	379
CASSGRSGYEQYF	3	379
CASSIRSGNEQYF	3	379
CASSIRSGYEQFF	3	379
CASSITSGYEQYF	3	379
CASSDRSNQPQHF	34	49
CASSDRSNTEAFF	35	6
CASSIRSGTEAFF	35	6
CASSIGSNTEAFF	35	6
CASSFRSSETQYF	3	379
CASSIRSSNEQFF	3	379
CASSIVSTDTQYF	3	379
CASSILSTGELFF	31	19
CASSDSEYNEQFF	72	2
CASSSSGSSYNEQFF	73	31
CASSVSGSSYNEQFF	73	31
CASSIQGSSYNEQFF	73	31
CASSGSGSSYNEQFF	73	31
CASSPSGSSYNEQFF	73	31
CASSLSGSSYNEQFF	73	31
CASSYYSNQPQHF	34	49
CASSSDSAYEQYF	3	379
CASSLQGATEAFF	7	167
CASSLAAGDGGYTF	74	2
CASSLLASYEQYF	3	379
CASSLSASYEQYF	3	379
CASSLGASYEQYF	3	379
CASSLAQGGFSYEQYF	75	2
CASSLAGVSYEQYF	16	222
CASSLAGSSYEQYF	16	222
CASSLVGDSYEQYF	16	222
CASSLPGDTEAFF	7	167
CASSLGGDTEAFF	7	167
CASSLAGNTEAFF	7	167
CASSPAGDTEAFF	7	167
CASSLLGDTEAFF	7	167
CASSLASDTEAFF	7	167
CASSLGGGNTIYF	76	5
CASSLSGGYTEAFF	33	86
CASSLAQGYTEAFF	33	86
CASSLAHTGELFF	77	15
CASSLKGTGELFF	77	15
CASSLWGTGELFF	77	15
CASSLEGTGELFF	77	15
CASSLAYTGELFF	77	15
CASSLAGVGYEQYF	16	222
CASSLVGTGYEQYF	16	222
CASSVAGTSGYEQYF	78	3
CASSLTGTSGYEQYF	78	3
CASSLAPSNEQFF	40	64
CASSLTPYEQYF	44	277
CASSLDSYGYTF	23	43
CASSLNSYGYTF	23	43
CASSLAWAGTDTQYF	79	11
CASSLASGGTDTQYF	79	11
CASSLADGYTF	80	2
CASSLDSYNEQFF	40	64
CASSLDPYNEQFF	40	64
CASSLAAYNEQFF	40	64
CASSLDSSNQPQHF	81	6
CASSLAGSNQPQHF	81	6
CASSLDEGEQYF	44	277
CASSLEPGEQYF	44	277
CASSLGPGEQYF	44	277
CASSLDPNSPLHF	82	6
CASSLDSFSPLHF	82	6
CASSLGSNSPLHF	82	6
CASSLDAYNEQFF	40	64
CASSWDSYNEQFF	40	64
CASSLGSYNEQFF	40	64
CASSRDSYNEQFF	40	64
CASSLSSYNEQFF	40	64
CASSLASYNEQFF	40	64
CASSRDYYSNQPQHF	83	2
CASSSEGGNQPQHF	84	4
CASSLSGGNQPQHF	84	4
CASSLTGPYEQYF	3	379
CASSLEGSYEQYF	3	379
CASSEEGPYEQYF	3	379
CASSLEGDYEQYF	3	379
CASSLEGVETQYF	85	7
CASSLEVQETQYF	85	7
CASSLQGQETQYF	85	7
CASSLSGYEQYF	44	277
CASSLVGYEQYF	44	277
CASSLEGSEQYF	44	277
CASSLTGYEQYF	44	277
CASSLEGREQYF	44	277
CASSLQGYEQYF	44	277
CASSLEAYEQYF	44	277
CASSLERAYEQYF	3	379
CASSLPWGGETQYF	86	3
CASSLERGGETQYF	86	3
CASSLGHEQYF	15	181
CASSLISGPPYEQYF	87	2
CASSLGDFFSQETQYF	88	2
CASSLGTGNYEQYF	16	222
CASSLGGGNYEQYF	16	222
CASSLGINTEAFF	7	167
CASSLWDNTEAFF	7	167
CASSLGWNTEAFF	7	167
CASSLGGNTEAFF	7	167
CASSLRDNTEAFF	7	167
CASSLGTNTEAFF	7	167
CASSLGMNTEAFF	7	167
CASSLGFNTEAFF	7	167
CASSLGLNTEAFF	7	167
CASSLGDRDTEAFF	33	86
CASSQGDRNTEAFF	33	86
CASSGGEQFF	4	16
CASSSGEQFF	4	16
CASSLGGTDTQYF	3	379
CASSLGQTDTQYF	3	379
CASSLGSTDTQYF	3	379
CASSLGSYEQYF	44	277
CASSLGDYEQYF	44	277
CASSLGYYEQYF	44	277
CASSLGLYEQYF	44	277
CASSLGNYEQYF	44	277
CASSLGAYEQYF	44	277
CASSLGGNDGYTF	38	66
CASSLGGLNQPQHF	19	18
CASSLGGGSYEQYF	16	222
CASSQGGGDYEQYF	16	222
CASSLGGGGYEQYF	16	222
CASSLGGGGNEQFF	89	4
CASSLVGGQETQYF	90	13
CASSVGGGQETQYF	90	13
CASSLGRGQETQYF	90	13
CASSFGGGTGELFF	43	20
CASSLQGGTGELFF	43	20
CASSLIGGTGELFF	43	20
CASSLLGLAGVGTGELFF	91	2
CASSLGGAGNEQFF	89	4
CASSDGGLGQPQHF	19	18
CASSLRGLGQPQHF	19	18
CASSLQGLGQPQHF	19	18
CASSLGGDEQFF	44	277
CASSQGGNEQFF	44	277
CASSLGGNEQYF	44	277
CASSLGANEQFF	44	277
CASSLLGNEQFF	44	277
CASSLFGNEQFF	44	277
CASSLGQNEQFF	44	277
CASSFGGNEQFF	44	277
CASSLQGNEQFF	44	277
CASSLDGNEQFF	44	277
CASSLGYNEQFF	44	277
CASSLGFNEQFF	44	277
CASSLGKNEQFF	44	277
CASSLGGGEQFF	44	277
CASSLGGTNEQFF	40	64
CASSLGGGNEQFF	40	64
CASSLDGNNEQFF	40	64
CASSLGGFNEQFF	40	64
CASSLGGYNEQFF	40	64
CASSLGGMNEQFF	40	64
CASSPGGPYNEQFF	92	45
CASSLGGHYNEQFF	92	45
CASSLAGPYNEQFF	92	45
CASSLEGSGANVLTF	93	4
CASSEGGSGANVLTF	93	4
CASSLGGFGANVLTF	93	4
CASSLLGSSYNEQFF	73	31
CASSLGGGSYNEQFF	73	31
CASSLDGSSYNEQFF	73	31
CASSVGGSSYNEQFF	73	31
CASSLEGSSYNEQFF	73	31
CASSLGGSDYNEQFF	73	31
CASSLGFTDTQYF	3	379
CASSVGGTDTQYF	3	379
CASSLLGTDTQYF	3	379
CASSLGGLDTQYF	3	379
CASSLQGTDTQYF	3	379
CASSPGGTDTQYF	3	379
CASSLGGNNEQFF	40	64
CASSLGGGLGETQYF	94	5
CASSLGGVEGETQYF	94	5
CASSLGGSLGETQYF	94	5
CASSLGGGEQYF	44	277
CASSLGQGEQYF	44	277
CASSLGPIYGYTF	38	66
CASSLGGLYEQYF	3	379
CASSLGDNTEAFF	7	167
CASSLGIFTEAFF	7	167
CASSLGLGGGQETQYF	95	2
CASSLGLAGNNEQFF	96	6
CASSLNLAGLNEQFF	96	6
CASSLGLAGDNEQFF	96	6
CASSLGNSYEQYF	3	379
CASSLGQSYEQYF	3	379
CASSLGHSYEQYF	3	379
CASSMGPSYEQYF	3	379
CASSLGGSYEQYF	3	379
CASSLLPSYEQYF	3	379
CASSLGVSYEQYF	3	379
CASSLGWSYEQYF	3	379
CASGLGPSYEQYF	3	379
CASSLFPSYEQYF	3	379
CASSLGQGPYEQYF	16	222
CASSLGQGAYEQYF	16	222
CASSLGQGIYEQYF	16	222
CASSLGQGGGEQYF	16	222
CASSLGQGGHEQYF	16	222
CASSQGQGGYEQYF	16	222
CASSLGQGYNEQFF	92	45
CASSLGDGSSYEQYF	97	10
CASSLGQGGSYEQYF	97	10
CASSSGQGSSYEQYF	97	10
CASSLRQGSSYEQYF	97	10
CASSSGQGVYGYTF	27	25
CASSLGQGDYGYTF	27	25
CASSLGQGAYGYTF	27	25
CASSLGQGPYGYTF	27	25
CASSLGTINEQFF	98	2
CASSLGTAYEQYF	3	379
CASSLGLAYEQYF	3	379
CASSLGGAYEQYF	3	379
CASSLGRGYEQYF	3	379
CASSLGQAYEQYF	3	379
CASSLGRTYEQYF	3	379
CASSLWRDSNQPQHF	99	2
CASSLGRAYGYTF	100	2
CASSLGRGNQPQHF	101	2
CASSLGSTEAFF	17	69
CASSLGGAEAFF	17	69
CASSLTSGGTDTQYF	79	11
CASSLGEGGTDTQYF	79	11
CASSLGTGGTDTQYF	79	11
CASSLGFYEQYF	44	277
CASSWGSYEQYF	44	277
CASSPGSYEQYF	44	277
CASSLVSYEQYF	44	277
CASSLDSYEQYF	44	277
CASSLGSNEQYF	44	277
CASSSGSYEQYF	44	277
CASSTGSYEQYF	44	277
CASSLYSYEQYF	44	277
CASSLASYGYTF	23	43
CASSLGNYGYTF	23	43
CASSLPTANYGYTF	26	9
CASSYGTANYGYTF	26	9
CASSLGSANYGYTF	26	9
CASSLGRAYEQYF	3	379
CASSSGTAYEQYF	3	379
CASSLETAYEQYF	3	379
CASSLGTVYEQYF	3	379
CASSDGTAYEQYF	3	379
CASSLPTDTQYF	48	77
CASSLYTDTQYF	48	77
CASSLNTDTQYF	48	77
CASSLGEDTQYF	48	77
CASSLSTDTQYF	48	77
CASSLATDTQYF	48	77
CASSLGADTQYF	48	77
CASSLGSDTQYF	48	77
CASSLETDTQYF	48	77
CASSLGTGYGYTF	38	66
CASSLGTGDGYTF	38	66
CASSLGTSGSLYEQYF	102	2
CASSLGVDQPQHF	103	2
CASSLLAGGGDTQYF	62	14
CASSLFSGPPYEQYF	87	2
CASSLYGEKLFF	104	2
CASSLLAPYNEQFF	105	3
CASSTLAGGQETQYF	106	3
CASSGLAGGQETQYF	106	3
CASSLGAGGSSYEQYF	107	2
CASSLLAETGELFF	108	2
CASSLLDEQYF	15	181
CASSPLGGRYGYTF	109	3
CASSPLGSPLHF	110	3
CASSVLGSPLHF	110	3
CASSLGGSSYNEQFF	73	31
CASSHLGSSYNEQFF	73	31
CASRLLNEQFF	15	181
CASSGLNEQFF	15	181
CASSLLDEQFF	15	181
CASSLPNEQFF	15	181
CASSLYNEQFF	15	181
CASSLFNEQFF	15	181
CASSLGNEQFF	15	181
CASSLDNEQFF	15	181
CASSLVNEQFF	15	181
CASSLGNQPQHF	2	13
CASSLSNQPQHF	2	13
CASSLLVGNQPQHF	111	3
CASSLYGANVLTF	112	3
CASSYPGANVLTF	112	3
CASSLPGQFYGYTF	113	2
CASSSPTDTQYF	48	77
CASSLPTNEQFF	44	277
CASSLQGYNEQFF	40	64
CASSLAGGNEQFF	40	64
CASSLQGGVEQFF	40	64
CASSSQGGNEQFF	40	64
CASSLIGGNEQFF	40	64
CASSPQGGNYGYTF	114	3
CASSLSGGNYGYTF	114	3
CASSLQGDTGELFF	43	20
CASSLVGIGNTIYF	115	2
CASSLYGSGTGELFF	116	3
CASSLQGIGTGELFF	116	3
CASSLRGSGYNEQFF	117	2
CASSLQGGNEQFF	40	64
CASSLPGYNEQFF	40	64
CASSLTGYNEQFF	40	64
CASSPQGYNEQFF	40	64
CASSLQNTEAFF	17	69
CASSLRDRAHEQYF	39	8
CASSDRDRGHEQYF	39	8
CASSLRDRGLEGQYF	118	3
CASSIRDRGLETQYF	118	3
CASSFRGDNQPQHF	119	2
CASSLRPGETQYF	120	2
CASSLRGLSQPQHF	19	18
CASSLTSSYEQYF	3	379
CASSLVSSYEQYF	3	379
CASSLKSSYEQYF	3	379
CASSLPSSYEQYF	3	379
CASSLSADMNTEAFF	121	2
CASSLSFGRTEAFF	122	2
CASSLSFGDTEAFF	122	2
CASSLVGATYNEQFF	123	2
CASSLSTGELFF	44	277
CASSLIGGELFF	44	277
CASSLSAGELFF	44	277
CASSLRGLDEQYF	124	4
CASSLSGWAYEQYF	16	222
CASSLSGWSYEQYF	16	222
CASSLSGAGELFF	77	15
CASSLLLAGELFF	77	15
CASSLSSGGNEQFF	92	45
CASSLSQGYNEQFF	92	45
CASSLSRGLTEAFF	125	3
CASSLERGNTEAFF	125	3
CASSLSSGVTDTQYF	126	3
CASSLSSGRRDTQYF	126	3
CASSLGSGTYEQYF	16	222
CASSLTSGTYEQYF	16	222
CASSLAVVNEQFF	127	2
CASSLSSNQPQHF	34	49
CASSLTLNYGYTF	38	66
CASSLVANYGYTF	38	66
CASSWTGDQPQHF	34	49
CASSLLGDQPQHF	34	49
CASSLTGDGPQHF	34	49
CASSLSGDQPQHF	34	49
CASSLTGGSYEQYF	16	222
CASSLTGLSYEQYF	16	222
CASSLTGRSYEQYF	16	222
CASSLTGGTEAFF	7	167
CASSLTSGDTQYF	128	2
CASSLTGESYEQYF	16	222
CASSLTSGSYEQYF	16	222
CASSLPGQGSYNEQFF	129	2
CASSLTGNEQYF	44	277
CASSLTGDEQYF	44	277
CASSSTGSEQYF	44	277
CASSLTTGTDTQYF	130	5
CASSLNPNTEAFF	7	167
CASSLTYNTEAFF	7	167
CASSLTVNTEAFF	7	167
CASSLTGNTEAFF	7	167
CASSLTANTEAFF	7	167
CASSLTSGMETQYF	131	2
CASSQTSGGATDTQYF	132	2
CASSLTSGEETQYF	131	2
CASSLTLSYEQYF	3	379
CASSLTESYEQYF	3	379
CASSMTSSYEQYF	3	379
CASSLVAGSYNEQFF	133	3
CASSLVAGSSNEQFF	133	3
CASSLVAGTYNEQFF	133	3
CASSLAGGAKNIQYF	134	3
CASSLQGGEQYF	44	277
CASSLSGGEQYF	44	277
CASSLIGGEQYF	44	277
CASSLGGGQETQYF	90	13
CASSLVGDQETQYF	90	13
CASSLVGYQETQYF	90	13
CASSLNQGLNTEAFF	135	2
CASSLVQGGNQPQHF	136	2
CASSLWGGPDTQYF	137	2
CASSLGRDSNQPQHF	99	2
CASSLGAGGQPQHF	138	2
CASSLYGVADTQYF	139	2
CASSAYKSSYNEQFF	140	2
CASSLYVGADTQYF	141	2
CASSLISATGELFF	142	2
CASSEYTDTQYF	48	77
CASSLDSTDTQYF	3	379
CASSADSTDTQYF	3	379
CASSMGQGSYNEQFF	143	2
CASSMGQGGYNEQFF	143	2
CASSMRASVEQYF	3	379
CASSMRASVEQFF	3	379
CASSQGTGGVYEQYF	144	8
CASSQQETQYF	15	181
CASSKQETQYF	15	181
CASSWQETQYF	15	181
CASSFQETQYF	15	181
CASSPDTDTQYF	48	77
CASSSDSNYGYTF	145	2
CASSFDTGELFF	44	277
CASSPVTGELFF	44	277
CASSPNTGELFF	44	277
CASSPATGELFF	44	277
CASSPGGDEQFF	44	277
CASSPEGDEQYF	44	277
CASSPQGDEQFF	44	277
CASSPPGSDEQFF	146	2
CASSPGGNQPQHF	147	7
CASSPGWNQPQHF	147	7
CASSPGVNQPQHF	147	7
CASSRGDPSTDTQYF	148	2
CASSEGDTQYF	15	181
CASSPGDIQYF	15	181
CASSPGQGLYEQYF	16	222
CASSPEGDEQFF	44	277
CASSVGGDEQFF	44	277
CASSPGGVEQFF	44	277
CASSPGGYEQFF	44	277
CASLPGGGASYEQYF	149	3
CASSPGGGVSYEQYF	149	3
CASSPGQLNEKLFF	150	3
CASSGGGLNEKLFF	150	3
CASSPYGLNEQYF	151	2
CASSFGGSYNEQFF	92	45
CASSPGTSYNEQFF	92	45
CASSPGDSYNEQFF	92	45
CASSSGGSYNEQFF	92	45
CASSPGLAGGEQYF	65	9
CASSPGSGNTIYF	152	10
CASSPGHMNTEAFF	33	86
CASSVGPMNTEAFF	33	86
CASSPGQAYEQYF	3	379
CASSPGGAAEQYF	3	379
CASSPGQGGYGYTF	27	25
CASSPGQGAYGYTF	27	25
CASSPGQGDYGYTF	27	25
CASSPGQAYNEQFF	92	45
CASSPGTGYNEQFF	92	45
CASSPGGSSGNTIYF	153	2
CASSEGRVYGYTF	38	66
CASSPGRNYGYTF	38	66
CASSPGLGNTIYF	152	10
CASSPSSGNTIYF	152	10
CASSPESGNTIYF	152	10
CASSPPSGNTIYF	152	10
CASSSGTDYGYTF	38	66
CASSPGTGYGYTF	38	66
CASSQGTDYGYTF	38	66
CASSPGTGSNQPQHF	154	4
CASSPGTVYEQYF	3	379
CASSPGTGYEQYF	3	379
CASSPGWPYEQYF	3	379
CASSPGGVNEQFF	155	3
CASSPGQGTYNEQFF	156	2
CASSPGGGYNSPLHF	157	3
CASSPGTGYNSPLHF	157	3
CASSGLAGVTDTQYF	62	14
CASSPLAGVSDTQYF	62	14
CASSPTGDTQYF	48	77
CASSPSGDTQYF	48	77
CASSPSGLNTEAFF	158	14
CASSPTGLNTEAFF	158	14
CASSPRGLNTEAFF	158	14
CASSPGRGGQETQYF	159	2
CASSPPVGNEQFF	160	2
CASSPPGNYGYTF	161	4
CASSPFGSDEQFF	146	2
CASSPTSYYEQYF	162	2
CASSPPGGNEQFF	160	2
CASSPQGRYEQYF	3	379
CASSPEGAYEQYF	3	379
CASSPQGIQPQHF	163	2
CASSLQGGNYGYTF	114	3
CASSPQGVGQPQHF	19	18
CASSSQGLGQPQHF	19	18
CASSPQGLGQPQHF	19	18
CASSPTGVGQPQHF	19	18
CASSRQGVGQPQHF	19	18
CASSPRDRERGEQYV	164	2
CASSPRDRERGEQYF	164	2
CASSLRDRGTDTQYF	165	3
CASSPRLAGGETQYF	166	2
CASSFRLAGTGELFF	53	2
CASSPTSTDTQYF	3	379
CASSGRYSNQPQHF	167	2
CASSYSGNTEAFF	7	167
CASSPGGNTEAFF	7	167
CASSPSGVTEAFF	7	167
CASSPPGNTEAFF	7	167
CASSPSANTEAFF	7	167
CASSPGGQPQHF	168	6
CASSPRGQPQHF	168	6
CASSPGGTGELFF	169	12
CASSETGLEAFF	170	2
CASRPTGLGQPQHF	19	18
CASSPTGLSQPQHF	19	18
CASSPTGQDTGELFF	171	2
CASSLTSGGYNEQFF	172	13
CASSPTSGSYNEQFF	172	13
CASSPGGLNEQYF	151	2
CASSQDLSYEQYF	3	379
CASSQDDTYYEQYF	173	2
CASSQDSTYEQYF	3	379
CASSQDGPYYGYTF	174	2
CASSDDGYNEQFF	175	3
CASSGDGYNEQFF	175	3
CASSQDPGDEQFF	176	3
CASSLDRGDEQFF	176	3
CASSQETGYNQPQHF	177	3
CASSQETYYGYTF	178	3
CASSQPTGYGYTF	178	3
CASSQETSAYEQYF	179	2
CASSQETGYGYTF	178	3
CASSQEWLAGGLGTQYF	180	2
CASSQGNYGYTF	23	43
CATSQGAYGYTF	23	43
CASSQGFYGYTF	23	43
CASSQDGGGTDTQYF	181	5
CASSQGRGQGYEQYF	182	2
CASSQGSSPLHF	183	2
CASSQGANTEAFF	7	167
CASNQGMNTEAFF	7	167
CASSQTNYGYTF	23	43
CASSQGPAGGTDTQYF	184	3
CASSQGDYNEQFF	40	64
CASSQGSYNEQFF	40	64
CASSQGQGNTEAFF	33	86
CASSQGWGATEAFF	33	86
CASSQGQGVTEAFF	33	86
CASSQGYGQPQHF	185	3
CASSQGRGSYEQYF	16	222
CASSQGSWGYTF	23	43
CASSGGTGGTEAFF	33	86
CASSQGTGNTEAFF	33	86
CASSQGRGGTEAFF	33	86
CASSQGTGYTEAFF	33	86
CASSQGTGMTEAFF	33	86
CASSQDTGGTEAFF	33	86
CASSLGTGNTEAFF	33	86
CASSQETGNTEAFF	33	86
CASSQGTVNTEAFF	33	86
CASSSGTGNTEAFF	33	86
CASSSGTGSYEQYF	16	222
CASSGGTGSYEQYF	16	222
CASSQGAGSYEQYF	16	222
CASSQGTGVYEQYF	16	222
CASSYGTGSYEQYF	16	222
CASSTGTGSYEQYF	16	222
CASSQGQGSYEQYF	16	222
CASSQGTGRYEQYF	16	222
CASSLGTGSYEQYF	16	222
CASSPGTGSYEQYF	16	222
CASSQGTGDGYTF	38	66
CASSFQGGYEQYF	3	379
CASSQVGGYEQYF	3	379
CASSQTGGYEQYF	3	379
CATSQRSTDTQYF	3	379
CASSQTSTGELFF	31	19
CASSQSPGGTQYF	186	2
CASSQSPGGMQYF	186	2
CASSQTGGGTYEQYF	187	2
CASSQGGGTEAFF	7	167
CASSPTGGTEAFF	7	167
CASSQVGGTEAFF	7	167
CASSWTSGSGDTQYF	188	2
CASSQVGGYQPQHF	189	2
CASSYVGNTEAFF	7	167
CASSLVGNTEAFF	7	167
CASSLYGNQPQHF	34	49
CASSQVGNQPQHF	34	49
CASSLDASSYEQYF	190	3
CASSVGTGNYGYTF	27	25
CASSPGTGNYGYTF	27	25
CASSRLAGGDNEQFF	29	6
CASSRLAGGVNEQFF	29	6
CASSRDRDNSPLHF	191	2
CASSRRLAGGYEQYF	192	2
CASSPSSYEQYF	44	277
CASSRSPYEQYF	44	277
CASSTSSYEQYF	44	277
CASSDSSYEQYF	44	277
CASSSSSYEQYF	44	277
CASSRTVNTEAFF	7	167
CASSGTLNTEAFF	7	167
CASSATLNTEAFF	7	167
CASSNTLNTEAFF	7	167
CASSVTLNTEAFF	7	167
CASSFTSGSLYNEQFF	193	2
CASSSQGNEQFF	44	277
CASSSDVGTGELFF	194	2
CASSIDSYEQYF	44	277
CASSSPSYEQYF	44	277
CASSPDSYEQYF	44	277
CASSLEGGNQPQHF	84	4
CASSSTGGNQPQHF	84	4
CASSSGTNYGYTF	38	66
CASSLGEKLFF	195	7
CASSFGEKLFF	195	7
CASSPGEKLFF	195	7
CASSSNEKLFF	195	7
CASSSGGDRYEQYF	196	2
CASSSGGVYGYTF	197	2
CASSPGLAGVNEQFF	198	9
CASSSGQGYEQYF	3	379
CASSPGQGNEQYF	3	379
CASSQGQINQPQHF	199	7
CASSRGQINQPQHF	199	7
CASSSGYGTEAFF	200	2
CASSSGLAAYEQYF	16	222
CASSSGTGAYEQYF	16	222
CASSSGTSGSYEQYF	201	10
CASSPGTSGAYEQYF	201	10
CASSSGTSGTYEQYF	201	10
CASSSGTSGAYEQYF	201	10
CASSQGTSGSYEQYF	201	10
CASSPGTSGSYEQYF	201	10
CASSFISGNTIYF	202	2
CASSSTGLNTEAFF	158	14
CASSSGETQYF	15	181
CASSSPGGRETQYF	203	3
CASSSPSGRGTGELFF	204	2
CASSSQGVGNTIYF	205	2
CASSSQGLGNTIYF	205	2
CASSSRFNYGYTF	206	2
CASSSSGGQETQYF	207	2
CASSFRGRSTDTQYF	208	2
CASSSRSGVEQYF	3	379
CASSSRSGSEQYF	3	379
CASSSRWGYEQYF	3	379
CASSSRQGYEQYF	3	379
CASSSRLSYEQYF	3	379
CASSLSDTQYF	15	181
CASSSADTQYF	15	181
CASSSTDTQYF	15	181
CASSSRDTQYF	15	181
CASTSSDTQYF	15	181
CASSISGSSYNEQFF	73	31
CASSSSGSTYNEQFF	73	31
CASSSTGSTDTQYF	209	5
CASSSGGSTDTQYF	209	5
CASSSTGGGETQYF	210	3
CASSSVGGKETQYF	210	3
CASSSTGSYEQYF	3	379
CASSATGGYEQYF	3	379
CASSLTGGYEQYF	3	379
CASSSTGPYEQYF	3	379
CASSSAGGYEQYF	3	379
CASSSTGIGYTF	211	2
CASSVAGGSYEQYF	16	222
CASSAAGGSYEQYF	16	222
CASSTHYEQYF	15	181
CASSTPYEQYF	15	181
CASSTGAWGYTF	23	43
CASSTGTYGYTF	23	43
CASSIGLLTDTQYF	69	2
CASSTGTLYGYTF	212	2
CASSYGTEAFF	213	35
CASSPGTEAFF	213	35
CASSEGTEAFF	213	35
CASSLGTEAFF	213	35
CASSQGTEAFF	213	35
CASSTGTAYGYTF	212	2
CASSLLAGGQETQYF	106	3
CASSHPGQGQETQYF	214	2
CASSTRSGWEQYF	3	379
CASSTRATGELFF	31	19
CASSDSGANQPQHF	215	2
CASSLTGGSTEAFF	216	4
CASSVAADTQYF	217	3
CASSVAGDTQYF	217	3
CASSVDYREDYGYTF	218	2
CASSVGSGAGTEAFF	219	2
CASSPDSYSNQPQHF	220	3
CASSQEGNEQFF	44	277
CASSVERNEQFF	44	277
CASSYEGNEQFF	44	277
CASSVGGDTGELFF	221	4
CASSVGNTDTQYF	3	379
CASSVEGTDTQYF	3	379
CASSVGGADTQYF	3	379
CASSVGGTGDYEQYF	222	2
CASSVGNTEAFF	17	69
CASSVGLAGDNEQFF	96	6
CASSPGLSYEQYF	3	379
CASSVGDSYEQYF	3	379
CASSVDSYGYTF	23	43
CASSVRSAGELFF	31	19
CASSVGGNSYEQYF	16	222
CASSLSGNSYEQYF	16	222
CASSDSGNSYEQYF	16	222
CASSVTGSSYNEQFF	73	31
CASSLTDYNEQFF	40	64
CASSVTVYNEQFF	40	64
CASSVTGDYGYTF	223	2
CASSLGDYNEQFF	40	64
CASSWGGYNEQFF	40	64
CASSWGGGSHYGYTF	224	2
CASSWGGGSHYGHTF	224	2
CASSLGGPNTEAFF	33	86
CASSIGQGSPLHF	225	2
CASSWGVMNTEAFF	33	86
CASSSGQMNTEAFF	33	86
CASSLGQMNTEAFF	33	86
CASSWGEMNTEAFF	33	86
CASSVGQMNTEAFF	33	86
CASSWGQGNTEAFF	33	86
CASSWGQMNTEAFF	33	86
CASSYPGGTEAFF	7	167
CASSWQGLGTEAFF	226	3
CASSQTSGSGDTQYF	188	2
CASSVGFNQPQHF	34	49
CASSYGSNQPQHF	34	49
CASSYWGFNQPQHF	227	3
CASSPGGFNQPQHF	227	3
CASSYGGYTEAFF	7	167
CASSFGGGTEAFF	7	167
CASSYGGNTEAFF	7	167
CASSLGGGTEAFF	7	167
CASSVGGGTEAFF	7	167
CASSTGGGTEAFF	7	167
CASSPGGGTEAFF	7	167
CASSYGGQGAYEQYF	228	5
CASSYGGGTEAFF	7	167
CASSVGGYTEAFF	7	167
CASSYGTGQPQHF	229	4
CASSYGVGQPQHF	229	4
CASSLGQGTDTQYF	230	12
CASSLGQGWGYTF	38	66
CASSTGTEAFF	213	35
CASSYNTEAFF	213	35
CASSPGTGGTYEQYF	144	8
CASSYWTGNGYTF	231	3
CASSSGTGNGYTF	231	3
CASSYGMGQPQHF	229	4
CASSLGTGQPQHF	229	4
CASSGGTSGYNEQFF	61	4
CASSLLAGSTDTQYF	62	14
CASSSLAGSTDTQYF	62	14
CASSYLGRGYEQYF	232	2
CASSYSGQGGELFF	233	2
CASSFSGNTGELFF	43	20
CASSYSGGTGELFF	43	20
CASSYSRNTGELFF	43	20
CASSDSGSGNEQFF	234	2
CASSYASGNTIYF	152	10
CASSYNSGNTIYF	152	10
CASSASYEQYF	15	181
CASSYSGEQYF	15	181
CASGYSYEQYF	15	181
CASSYSEEQYF	15	181
CASSQVGNTEAFF	7	167
CASSYVRNTEAFF	7	167
CASSYGGFNQPQHF	227	3
CASSTYNEQFF	15	181
CASSLITGELFF	44	277
CASTPGLMNTEAFF	235	2
CASRQGANTEAFF	7	167
CASTRGGEQYF	15	181
CASSRGYEQYF	15	181
CASRRGYEQYF	15	181
CATGTANTEAFF	236	3
CATGTGNTEAFF	236	3
CASSSGGTEAFF	17	69
CSAWTGNTEAFF	237	2
CSARDPGNYGYTF	238	2
CSARDSTGNGYTF	239	2
CSARDRTGNGYTF	239	2
CSAINTGELFF	240	3
CSARWGAEAFF	241	2
CSARSGDGELFF	242	2
CSARRGGGTDTQYF	243	2
CASSQAANTGELFF	244	4
CASSLAGDTEAFF	7	167
CASSLPGDSEAFF	7	167
CASSLPGLTEAFF	7	167
CASSFQGGTEAFF	7	167
CASSLSGGTEAFF	7	167
CASSFRGGTEAFF	7	167
CASSLFGELFF	15	181
CASSLTGELFF	15	181
CASSLAGELFF	15	181
CASSLGGELFF	15	181
CASSYSGTSGDTQYF	245	2
CASSQGYNEQFF	44	277
CASSFGNNEQFF	44	277
CASSFAYNEQFF	44	277
CASSVGYNEQFF	44	277
CASSFRYNEQFF	44	277
CASSFGVNEQFF	44	277
CASSSGYNEQFF	44	277
CASSQSTEAFF	213	35
CASSPGTGHYNEQFF	246	4
CASSPGTGGYNEQFF	246	4
CASSDQTSGDNEQFF	247	2
CASSQGRGSGNTIYF	248	2
CASSLQGSTEAFF	7	167
CASSRNRDNSPLHF	191	2
CASSFTNTEAFF	17	69
CASRDTNTEAFF	17	69
CASSLYRGADTQYF	141	2
CASSVEEETQYF	249	2
CASRGGEQYF	4	16
CASSSGEKLFF	195	7
CASSLTEKLFF	195	7
CASSSPETQYF	15	181
CASSFGETQYF	15	181
CASSRGETQYF	15	181
CASSVGETQYF	15	181
CASSLGETQYF	15	181
CASSTGETQYF	15	181
CASSYSSGNTIYF	152	10
CASSPIPYEQYF	44	277
CASSLGQGGTEAFF	33	86
CASSPGAGGTEAFF	33	86
CASSLDGTYEQYF	3	379
CASSADGMNTEAFF	250	3
CASSPDGMNTEAFF	250	3
CASSPGPMNTEAFF	33	86
CASSQANYEQYF	251	2
CASSQGGRPYEQYF	252	2
CASSSGSEAFF	213	35
CSARDYTEAFF	253	2
CASSRAGGQPQHF	254	2
CASSLAGDEQYF	44	277
CASSLAGREQYF	44	277
CASSTGGRTEAFF	7	167
CASSVGGATEAFF	7	167
CASSLTTSSYEQYF	16	222
CASSLSTSSYEQYF	16	222
CASSSNTDTQYF	48	77
CAWSVLGGNEQFF	255	2
CASSAGQGSYEQYF	16	222
CASSLLGGSNQPQHF	256	4
CASSLEGVSNQPQHF	256	4
CASSLEGLSNQPQHF	256	4
CASSSPNEQFF	15	181
CASSPGVAYEQYF	3	379
CASSPPGETQYF	48	77
CASSLGVPANEQFF	257	2
CASSQGQGGAYEQYF	258	3
CASSQGGGGAYEQYF	258	3
CASSLKGGAPDTQYF	259	2
CASSSAGTGFYEQYF	260	2
CASSLAGGDYNEQFF	261	3
CASSFSSERTDTQYF	262	2
CSARGTRSYEQYF	263	2
CASSLAAGAYEQYF	264	7
CASSLEGGAYEQYF	264	7
CASSLEGSGNTIYF	265	3
CASSLSLAGELFF	77	15
CASSLYGAGELFF	77	15
CASSLTGAGELFF	77	15
CASSLEGAGELFF	77	15
CASSSTEETQYF	48	77
CASSSLGGGLETQYF	266	2
CASSVEGNEQFF	44	277
CASSQEGREQFF	44	277
CASSQAGNEQFF	44	277
CASSLEENTEAFF	7	167
CASSLDGNTEAFF	7	167
CASSLEVNTEAFF	7	167
CASSLFGNTEAFF	7	167
CASSLVGDEQFF	44	277
CASSLLGDEQYF	44	277
CASSLLADEQFF	44	277
CASSPDTGELFF	44	277
CASSFYTGELFF	44	277
CASSYGITEAFF	267	2
CASSQTGGTEAFF	7	167
CASSQGPGTEAFF	7	167
CASSLGRTNTGELFF	268	4
CASSLDPTNTGELFF	268	4
CASSPGLAGGNEQFF	198	9
CASSSSTDTQYF	48	77
CASSVGGTGELFF	169	12
CASSPGGGPYEQYF	16	222
CASSPPGGGYEQYF	16	222
CASSPGGLGYEQYF	16	222
CASSFSPYEQYF	44	277
CASSPDPYEQYF	44	277
CASSSSPYEQYF	44	277
CASSPSGYEQYF	44	277
CASSVGSTYEQYF	3	379
CASSVGDNYEQYF	3	379
CASSLGSNYEQYF	3	379
CASSGAHEQYF	15	181
CASSTSHEQYF	15	181
CASSPGDPSTDTQYF	148	2
CASSQDKGLNTEAFF	269	3
CASSQDSGPNTEAFF	269	3
CASSLSLAGYNEQFF	270	2
CASSSDSYEQYF	44	277
CASSIDGYEQYF	44	277
CASSLGPGNTEAFF	33	86
CASSPRGGTEAFF	7	167
CASSFGGNTIYF	9	7
CASSLAGGYTEAFF	33	86
CASSLSGGVTEAFF	33	86
CASSLTPNTEAFF	7	167
CASSGAGYTF	271	3
CASSGGGYTF	271	3
CASSLAYEQYF	15	181
CASSQAYEQYF	15	181
CASSIGYEQYF	15	181
CASSGAYEQYF	15	181
CASSLAGSGSTDTQYF	272	2
CASNLDKNTEAFF	273	2
CASSPEGTNEKLFF	274	4
CASSSGGDYNEQFF	92	45
CASSVGTGYNEQFF	92	45
CASSLGPTNTGELFF	268	4
CASSLSRTNTGELFF	268	4
CASSEGGDTQYF	48	77
CASSSTNQPQHF	275	3
CASSLGGYYGYTF	38	66
CASSQDSAGYNEQFF	276	2
CASSLGFTGELFF	169	12
CASSLGDTGELFF	169	12
CASSLTGGVYNEQFF	172	13
CASSTTRNTEAFF	7	167
CASSLGQGEQFF	44	277
CASSFSDTGELFF	277	16
CASSFRGTGELFF	277	16
CASSFRHTGELFF	277	16
CASSQAENTEAFF	278	4
CASTGQGSYEQYF	279	2
CASSEGSGSTDTQYF	280	2
CSARDLGGSYEQYF	281	3
CSARDRTGSYEQYF	281	3
CASSLGLGTEAFF	7	167
CASSLQGETQYF	48	77
CASSLEGETQYF	48	77
CASSLAAETQYF	48	77
CASSLATETQYF	48	77
CASSFGTGGYEQYF	16	222
CASSVGTSGYEQYF	16	222
CASSPYPNTEAFF	282	2
CASSDTNTGELFF	277	16
CASSERGGTYNEQFF	283	2
CASSLGAGELFF	44	277
CASSLEGNTIYF	9	7
CASSQERGPYNEQFF	284	2
CASSLGTANYGYTF	26	9
CASSPGQGHGYTF	285	2
CASSFWDRGNTGELFF	58	2
CASSQTEEYEQYF	286	2
CASSLLNQPQHF	2	13
CASGLGNQPQHF	2	13
CASSLGDQPQHF	2	13
CASSLGLQPQHF	2	13
CASTLGNQPQHF	2	13
CASSLGTQPQHF	2	13
CASSPGQASTDTQYF	287	3
CASSFGTASTDTQYF	287	3
CASSPGGGYEQYF	3	379
CASSEGGGYEQYF	3	379
CASSQDPGMTDTQYF	181	5
CASSVQNEQFF	15	181
CASSQDNEQFF	15	181
CASSIGQLNTEAFF	288	6
CASSPGQLNTEAFF	288	6
CASSRGQLNTEAFF	288	6
CASRLPGYNEQFF	40	64
CASSLPVYNEQFF	40	64
CASRNTEAFF	289	3
CASRVTEAFF	289	3
CASSQRDSSYNSPLHF	290	2
CASSLTGGKGNEQFF	291	2
CASSFVESEQYF	292	2
CASSPSGTGELFF	169	12
CASSPGATGELFF	169	12
CASSFPDEQFF	15	181
CASSFGDEQFF	15	181
CASSLVGGTEAFF	7	167
CASSNGTGGVYEQYF	144	8
CASSQGTGGLYEQYF	144	8
CASSSGQGNEQYF	3	379
CASSLGQGYEQYF	3	379
CASSYGQGYEQYF	3	379
CASSPGQGYEQYF	3	379
CASSSGQAYEQYF	3	379
CASSVGQGYEQYF	3	379
CASSSGQVYEQYF	3	379
CASSSGTGYEQYF	3	379
CASSLETGYEQYF	3	379
CASSLWTGYEQYF	3	379
CASSLAGGYEQYF	3	379
CASSLSTGYEQYF	3	379
CASSWGRDEQYF	44	277
CASRPGQSYEQYF	293	2
CASSLPGGSYNEQFF	73	31
CASSLQGAEKLFF	294	2
CASSPWTGTNTEAFF	295	2
CASSNGAMNTEAFF	296	4
CASSYPAMNTEAFF	296	4
CASSYSGGGTEAFF	33	86
CASSISGGGTEAFF	33	86
CASSPGRLNYGYTF	297	2
CASSSGSGTEAFF	200	2
CASSLGGIGYTF	24	7
CASSRGPDNEQFF	298	2
CASSFSHEQFF	299	2
CASSLPGLEAFF	17	69
CASSLGQLEAFF	17	69
CASSLSGLEAFF	17	69
CASSSGGTYGYTF	197	2
CASEGDTQYF	300	2
CASSQETSTYEQYF	179	2
CASSLGGFSYEQYF	16	222
CASSLGGYSYEQYF	16	222
CASSLGGASYEQYF	16	222
CASSLGGRSYEQYF	16	222
CASSQELAGEQYF	301	2
CASSWSGNTIYF	302	2
CASSQGDRVETQYF	303	2
CASSLSGSYEQYF	3	379
CASSLLGSYEQYF	3	379
CASSFFGQGSYEQYF	304	3
CASSLFSGSTDTQYF	305	2
CASSLAGNQPQHF	34	49
CASSVASNQPQHF	34	49
CASSVADNQPQHF	34	49
CASSPGQEAFF	213	35
CASSPHTEAFF	213	35
CASSPYTEAFF	213	35
CASSLDGSNQPQHF	81	6
CASSLGSSNQPQHF	81	6
CASSLDSYNQPQHF	81	6
CASSLNTGELFF	44	277
CASSLLTGELFF	44	277
CASSLRTGELFF	44	277
CASSYATGELFF	44	277
CASGLATGELFF	44	277
CASSFGGDQPQHF	306	2
CASSLGQNYGYTF	38	66
CASSRVRAGSTDTQYF	307	2
CASSGGLAPPYEQYF	60	2
CASTQGANTEAFF	7	167
CASSPKGGSYNEQFF	172	13
CASSPTGGSYNEQFF	172	13
CASSIGQGETQYF	42	30
CASSQVSGGAYEQYF	308	2
CASSLTGTNEKLFF	309	3
CASSLTGVNQPQHF	310	2
CASSSTGGGYGYTF	311	3
CASSLATGELFF	44	277
CASSLNPGELFF	44	277
CASSSNTGELFF	44	277
CASSLGGGMNTEAFF	312	8
CASSLDRVNTEAFF	313	3
CASSFDRVNTEAFF	313	3
CASSEFSGANVLTF	314	3
CASSLWAYTEAFF	315	2
CASRRGGGTEAFF	316	4
CASREGGGTEAFF	316	4
CASSPGANVLTF	317	3
CASSGGANVLTF	317	3
CASSIGSEQYF	15	181
CASSLGLGYEQYF	3	379
CASSLGLTYEQYF	3	379
CASSTGLDYEQYF	3	379
CASSPTMNTEAFF	7	167
CATRGQGNQPQHF	318	2
CASSLQDNEQFF	44	277
CASSLRDNEQFF	44	277
CASSFADNEQFF	44	277
CASSLASNQPQHF	34	49
CASSLFSNQPQHF	34	49
CASSLGSNQPQHF	34	49
CASSLLGNQPQHF	34	49
CASSPGNNEQFF	44	277
CASSVGLSYEQYF	3	379
CASSPGGSYEQYF	3	379
CASSPGASYEQYF	3	379
CASSQGGPYEQYF	319	2
CASSLGQGRTEAFF	33	86
CASSLAQGGTEAFF	33	86
CASSQDGGSYEQYF	16	222
CASSPGPISGNTIYF	320	2
CASTRGYEQYF	15	181
CASSLGGNEQFF	44	277
CASSLLGDEQFF	44	277
CASSLGIDEQFF	44	277
CASSLGGDEQYF	44	277
CASSLSNTEAFF	17	69
CASSLDNTEAFF	17	69
CASSLGNTEAFF	17	69
CASSQELASYEQYF	321	3
CASSYGSTYEQYF	3	379
CASSVAPDTQYF	217	3
CSARQGAEAFF	241	2
CASRGTGDYGYTF	322	2
CSVRDNSYEQYF	323	3
CSVRDDSYEQYF	323	3
CASSQDSGLNTEAFF	269	3
CASSPDYNEQFF	44	277
CASSLSYNEQFF	44	277
CASSADYNEQFF	44	277
CASSLPYNEQFF	44	277
CASSTDYNEQFF	44	277
CASSQDGGETNEKLFF	324	2
CASSSPGDAGELFF	325	2
CASSLGGLAGYNEQFF	326	4
CASSPGGLNEKLFF	150	3
CASSYNEQFF	4	16
CASSLWAGGSYEQYF	327	3
CASSLLPGGSYEQYF	327	3
CASSFGQNTEAFF	7	167
CASSFSGGTEAFF	7	167
CASSFGGTTEAFF	7	167
CASSPSGGAMETQYF	328	2
CASSWGTGNYEQYF	16	222
CASSSGTGTYEQYF	16	222
CASSDTSGGADTQYF	329	2
CASSSTGGYEQYF	3	379
CASSSGGSYEQYF	3	379
CASSSGTGEAFF	44	277
CASSIPYNEQFF	44	277
CASSGPYNEQFF	44	277
CASSSTANTEAFF	7	167
CASSLTSGGATDTQYF	132	2
CASSQGRNEQFF	44	277
CASSLTGGQVNTEAFF	330	2
CASSELGDTQYF	48	77
CASSQGGDTQYF	48	77
CASSLTGSEQYF	44	277
CASSLDGNEQYF	44	277
CASSLAPYNEQFF	40	64
CASSSGPGSTDTQYF	331	3
CASSYRGYNEQFF	332	2
CASSKSGGDYNEQFF	333	2
CASSQGAGTYEQYF	16	222
CASSQVGGTYEQYF	16	222
CASSPSGNTEAFF	7	167
CASSYSTNTEAFF	7	167
CASSVGTGGSNQPQHF	334	2
CASSLGDVEQYF	44	277
CASRLGDYEQYF	44	277
CASSGGDYEQYF	44	277
CASSQERGATEAFF	335	3
CASSQEAGGTEAFF	335	3
CASSLRGQYEQYF	3	379
CASSLGGFYEQYF	3	379
CSASNEQFF	336	2
CASSLGLDYEQYF	3	379
CASSLNLGYEQYF	3	379
CASSLGDGYEQYF	3	379
CASSPTGDGYTF	337	4
CASSYTGDGYTF	337	4
CASSLQGDGYTF	337	4
CASSGSHEQYF	15	181
CASSLEQNYEQYF	338	4
CASSQGSATEAFF	7	167
CASSFRGSYNEQFF	92	45
CASSSSTYEQYF	44	277
CASSLSEGRDEQFF	339	2
CASSYLSGSSYEQYF	340	2
CATSDTDSNQPQHF	341	3
CATSDWDSNQPQHF	341	3
CASSVGTGELFF	44	277
CASSSGTGELFF	44	277
CASSFGGAETQYF	42	30
CASSLGQAETQYF	42	30
CASSLGTGHTDTQYF	79	11
CASSPGDFQETQYF	342	2
CASSLSLTYEQYF	3	379
CASSYGLTYEQYF	3	379
CASSQDRGDEQFF	176	3
CASSSGDGYTF	343	2
CASSQAGDEQYF	44	277
CASSSSDTQYF	15	181
CASSLADTQYF	15	181
CASSLKDTQYF	15	181
CASSLTDTQYF	15	181
CASSLIDTQYF	15	181
CASRLSDTQYF	15	181
CASSPTSGGYNEQFF	172	13
CASSLTGGGYNEQFF	172	13
CASSVQGSTEAFF	7	167
CASSLQGGTEAFF	7	167
CASSLQGYTEAFF	7	167
CASSLGTSGSSYEQYF	102	2
CSARNNEQFF	344	2
CASRGGLNTEAFF	345	2
CASSSGGNTEAFF	7	167
CASSDGGNTEAFF	7	167
CASSEGGNTEAFF	7	167
CASSGEESYEQYF	346	2
CASSLGDRGYEQYF	39	8
CASSPTYTGELFF	31	19
CASSLGSGELFF	44	277
CASSLVAGELFF	44	277
CASSVGGGNTEAFF	33	86
CASSLGFGNTEAFF	33	86
CASSNGGGNTEAFF	33	86
CASSLGGENTEAFF	33	86
CASSPGGGNTEAFF	33	86
CASSRASSYNEQFF	347	2
CASSSRDSSYEQYF	348	2
CASSPGGQETQYF	42	30
CASSPGLQETQYF	42	30
CASSYGATNEKLFF	349	2
CATSRGLAGGDTQYF	350	2
CASSVASGSYEQYF	16	222
CASSQESGSYEQYF	16	222
CASSLGDGNYEQYF	16	222
CASSLGTSNYEQYF	16	222
CASSSGTGNYEQYF	16	222
CASSLGTGPYEQYF	16	222
CASSLRGHNEQFF	351	3
CASSLFTHNEQFF	351	3
CASSPGGGASYEQYF	149	3
CASSPQGAYEQYF	3	379
CASSPWGRYEQYF	3	379
CASSLKTVEAFF	352	2
CASSSLGNTEAFF	7	167
CASSEGWNTEAFF	7	167
CASSWGQGNEQFF	3	379
CASSPAGSSYEQYF	16	222
CASSGTGSSYEQYF	16	222
CASSSGREAFF	213	35
CASSSGVEAFF	213	35
CASSEGAEAFF	213	35
CASNSGAEAFF	213	35
CASSKGAEAFF	213	35
CASSSGTDGYTF	353	4
CASSYWTDGYTF	353	4
CASSPRPENTEAFF	354	4
CASSRIAGNEQYF	355	2
CASSPVQGFYNEQFF	356	2
CASSADRVNTEAFF	313	3
CASSLSGNGYTF	24	7
CASSVTGVGNEQFF	357	2
CASSLTGTAYEQYF	16	222
CASSLTGRTYEQYF	16	222
CASSLTGVAYEQYF	16	222
CASSLAGRAYEQYF	16	222
CASSPDRGNTGELFF	358	2
CASSPLTGRTDTQYF	359	3
CASSNQETQYF	15	181
CASRQQETQYF	15	181
CASSYSETQYF	15	181
CASSPRTVNTEAFF	360	3
CASSSGGAYEQYF	3	379
CASSSGTSYEQYF	3	379
CASRRTSGGTDTQYF	361	2
CASSFPDTQYF	15	181
CASSQGPYNEQFF	40	64
CASSWGDYNEQFF	40	64
CASSVGTSSYEQYF	16	222
CASSVGDSSYEQYF	16	222
CASSVGRSSYEQYF	16	222
CASSLGLAPNEQFF	362	2
CASSPSPYEQYF	44	277
CASSFSIYEQYF	44	277
CASSFSPWEQYF	44	277
CASSQGAGAGQPQHF	363	2
CASSPGEGLYEQYF	16	222
CASSPGQGPYEQYF	16	222
CASSGGQGLYEQYF	16	222
CASSPGQGAYEQYF	16	222
CASSPGQGDYEQYF	16	222
CASSERGGTVNEQFF	283	2
CASSLAGGTDTQYF	364	25
CASSLISGTDTQYF	364	25
CASSLIGNTDTQYF	364	25
CASSLAGGPVYNEQFF	365	4
CASSLSGGPSYNEQFF	365	4
CASSPGQAAEQYF	3	379
CASSPGQLYEQYF	3	379
CASSSRDRAYEQYF	366	2
CASSLHPYNEQFF	40	64
CASSLVTGYQETQYF	367	2
CASSLDYNEQFF	44	277
CASSPGNEQFF	15	181
CSARSTENTEAFF	368	2
CASSWTSNTGELFF	369	2
CATKGYGYTF	370	2
CASSQGMNTEAFF	7	167
CASSVGGPYEQYF	319	2
CASSNTEETQYF	48	77
CASSFFDEQFF	15	181
CASSLEGGSNQPQHF	256	4
CASSSAGTSYEQYF	371	2
CASSQGADTQYF	48	77
CASSQGVDTQYF	48	77
CASSLGPDNEQFF	298	2
CASSPKGVNTEAFF	372	2
CASSQMGGAYEQYF	373	2
CASSPSGGYEQYF	3	379
CASSPRGGYEQYF	3	379
CASSPEGMYEQYF	3	379
CASSLRSNEQFF	44	277
CASSVGGTGVYEQYF	222	2
CASSPGYYEQYF	44	277
CASSQDPGEGETQYF	374	2
CASSLVVGIETQYF	375	2
CASSLWASEAFF	376	2
CASSLAYSSGNTIYF	377	2
CASSLEQIYEQYF	338	4
CASTDYGYTF	378	2
CASSQERGDYEQYF	16	222
CASSQEGGSYEQYF	16	222
CASSLGRWNTEAFF	379	3
CASSLGRQNTEAFF	379	3
CASSYGTGGREQYF	16	222
CASSLATGYEQYF	3	379
CASSATSGGVTDTQYF	380	2
CASSQEMGLNTEAFF	381	2
CASSLGAGVNTEAFF	312	8
CASSLGPGVNTEAFF	312	8
CASSLGGGVNTEAFF	312	8
CASSPLGGSYNEQFF	172	13
CASSPKRGSYNEQFF	172	13
CASSLLWYNEQFF	382	2
CASSPGLAGYNEQFF	198	9
CASSPGLAGADEQFF	198	9
CASSVAGGGKYNEQFF	383	2
CASGDYEQYF	384	4
CATGAYEQYF	384	4
CASSLGQEAFF	213	35
CASRGAGVGSYNEQFF	385	2
CASSLAGVSTDTQYF	386	4
CASSFAVSTDTQYF	41	2
CASSQGTGSYEQYF	16	222
CASSSPTGSYEQYF	16	222
CASSSGVGSYEQYF	16	222
CASSSGRGSYEQYF	16	222
CASSPYRNTEAFF	282	2
CASSLRGNYGYTF	38	66
CASSLWDRSYEQYF	387	2
CASSSGQDSYEQYF	16	222
CASSLGQDSYEQYF	16	222
CASSPGQHSYEQYF	16	222
CASSPGQDHYEQYF	16	222
CASSFGGIGYTF	24	7
CASSFAGSYEQYF	3	379
CSAGTSDTGELFF	388	2
CASSFGTGGNEQFF	389	2
CASSFFSGGDTQYF	390	2
CASSPSGGAGYEQYF	391	2
CASRGGEQFF	4	16
CASRGNEAFF	4	16
CASSVGSDTQYF	48	77
CASSVGRDTQYF	48	77
CASSDMNTGELFF	277	16
CASSYTNTGELFF	277	16
CASSFTNTGELFF	277	16
CASSRRTSTDTQYF	392	3
CASSPGQGSEQYF	3	379
CASSLGGHSYEQYF	16	222
CASSFGTLNTEAFF	33	86
CASSFGGYEQYF	44	277
CASSLEGYEQYF	44	277
CASSYGQNSNQPQHF	393	2
CASSLGQGFDEQYF	394	2
CASSISSGELFF	395	3
CASSDLSGELFF	395	3
CASSQGSHTEAFF	7	167
CASSLGSATEAFF	7	167
CASSEGGEQYF	15	181
CASSYGVEQYF	15	181
CASSIRGSNTEAFF	396	2
CASSYGASYEQYF	3	379
CASSYRVSYEQYF	3	379
CASSLGDRGRDEQYF	397	2
CASSALAGGGNEQFF	29	6
CASSPLAGGDNEQFF	29	6
CASSLEGTGGYEQYF	398	2
CASSLDSNSPLHF	82	6
CASSLAGTSGYEQYF	78	3
CASSLNGYNSPLHF	399	6
CASSLTGGNSPLHF	399	6
CASSLTGVNSPLHF	399	6
CASSLAASYEQYF	3	379
CASSLDGSYEQYF	3	379
CASSLAGAYEQYF	3	379
CASSLAGTYEQYF	3	379
CASSLAGDYEQYF	3	379
CASGLAGSYEQYF	3	379
CASSPGGATEAFF	7	167
CASSYSSETQYF	48	77
CASSLSQETQYF	48	77
CASSLSTEAFF	213	35
CASSLRDRGLETQYF	118	3
CASSPGSDEQYF	44	277
CASSLAVREQFF	400	2
CASSLSPAGGTDTQYF	401	2
CASSTGTATNEKLFF	402	5
CASSLGTATNEKLFF	402	5
CASSAGTATNEKLFF	402	5
CASSPDRISYNEQFF	73	31
CASSLDRSSYNEQFF	73	31
CASSLDYYSNQPQHF	83	2
CASSEGGAPYEQYF	403	2
CASSWSGGGSYEQYF	404	5
CASSLSGGGSYEQYF	404	5
CASSPWGGGSYEQYF	404	5
CASSPVGGGSYEQYF	404	5
CASSLSAGMNTEAFF	121	2
CASSYPDNYGYTF	161	4
CASSFSGGNEQFF	405	9
CASGSNTEAFF	213	35
CASSPTGLAAYNEQFF	406	2
CASSYGAMNTEAFF	296	4
CASSLAGTNYGYTF	407	6
CASSWGGPNTEAFF	33	86
CASGTENTEAFF	408	3
CASSPDRSSYNEQFF	73	31
CASSASRNTGELFF	43	20
CASSYSRPNEQFF	405	9
CASSYSGVNEQFF	405	9
CASSLLSNQPQHF	34	49
CASSVGTNQPQHF	34	49
CASSQGPNQPQHF	34	49
CASSLRPGELFF	44	277
CASSTSYNEQFF	44	277
CASSSRYEQFF	15	181
CASSSSNEQFF	15	181
CASSLAGLTYEQYF	409	3
CASSFSGTGGSEQFF	410	2
CASSRPYEQYF	15	181
CASSRGDEQYF	15	181
CASSDGYEQYF	15	181
CASSPGYEQYF	15	181
CASSFGYEQYF	15	181
CASSDYGYTF	378	2
CASSLRGGETQYF	120	2
CASSPGQYEQYF	44	277
CASSGYTGELFF	44	277
CASSQGLAGTYEQYF	411	8
CASSLGLAGSYEQYF	411	8
CASSQGLASSYEQYF	411	8
CASSYRSYNEQFF	332	2
CASSLGSAEAFF	17	69
CASSLQSTEAFF	17	69
CASSLGQTEAFF	17	69
CASSRGSTEAFF	17	69
CASSLGPTEAFF	17	69
CASSQGSTEAFF	17	69
CASSLGDTEAFF	17	69
CASSIGQGTEAFF	412	2
CASSPLAGEETQYF	413	6
CASSPLGGGETQYF	413	6
CASSVGGDTYEQYF	16	222
CASSVGGSTYEQYF	16	222
CASSWGNEQFF	15	181
CASSMGNEQFF	15	181
CASSLEQGFYNEQFF	414	6
CASSPGWGSYEQYF	16	222
CASSLGTGDEKLFF	415	2
CASSQDFTYEQYF	3	379
CASSQGSTYEQYF	3	379
CSARDRVSYNEQFF	416	2
CASRETGEGYEQYF	11	2
CASSLTGGFGYTF	417	4
CASSLTGGHGYTF	417	4
CASSFSGNQPQHF	34	49
CASSFSSNQPQHF	34	49
CASSFGSADTQYF	418	2
CASSYLQSYEQYF	3	379
CASSVTGEGNEQFF	357	2
CASSYRGPPYNEQFF	419	2
CASGRGSTEAFF	17	69
CASSPETSTDTQYF	420	3
CASSVDRGQTEAFF	421	2
CASTRLAGAGTDTQYF	422	2
CASSLRTSGIYEQYF	423	3
CASSARTSGTYEQYF	423	3
CASGAGSSYNEQFF	424	2
CASSYGGRETQYF	42	30
CASSQGASYEQYF	3	379
CASSFGISYEQYF	3	379
CASSSGISYEQYF	3	379
CASSFRDSSSYEQYF	425	2
CASSQAKNTEAFF	278	4
CASSPGRGRNEQFF	92	45
CASSPGTGDNEQFF	92	45
CASSPGGGTDTQYF	364	25
CASSPLGGTDTQYF	364	25
CASSLPGANVLTF	112	3
CASSLEDTDTQYF	3	379
CASSPGQGNEQFF	3	379
CASGPGQGNEQYF	3	379
CASSLGGLEAFF	17	69
CASSPGQGSYGYTF	27	25
CASSPRQGGYGYTF	27	25
CASSPGTGGYGYTF	27	25
CASSYADYEQYF	426	2
CASSKSSYNEQFF	40	64
CASSTESYNEQFF	40	64
CASSGRSSYNEQFF	92	45
CASSPPGAEETQYF	427	2
CASSVEGSGTEAFF	428	2
CASSAGVDNNEQFF	429	2
CASSPPSGTTDTQYF	430	2
CASSLYKSSYNEQFF	140	2
CASSLTGGGTEAFF	216	4
CASSPPGPTGELFF	431	2
CASSSGANYGYTF	38	66
CASSGGTNYGYTF	38	66
CASSLDGSRYEQYF	432	2
CASLERATNEKLFF	433	2
CASSSGAEAFF	213	35
CASSLGGTSNEQYF	16	222
CASGASNQPQHF	434	2
CASSLEAGRGYTF	435	2
CASSEGGNEQYF	44	277
CASSLGVNEQYF	44	277
CASSLGLTNTEAFF	436	2
CASRDTGELFF	437	2
CSARDEGYEQYF	438	5
CSARDVGYEQYF	438	5
CSARDQGLEQYF	438	5
CASSLVQGPETQYF	439	2
CASSSTGVGYTF	211	2
CASSLSRGGGYTF	440	2
CASSRQDSGANVLTF	441	2
CASSVASSYNEQFF	347	2
CASSPTNQPQHF	275	3
CASSSNNQPQHF	275	3
CASSLNQETQYF	48	77
CASSLMQETQYF	48	77
CASSTGLAGVHEQFF	442	2
CASGGTSYEQYF	443	2
CASSLEGPYEQYF	3	379
CASSLTAPYEQYF	3	379
CASSLTGAYEQYF	3	379
CASSLRGGYEQYF	3	379
CASSLWGSGNTIYF	265	3
CASSLEYSGNTIYF	265	3
CASSLGGLAGVGTGELFF	91	2
CASSPGTGGLIEQYF	144	8
CASSPSGGAYEQYF	16	222
CATSDLDSNQPQHF	341	3
CASSGQGTETQYF	444	3
CASSGKGPETQYF	444	3
CASSLGNIQYF	15	181
CASSQGNEQYF	15	181
CASSLGDEQYF	15	181
CASSLGAEQYF	15	181
CASSLTNEQYF	15	181
CASSQDLAGGGETQYF	445	2
CASSLLRAGELFF	77	15
CASGSGTISTDTQYF	446	2
CASSLGGNYGYTF	38	66
CASSLVRNQPQHF	34	49
CASSLVGYQPQHF	34	49
CASSSQRDSTDTQYF	447	2
CASSQGTYEQYF	44	277
CASSQEPGQGYEQYF	448	3
CASSLEPGQVYEQYF	448	3
CASSLNTYEQYF	44	277
CASSLGQGSEQYF	3	379
CASSPGTPYEQYF	3	379
CASSWGTVYEQYF	3	379
CASSRGTVYEQYF	3	379
CASSHGGNYEQYF	449	3
CASSLPGLAYNEQFF	450	2
CASSLVEGTEAFF	7	167
CASSLVRNTEAFF	7	167
CASSLRENTEAFF	7	167
CASSPSGGGSYEQYF	404	5
CASSLATSSYEQYF	16	222
CASSLTESSYEQYF	16	222
CASSFGRDEQYF	44	277
CASSWGGDEQYF	44	277
CASSRGRATEAFF	7	167
CASSLGVATEAFF	7	167
CASSLSRATEAFF	7	167
CASSLGRITEAFF	7	167
CASSLGRYTEAFF	7	167
CASSLGRVTEAFF	7	167
CASSLVENTEAFF	7	167
CASSLGDRNTEAFF	33	86
CASSLGWRDTEAFF	33	86
CASSLRGSNSPLHF	451	4
CASSLGTSNSPLHF	451	4
CASSYYNEQFF	15	181
CASSPGTSGGDTQYF	452	2
CASSLGQGGYEQYF	16	222
CASSLSTGGYEQYF	16	222
CASSGTSGSYEQYF	16	222
CASSYSTGGRGYTF	453	2
CASSDPGAYEQYF	454	2
CASSLEGNTEAFF	7	167
CASSLGGKTEAFF	7	167
CASSGQGNEQFF	44	277
CASRYGLNTEAFF	345	2
CASSLDQGAYEQYF	16	222
CASSPRYSNQPQHF	167	2
CASSQRDGDNYGYTF	455	2
CASSQDWGEGETQYF	374	2
CASSFGRDYGYTF	38	66
CASSSGQDYGYTF	38	66
CASSLGQGPDTQYF	230	12
CASSQGGGGTDTQYF	181	5
CASSQDPGGTDTQYF	181	5
CASSYDGGGTDTQYF	181	5
CASSSRGPPYNEQFF	419	2
CASSQDGGYYGYTF	174	2
CASSSGTGLDYGYTF	456	2
CASRGQGYEQYF	44	277
CASSYGDTGELFF	169	12
CSARGGAYEQYF	457	2
CASSLAGETQYF	48	77
CASSPPDETQYF	48	77
CASSPPGVTQYF	48	77
CASSPGGETQYF	48	77
CASSPSGETQYF	48	77
CSARLGDTQYF	458	2
CASSYGQLNTEAFF	288	6
CASSIGQANTEAFF	288	6
CASSLVGGSTDTQYF	459	2
CASSLYGVGDTQYF	139	2
CASSHGGEYEQYF	449	3
CASSKGGNYEQYF	449	3
CASSPNGDTQYF	48	77
CASSPTGAPDTQYF	460	2
CASSPRLAGAETQYF	166	2
CASSQGTSGGYEQYF	201	10
CASSLEGSYNEQFF	92	45
CASSLTGSYNEQFF	92	45
CASSLAGSYNEQFF	92	45
CASSETSGGADTQYF	329	2
CASSQVGGTEQYF	3	379
CASSPGQDSYEQYF	16	222
CASSSGQSSYEQYF	16	222
CASSLSSADTQYF	461	3
CASSSSGSTDTQYF	209	5
CASSETGSTDTQYF	209	5
CSARDLSTDTQYF	462	2
CASSLGLASEQYF	3	379
CASSFGNTEAFF	17	69
CASSQDDSYNEQFF	463	2
CASSPQRGSSYEQYF	464	2
CASSLRRWNEKLFF	465	2
CASSTGVVYEQYF	466	2
CASSLHRATDTQYF	230	12
CASSLERGTDTQYF	230	12
CASSLGGQGAYEQYF	228	5
CASSQVRGNTEAFF	467	2
CASSVGEDTQYF	48	77
CASSLASGPYEQYF	468	2
CASSLIAGSSYNEQFF	469	2
CASSLGLAGEYNEQFF	470	2
CASSFLAGGNTDTQYF	471	3
CASSMLAGGPTDTQYF	471	3
CASSPNNEQFF	15	181
CASSSNNEQFF	15	181
CASSFRAGELFF	472	2
CASSLGQGANTGELFF	473	3
CASSGQGPETQYF	444	3
CASRLGGEQYF	15	181
CASSLRDRGHEQYF	39	8
CASMGDTQYF	300	2
CASSFSRNYEQYF	56	2
CASSSRTDGNTIYF	474	2
CASSPGTVNEQFF	155	3
CASSIGGVNEQFF	155	3
CSARDFSTDTQYF	462	2
CASSLRTSGTYEQYF	423	3
CASSRGVSGNTIYF	475	2
CASSRGISYNEQFF	476	3
CASSRGESYNEQFF	476	3
CASSRTSGGAYNEQFF	477	2
CASSVAGSSYEQYF	16	222
CASSPGLTNYGYTF	478	2
CASSLGRGLYEQYF	16	222
CASSYLNTGELFF	277	16
CASSYSNTGELFF	277	16
CASSSDVEAFF	213	35
CASSLRRTDTQYF	3	379
CASSFGTSSYEQYF	16	222
CASSKFGSTDTQYF	479	7
CASSLQGSTDTQYF	479	7
CASSQETSTDTQYF	420	3
CASSPPTSTDTQYF	420	3
CSARGGDYGYTF	480	2
CASSLGVGYGYTF	38	66
CASSLGQGYGYTF	38	66
CASSLGSHYGYTF	38	66
CASSLGPGYGYTF	38	66
CASSLGQVSYEQYF	16	222
CASSRGTDTGELFF	481	3
CASSPGTSTGELFF	481	3
CASSTTSGPYNEQFF	482	2
CASSLGQGVYGYTF	27	25
CASSSSGGFYEQYF	483	4
CASSYSGGGYEQYF	483	4
CASSQGQGATEAFF	33	86
CASSEGQGNTEAFF	33	86
CASSKGQGNTEAFF	33	86
CASSVEAGTYEQYF	484	2
CASSGGTSGRTDTQYF	485	2
CASSAPDSYEQYF	3	379
CASSPRDSYEQYF	3	379
CASSPTDSYEQYF	3	379
CASSFTEKLFF	195	7
CASRPGTGDYEQYF	18	2
CASSEQGNYGYTF	38	66
CASSLQDNYGYTF	38	66
CASSLWDYSYEQYF	387	2
CASSLGGGNTEAFF	33	86
CASSLAGRNTEAFF	33	86
CASSYIGQNTEAFF	486	2
CASSDNPYEQYF	487	2
CASSLTGGAGNEQFF	291	2
CASSSGKTYEQYF	3	379
CASSSGATYEQYF	3	379
CASSPTGSDTGELFF	171	2
CASSVGSSSYEQYF	16	222
CASSVGTSTYEQYF	16	222
CASSPPGGGEQYF	488	2
CASSATGNYEQYF	3	379
CASSETSGGAYNEQFF	477	2
CASSFGGETQYF	48	77
CASSDGTGGNEQFF	389	2
CASSPDLDTQYF	48	77
CASTPDTDTQYF	48	77
CASSPSTDTQYF	48	77
CASLLAGGNNEQFF	489	2
CASSQQGGNEKLFF	490	2
CASSATVITDTQYF	32	2
CASSYGQVNQPQHF	199	7
CASSQGQVNQPQHF	199	7
CASSLVARGQETQYF	491	2
CASSQETGSGANVLTF	492	3
CASSYIPYEQYF	44	277
CASSLGSGGTDTQYF	79	11
CASSPGTYLNEQFF	92	45
CASSAGLAGDYEQYF	493	2
CASSYSSGSYEQYF	494	3
CASSPPSYYEQYF	162	2
CASSPGTSGIEQYF	16	222
CASSSGTSGYEQYF	16	222
CASSPGASGYEQYF	16	222
CASSLGRSYGYTF	100	2
CASSSGTGDQPQHF	495	2
CASSFTGNTIYF	9	7
CASSLGGNTIYF	9	7
CASSFRPGGHEQYF	54	2
CASSLTANYGYTF	38	66
CASSLGLNYGYTF	38	66
CASRGGSTDTQYF	3	379
CASTGGGTDTQYF	3	379
CASSPGTVGQPQHF	496	3
CASSPGTGNQPQHF	496	3
CASSAPGTGHYEQYF	30	3
CASSLTVYNEQFF	40	64
CASSLVVYNEQFF	40	64
CASSLFGASTDTQYF	497	4
CASSPFGASTDTQYF	497	4
CASSLDGRGTEAFF	498	3
CASSLDWRGTEAFF	498	3
CASSPGLAADTQYF	499	3
CASSPGEGYEQYF	3	379
CASSPTTGYEQYF	3	379
CASSPGPGYEQYF	3	379
CASSLERATDTQYF	230	12
CASSPGVGYNSPLHF	157	3
CASSLLSTDTQYF	3	379
CASSSRTYEQYF	44	277
CASSQSTYEQYF	44	277
CASSSSFYEQYF	44	277
CASSPTGGEQYF	44	277
CASSSTGYEQYF	44	277
CASSIRAGDNTEAFF	71	2
CASSYSRVNEQFF	405	9
CASSYSGPNEQFF	405	9
CASSLTGTHEQYF	500	2
CASSFGTGGNQPQHF	501	2
CASSQGGVTDTQYF	364	25
CASSLGGADEQYF	3	379
CASSSSPGSTDTQYF	331	3
CASSLGPGSTDTQYF	331	3
CASSYAGPNTEAFF	33	86
CASSPAGPNTEAFF	33	86
CASSYSMVTEAFF	502	2
CASRETEAFF	289	3
CASSLGGSGYEQYF	16	222
CASSLSGSYYEQYF	16	222
CASSLGGPTDTQYF	364	25
CASSLGGNTDTQYF	364	25
CASSYGFNQPQHF	34	49
CASSVGPNQPQHF	34	49
CASSVGSGQPQHF	503	2
CASSRLAGNEQYF	355	2
CASSLSSTYEQYF	3	379
CASSENTEAFF	213	35
CASSQENTGELFF	504	2
CASSLVPLSYEQYF	505	3
CASSLDGALDEQYF	506	2
CASSVGGANVLTF	507	2
CASSSTEQYF	508	2
CASIALTGELFF	509	2
CASSRDGYEQYF	44	277
CASSADGYEQYF	44	277
CASSLTINEKLFF	510	2
CASSFGGGYTF	36	6
CASSTDYEQYF	15	181
CASSFSSPRTDTQYF	262	2
CASSPGGTEAFF	17	69
CASSPGVTEAFF	17	69
CASSPGNTEAFF	17	69
CASSPGTFEAFF	17	69
CASSPGTPEAFF	17	69
CASSSGQINQPQHF	199	7
CASSLDGGAYNEQFF	511	2
CATQGEGNTEAFF	512	2
CASSLVGGSDTEAFF	513	2
CASSLADGGFSYEQYF	75	2
CASSPRDRGTDTQYF	165	3
CASSLRDRSTDTQYF	165	3
CASSLQGYEQFF	44	277
CASREGTGELFF	514	3
CASLEGTGELFF	514	3
CASSTSGANQPQHF	215	2
CASSQGGLAADTQYF	515	3
CASSLEADTQYF	48	77
CASSLSGDTQYF	48	77
CASSGGQSSYEQYF	16	222
CASSPGAGNSYEQYF	516	2
CASSFDRSQETQYF	517	3
CASSQTGGKTYEQYF	187	2
CASSFGGPTDTQYF	364	25
CASRITSGGTDTQYF	361	2
CASSSGTGGGDGYTF	518	2
CASSLGGPYNEQFF	92	45
CASSPGGSYNEQFF	92	45
CASSLDTEAFF	213	35
CASSLSGRRQETQYF	519	2
CASSPRPEGTEAFF	354	4
CASSPRPPNTEAFF	354	4
CASSLANTDTQYF	3	379
CATSRGLAGTDTQYF	350	2
CASSLGNEQYF	15	181
CASSRGNIQYF	15	181
CASSLGGVLGETQYF	94	5
CASSQGYGYTF	520	4
CASRQGRGYTF	520	4
CASSDFGQGSYEQYF	304	3
CASSFFGQGAYEQYF	304	3
CSARGSEGQPQHF	521	2
CASSLGGASSYNEQFF	522	2
CASSAGVENNEQFF	429	2
CASSVTDYNEQFF	40	64
CASSLGGSNSPLHF	451	4
CASSLRDSNSPLHF	451	4
CASSRGQHYGYTF	523	2
CASSHPGSSYEQYF	16	222
CASSQGLAGSYEQYF	411	8
CASSLGLAGTYEQYF	411	8
CASSLAGGSSYEQYF	524	2
CASSSGGGGELFF	525	2
CASSQAGGQPQHF	254	2
CASSPPGGSEQYF	488	2
CASSLIGGSYNEQFF	73	31
CASSEGGGSYNEQFF	73	31
CASSLGGGTYNEQFF	73	31
CASSLRDEQYF	15	181
CASSLVGSTDTQYF	479	7
CASSSGITYEQYF	3	379
CASSPGIDEQYF	44	277
CASGDGNQPQHF	2	13
CASGLGYQPQHF	2	13
CASSLADSNTEAFF	526	2
CASSPRTSGSYEQYF	201	10
CASSPGTSVSYEQYF	201	10
CASRGQGNQPQHF	318	2
CASSLAGTGELFF	77	15
CASSLSHTGELFF	77	15
CATSPGETQYF	527	2
CSARDRGGSYEQYF	281	3
CASSLTGRAYEQYF	16	222
CASSLGGTAYEQYF	16	222
CASSSDRSYEQYF	3	379
CASSLAGQEQYF	44	277
CASSHAGDEQYF	44	277
CASSLARDEQYF	44	277
CASSFPGVETQYF	42	30
CASSFSGIETQYF	42	30
CASSSRDNYGYTF	206	2
CASSGGGETQYF	48	77
CASSFDGETQYF	48	77
CASSLYETDTQYF	528	2
CASSPSGQPQHF	168	6
CASSSGGQPQHF	168	6
CASSRGGQPQHF	168	6
CASAGGNQPQHF	2	13
CASSLGGRVDTQYF	529	2
CASSYEAYEQYF	44	277
CASSLVGTDYGYTF	530	2
CASSYSGGNEQFF	405	9
CASSYSGNNEQFF	405	9
CASSLGQAVYEQYF	65	9
CASSVGGRTEAFF	7	167
CASSPGTHSYEQYF	16	222
CASSPRGTNTEAFF	158	14
CASSRTYNEQFF	531	2
CASSFRSSYNEQFF	92	45
CASIGGTDTQYF	48	77
CASSATNEKLFF	532	4
CASSLGGGDEQYF	3	379
CASSSLEQYF	508	2
CASSPDYTGELFF	31	19
CASSLGRATEAFF	7	167
CASSQFGGDTQYF	533	6
CASSQRGGDTQYF	533	6
CASSQVGGDTQYF	533	6
CASSQEGGDTQYF	533	6
CASSLVEGLETQYF	534	2
CASSLDGKGYEQYF	535	2
CASSPGTDQETQYF	536	2
CASSLRQQETQYF	537	2
CASSHGGSTDTQYF	209	5
CASSLGGVTDTQYF	364	25
CASSGGGPTDTQYF	364	25
CASTLGGPTDTQYF	364	25
CASKESNQPQHF	538	3
CASREGNQPQHF	538	3
CASSLAGRGEQFF	539	2
CAWSGGGEQYF	15	181
CASSLGLYNEQFF	40	64
CASSKLAGGTDTQYF	62	14
CASSLLAGLTDTQYF	62	14
CASSLGILYEQYF	3	379
CASSLGGQYEQYF	3	379
CASSEGGLYEQYF	3	379
CASSLGLGGTYEQYF	411	8
CASSLWDSQETQYF	540	3
CASSLASTDTQYF	3	379
CASSDNYEQYF	15	181
CASSFNYEQYF	15	181
CASSSPDNYEQYF	3	379
CASSYQNTGELFF	277	16
CASSSRGGQETQYF	207	2
CASSSRNTEAFF	17	69
CASSSQNTEAFF	17	69
CASSPINTEAFF	17	69
CASSSKNTEAFF	17	69
CASSWGGDTEAFF	7	167
CASSRGVSYNEQFF	476	3
CASSDGGGYEQYF	3	379
CASSPEGGYEQYF	3	379
CASSQEAGATEAFF	335	3
CASSYGQVGYEQYF	541	2
CASGYTPDTQYF	542	2
CASSPPGDEQYF	44	277
CASSLSPGGGYTF	440	2
CASSQDESSYNEQFF	543	2
CASSPGTGGLYEQYF	144	8
CASSVRTVNTEAFF	360	3
CASSPLTVNTEAFF	360	3
CASSLVQDEQFF	44	277
CASSSGTAAYEQYF	16	222
CASSSGLADYEQYF	16	222
CASSEAGNTEAFF	7	167
CASSPSGGAGETQYF	328	2
CASSYPGVYEQYF	544	2
CASSEDRGNTEAFF	545	2
CASSRRNTIYF	546	3
CASSFGNTIYF	546	3
CASSQDWGSTDTQYF	547	2
CASSASGRGSYEQYF	548	3
CASSLGQGAFTEAFF	549	4
CASSLGQGADTEAFF	549	4
CASSLGQGATTEAFF	549	4
CASSPPDSYEQYF	3	379
CASSAGDSYEQYF	3	379
CASSYPYNEQFF	44	277
CASSGPTNYGYTF	38	66
CASSPDRGLYEQYF	550	4
CASSPDRGGYEQYF	550	4
CASSLNGELFF	15	181
CASSQASGSYEQYF	16	222
CASSPTENTEAFF	7	167
CASSPGTTEAFF	17	69
CASSFGGTEAFF	17	69
CASSGGGTEAFF	17	69
CASSHGGTEAFF	17	69
CASSPLGTEAFF	17	69
CASSGGPTDTQYF	3	379
CASSSTRDSTDTQYF	447	2
CASSQMDRVETQYF	303	2
CASSPGGGGYEQYF	16	222
CASSPTGGPYEQYF	16	222
CASSYGGGPYEQYF	16	222
CASSLSGGELFF	44	277
CASSTSTGELFF	44	277
CASSASTGELFF	44	277
CASSLSMNTEAFF	7	167
CASSVSMNTEAFF	7	167
CASSVGTNTEAFF	7	167
CASSPGSLNTEAFF	288	6
CASSASGTQETQYF	551	2
CASSLEQGAYNEQFF	414	6
CASSLGQGYYNEQFF	414	6
CASSVTGPYGYTF	223	2
CASSPGPQETQYF	42	30
CASSYGGQETQYF	42	30
CASGPGGQETQYF	42	30
CASSPIGQETQYF	42	30
CASSPGGGETQYF	42	30
CASSQEPTGELFF	504	2
CASSSINTEAFF	17	69
CASSSRGTEAFF	17	69
CASSFRNTEAFF	17	69
CASSQGLRPYEQYF	252	2
CASSESGGRYEQFF	552	2
CASSLKGSNYGYTF	407	6
CASSLAGSNYGYTF	407	6
CASSSGKNTGELFF	553	5
CASSFGLNTGELFF	553	5
CASSFGTMNTEAFF	33	86
CASSIQGTYGYTF	554	2
CASSPSGAAGYEQYF	391	2
CASSIATSSYNEQFF	73	31
CSVAPMNTEAFF	555	2
CASSLQDSGANVLTF	441	2
CASSFGSNQPQHF	34	49
CASSLVRAGSTDTQYF	307	2
CASSLGLGPYEQYF	16	222
CASSLRQGPYEQYF	16	222
CASSQAGTGTYEQYF	556	2
CASSSQDTEAFF	17	69
CASSPTYPSSYNEQFF	557	2
CASSLDRDYNEQFF	558	2
CASSLGGGPSYEQYF	559	4
CASSLQGSPSYEQYF	559	4
CASSLEQGTDTQYF	230	12
CASSFPGNEQFF	44	277
CASSQDLAGGQETQYF	445	2
CASSLAGEVDTQYF	364	25
CASSLAGGIDTQYF	364	25
CASSLGQPNQPQHF	560	2
CASSRYYNEQFF	531	2
CASSPGAGSYEQYF	16	222
CASSLGGGSNEQYF	16	222
CASGWGPAYEQYF	561	2
CASRTANYGYTF	562	2
CASSYGTATYGYTF	26	9
CASSGSGTQETQYF	551	2
CASSYGLADNEQFF	563	3
CASSSGLADNEQFF	563	3
CASSLDLRGTEAFF	498	3
CASSSAGSDEQYF	564	2
CASSVDNEQFF	15	181
CASSFPGFTEAFF	565	2
CASSFSGSYNEQFF	92	45
CASSAWDSQETQYF	540	3
CASSLFDSQETQYF	540	3
CASSSGLRYEQYF	566	2
CASRPDNTEAFF	17	69
CASRFGNTEAFF	17	69
CASSPPGRTEAFF	7	167
CASSPPGSTEAFF	7	167
CATSLSGSYEQYF	3	379
CASSESGSYEQYF	3	379
CASGLSGSYEQYF	3	379
CASRTTVMNTEAFF	567	2
CASSPSSSGANVLTF	568	3
CASSVRGTEAFF	17	69
CASSIRAAGELFF	70	2
CASSTTEETQYF	48	77
CASSAFNEKLFF	532	4
CASSLGQGAYTEAFF	549	4
CASSQIRGPYNEQFF	284	2
CASRSAGDTGELFF	569	2
CASSLVGGWDEQYF	570	4
CASSLVGGPDEQYF	570	4
CASSSGAYEQYF	44	277
CASSLASLSYEQYF	571	2
CASSTTGGADTQYF	572	5
CASSSGGGADTQYF	572	5
CASSLAGQVNEQYF	573	2
CASSHRGQPQHF	168	6
CASSFSRNTEAFF	7	167
CASSLSVNTEAFF	7	167
CASMDSYEQYF	15	181
CASSLGIAKNIQYF	574	4
CASRSTVMNTEAFF	567	2
CASSVGGGEQFF	44	277
CASSVRGDEQFF	44	277
CASSDRGDTQYF	575	2
CASSQSWDSPYEQYF	576	2
CASSADNPYEQYF	577	2
CASSLAGTGTYEQYF	556	2
CASSSGGLAFF	578	2
CASSLTGYNSPLHF	399	6
CASTTDSYNEQFF	579	2
CASSRGTSGNNEQFF	580	2
CASSWTSGGYEQYF	16	222
CASSPPSGGYEQYF	16	222
CASGTGGGNQPQHF	581	2
CASSRPGELFF	582	2
CASSTPSGPYNEQFF	482	2
CASSYPQMNTEAFF	296	4
CASSVDRGTYEQYF	583	2
CASSEKGGRETQYF	37	3
CASSIAGGRETQYF	37	3
CASSIADSNTEAFF	526	2
CASSQGVVYEQYF	466	2
CASSEGTGYNEQFF	92	45
CASSVGTGNNEQFF	92	45
CASSLHRGDTQYF	584	2
CASSRGGGNEQFF	40	64
CASSLGQGDGYTF	38	66
CASSWGQNYGYTF	38	66
CASSPGLAGANEQFF	198	9
CASSDGLAGYNEQFF	198	9
CASSFGLAGYNEQFF	198	9
CASSFGNEQFF	15	181
CASSQGGGTDTQYF	364	25
CASSQGISYEQYF	3	379
CASSQGAGYEQYF	3	379
CASSLSADTQYF	48	77
CASSLADNEQFF	44	277
CASSPPDRAYEQYF	585	2
CASSPEGLAAYNEQFF	406	2
CASSHGPTYEQYF	3	379
CASSPGPTYEQYF	3	379
CASSSGLAGVNEQFF	198	9
CASSQGGSPLHF	183	2
CASSLDGGNYNEQFF	511	2
CASSLVGGEQYF	44	277
CASSLVTYEQYF	44	277
CASSLVVYEQYF	44	277
CASSMDGYEQYF	44	277
CASSPAGELFF	15	181
CASSVAGEQFF	15	181
CASSLGTGFTEAFF	33	86
CASSEGWGYTF	36	6
CASSPGGGYTF	36	6
CASSEGSSYEQYF	3	379
CASSLGPSYEQYF	3	379
CASSLPGQGVSGELFF	586	2
CASSFSGVETQYF	42	30
CASSMDSTDTQYF	3	379
CASSLDDTDTQYF	3	379
CASSKQGSTDTQYF	479	7
CASRARGNEKLFF	587	2
CASSLAGLDTQYF	3	379
CASSLTGDGYTF	337	4
CASSLEQGANTGELFF	473	3
CASSQGQGANTGELFF	473	3
CASSEVGYNEQFF	40	64
CASSKAGYNEQFF	40	64
CASSLHGRETQYF	588	2
CASGTGGTEAFF	589	2
CASSIGLGEQYF	68	2
CASSAGTGDQPQHF	495	2
CASSYSSGGFNEQFF	590	3
CASSYTSGGDNEQFF	590	3
CASKPTSTDTQYF	3	379
CASSPGRNTGELFF	591	4
CASSPGTSGYEQYF	16	222
CASSVGGSGYEQYF	16	222
CASSFSDSQETQYF	592	2
CASSLGADSNSPLHF	593	2
CASSDTNTEAFF	17	69
CASSLEWGGETQYF	86	3
CASSEGSGGSYNEQFF	594	3
CASSFGQGANTEAFF	46	2
CASSLGLSEQYF	44	277
CASSPVGVNTEAFF	372	2
CASSRGNTIYF	546	3
CASSPGTSLNEQFF	92	45
CASSQDRLSGYEQYF	595	2
CASSWTSGQETQYF	596	2
CASSQRTANTEAFF	597	2
CASSFLSNTEAFF	598	4
CASSFPSNTEAFF	598	4
CASSLVEAFF	599	2
CASSPRDGELFF	44	277
CASSPLPGELFF	44	277
CASSPRQGELFF	44	277
CASSVGGYSYEQYF	16	222
CASSLGAEQFF	15	181
CASSLEAEQYF	15	181
CASSLLAEQYF	15	181
CASSVADSGYEQYF	600	2
CASSLGAGGTEAFF	33	86
CASSLAGTGYEQYF	16	222
CASSLVGVGYEQYF	16	222
CASSSLGYEQYF	44	277
CASSKDSAYEQYF	3	379
CASSLGAGDTQYF	601	3
CASSGGAGDTQYF	601	3
CASSLDSPYEQFF	602	2
CASRGQSYEQYF	44	277
CASSGQGYEQYF	44	277
CSARGTENTEAFF	368	2
CASSYGGPQETQYF	603	2
CASSQFGLAADTQYF	515	3
CASSLGGLAADTQYF	515	3
CASSYSWDEQFF	604	3
CASSLTWDEQFF	604	3
CASSSSGTYNEQFF	605	3
CASSSPGAYNEQFF	605	3
CASSLEGTHEQYF	500	2
CASSPGLRETQYF	42	30
CASKRGSTEAFF	17	69
CASSLGASGYEQYF	16	222
CASSSTGGADTQYF	572	5
CASSTTGGKDTQYF	572	5
CASSLFRGAYEQYF	264	7
CASSLAPGAYEQYF	264	7
CASSQAGGDTQYF	533	6
CASSLPAYEQYF	44	277
CASSVGHTEAFF	17	69
CATSVGNTEAFF	17	69
CASSVKNTEAFF	17	69
CASSLDGDTQYF	48	77
CASSQAGTPNTGELFF	606	2
CASSPTSGGYEQYF	16	222
CASSFGGITDTQYF	364	25
CASSNGVDEQFF	607	2
CASSVAGGGRYNEQFF	383	2
CASSLVGSYNEQFF	92	45
CASSLDRGQETQYF	90	13
CASKTGVNTEAFF	7	167
CASRTGMNTEAFF	7	167
CASSPGDNQPQHF	147	7
CASSPGGHQPQHF	147	7
CASSRGGNQPQHF	147	7
CASSYRDSYEQYF	3	379
CASSPRPSYEQYF	3	379
CASSPRQGYEQYF	3	379
CASSDGGGGTEAFF	33	86
CASSPSGGGTEAFF	33	86
CASSLLTYEQYF	44	277
CASSFGGGSYEQYF	16	222
CASSPGGRSYEQYF	16	222
CASSLTGAEAFF	17	69
CASSLWGTEAFF	17	69
CASSLSGTEAFF	17	69
CASSLTGIEAFF	17	69
CASSRTSGSYNEQFF	172	13
CASSLGSGYGYTF	38	66
CASSLGVTYGYTF	38	66
CASSQGGGTYEQYF	16	222
CASSSTNPYEQYF	3	379
CASSLAGPNTEAFF	33	86
CASSLAGRETEAFF	33	86
CASSLQGWDEQYF	124	4
CASSAQGTYGYTF	554	2
CASSLMNTEAFF	17	69
CASSKDPYEQYF	44	277
CASSPDMYEQYF	44	277
CASSPDLYEQYF	44	277
CASSPDTYEQYF	44	277
CASSLLAGGTDTQYF	62	14
CASSSGDRAYEQYF	366	2
CASSQALGSTEAFF	608	2
CASSLSTGNEQYF	3	379
CASSLILGNEQYF	3	379
CASSGTGVYEQYF	609	2
CASSLRGGSAYEQYF	610	2
CATSRGTTGELFF	611	2
CASSYLAGSTDTQYF	62	14
CASSYGGSSYEQYF	612	3
CASRGNEQFF	4	16
CASGGGEQFF	4	16
CASSQGLAGVHEQFF	442	2
CASTPGYMNTEAFF	235	2
CASSLYLNTEAFF	7	167
CASSTAGGSYEQYF	16	222
CASSQGDTEAFF	17	69
CASSLGQYYEQYF	3	379
CASSLGQGYEQFF	3	379
CASLLGQGYEQYF	3	379
CASSYKGYEQYF	613	2
CASSFGTSIYEQYF	16	222
CASSLGSLSYEQYF	571	2
CASRGQQETQYF	614	3
CASRGQRETQYF	614	3
CASSPVGVYEQFF	615	2
CASSFQGAGEQYF	616	2
CASSPVGLGYGYTF	617	2
CASSQKTEAFF	213	35
CASIQGTEAFF	213	35
CASSEGGQGAYEQYF	228	5
CASSLGGQGTYEQYF	228	5
CASSPSSADTQYF	461	3
CASSLSGADTQYF	461	3
CASSQGRGGAYEQYF	258	3
CASSQDRASGYEQYF	595	2
CASSSGGAEAFF	17	69
CASSIRGMNTEAFF	396	2
CASSQETGGNQPQHF	177	3
CASSQSTGYNQPQHF	177	3
CASSTGTGTYEQYF	16	222
CASSTGTGAYEQYF	16	222
CASNAGQGSYEQYF	16	222
CASSAGQGAYEQYF	16	222
CASSAGWGSYEQYF	16	222
CASKEGNQPQHF	538	3
CASSPWTGMNTEAFF	295	2
CASSRGTGNYGYTF	27	25
CASETGGTEAFF	589	2
CASSAGSADTQYF	418	2
CASSLGEQFF	4	16
CASGRGFTEAFF	17	69
CASSPGRVYGYTF	38	66
CASSSQGGNEKLFF	490	2
CASSPTSGDNEQFF	618	2
CASSQGLASYEQYF	321	3
CASSLELASYEQYF	321	3
CASSLGTGGIYEQYF	97	10
CASSLGTGISYEQYF	97	10
CASSLRTGGSYEQYF	97	10
CASSLISGSSYNEQFF	469	2
CASSLSSGTYEQYF	16	222
CASSSGSGTYEQYF	16	222
CASSVGTYTEAFF	7	167
CASRRTGVNEQFF	619	2
CASSSRTAGNTIYF	474	2
CASSPPGVEQFF	44	277
CASSHGQVNQPQHF	199	7
CASSLGQLVEQYF	620	2
CASSVDSGAGTEAFF	219	2
CASSFSGEQFF	299	2
CASSLGLAFEQYF	3	379
CASSQGLAYEQYF	3	379
CASSSLNTDTQYF	621	2
CASSGQGGEYEQYF	622	2
CASRGQEETQYF	614	3
CSARSSGSYEQYF	623	2
CASSYSGSGNEQFF	234	2
CASSVDSGSDYEQYF	624	2
CASSAGTSGQETQYF	28	3
CASSFSTSGQETQYF	28	3
CASSAGPTYEQYF	3	379
CASSHGETYEQYF	3	379
CASSLGGLAGVNEQFF	326	4
CASSLRGGVAYEQYF	610	2
CASKGTSGYEQYF	625	2
CASSQGADEQYF	48	77
CASSYGEGSYEQYF	16	222
CASSLWGGADTQYF	137	2
CASSIGQPYEQYF	3	379
CASSFGQSYEQYF	3	379
CASSRSSYEQYF	44	277
CASSPRSYEQYF	44	277
CASSPPSYEQYF	44	277
CASSPGTDYGYTF	38	66
CASSFPGELFF	582	2
CASSQRGFEQYF	626	2
CATGTVNTEAFF	236	3
CASSPHRETQYF	627	2
CASWGGTGELFF	628	2
CASSPQLAGGNEQFF	198	9
CASSQGSREAFF	17	69
CASSQGVTEAFF	17	69
CASSLGTGFGYTF	38	66
CASSVGTGYGYTF	38	66
CASKTDSYNEQFF	579	2
CASSPGHEQFF	15	181
CASSPMNEQFF	15	181
CAWSYQPNTEAFF	629	2
CASSYGSPGTEAFF	630	2
CSARDAYEQYF	631	2
CASSLREQETQYF	537	2
CASSVGQGAYEQYF	16	222
CASSFGLGAYEQYF	16	222
CASSWTSGTDTQYF	130	5
CASSPGGTNYGYTF	478	2
CASSLAGDSYEQYF	16	222
CASSLGQGRDEQYF	394	2
CASSQIPGLAGVGDTQYF	632	2
CASSLAPYEQYF	44	277
CASSLTVYEQYF	44	277
CASSPSNNEQFF	44	277
CASSPGTNEQFF	44	277
CASSHLYEQYF	15	181
CASSLGQGVNTEAFF	312	8
CASSSAGAGELFF	633	5
CASSSWGAGELFF	633	5
CASSFPGQEQFF	44	277
CASSFSGNEQFF	44	277
CASSLDPGEQYF	44	277
CASSLDEREQYF	44	277
CASSLMGGSDTEAFF	513	2
CASSLWADEAFF	376	2
CASSQGAGANQPQHF	363	2
CASLALTGELFF	509	2
CASSRLAGGWNEQFF	29	6
CSARGREGQPQHF	521	2
CASSFASNTEAFF	598	4
CASSLLSNTEAFF	598	4
CASSWDRSYEQYF	3	379
CASSWDTTYEQYF	3	379
CASSGDTSYEQYF	3	379
CASSQDRGYEQYF	3	379
CASSWGQSTDTQYF	230	12
CASSLVGTTYEQYF	16	222
CASSVAGNQPQHF	34	49
CASSLVGNQPQHF	34	49
CASSVGGSGELFF	169	12
CASSVGDTGELFF	169	12
CASSVGGGSEQFF	7	167
CASSDPSYEQYF	44	277
CASSTPSYEQYF	44	277
CASSLASNQETQYF	634	2
CASSLGGLTYNEQFF	73	31
CASSPRPGELFF	44	277
CASSLRQETQYF	48	77
CASSSNQETQYF	48	77
CASSLGQREQFF	44	277
CASSLNQNEQFF	44	277
CASSISNTEAFF	17	69
CSARTSGGYEQYF	635	2
CASSPGTDGETQYF	536	2
CASSVGGEQETQYF	90	13
CASSVLGGQETQYF	90	13
CASSVGQGQETQYF	90	13
CASSLGLAGYEQYF	65	9
CASSSSYEQFF	15	181
CASSPGLAGDYEQYF	493	2
CASSQGGGQGYEQYF	182	2
CASSLGQAYYEQYF	65	9
CASSLGLAVYEQYF	65	9
CASSLKETQYF	15	181
CASRGRGNEKLFF	587	2
CASRQSNQPQHF	20	3
CASSLWGEYNEQFF	636	2
CASSSYRGQPQHF	637	2
CASSDSSGELFF	395	3
CASSPRTGYGYTF	38	66
CASIPGTGYGYTF	38	66
CASSPGTGRGYTF	38	66
CASSLTGDQPQHF	34	49
CASSGGNSYEQYF	3	379
CATSSGFSYEQYF	638	2
CASSHNNEQFF	15	181
CASSFGYNEQFF	44	277
CATGPGGEQYF	639	2
CASSESISYEQYF	3	379
CASSLTPGTDTQYF	130	5
CASSLRTGTDTQYF	130	5
CASSWTTGTDTQYF	130	5
CASSRTEYNEQFF	40	64
CASSWRETQYF	15	181
CASSEGLQPQHF	2	13
CASSLGTGGSYEQYF	97	10
CASSLEGQETQYF	85	7
CASSYEGVETQYF	85	7
CASAPGGGPEAFF	7	167
CASSQGGGGELFF	525	2
CASSDQRSYEQYF	640	2
CASSFSLNQPQHF	34	49
CASSHRGPQPQHF	641	2
CASSIQTSSYNEQFF	73	31
CASSLDFYGYTF	23	43
CASRDTYNEQFF	642	2
CASSLQGTQPQHF	643	2
CASSSTGGKETQYF	210	3
CASSLEAGAYEQYF	264	7
CASSLARGAYEQYF	264	7
CASSSQQETQYF	48	77
CASSPGQGYNEQFF	92	45
CASSFPAYEQYF	44	277
CASSAGTGVYGYTF	27	25
CASSLGRGDEQYF	3	379
CASSLRRGWEQYF	3	379
CASSLRTGDEQYF	3	379
CASSVGGEETQYF	644	3
CASRGAGELFF	13	2
CASSLQGSEQFF	44	277
CASSYYTGELFF	44	277
CASSGPTGELFF	44	277
CASSLGGAGETQYF	645	4
CASSLAGGPEQFF	40	64
CASSLAGFNEQFF	40	64
CASSLQGSGYNEQFF	117	2
CASRAGGGTEAFF	316	4
CASKRGGGTEAFF	316	4
CASSLLAHTGELFF	108	2
CASSGDGYTF	271	3
CASRDPGSYNEQFF	646	2
CASSLGQGRNEQFF	92	45
CASSLGDGYNEQFF	92	45
CASSQDAGYEQYF	3	379
CASSLQGGGEAFF	7	167
CASRGDSRTDTQYF	647	2
CASSLLADYNEQFF	105	3
CASSYLAPYNEQFF	105	3
CASSPGTGYYGYTF	27	25
CASSDAGNTEAFF	7	167
CATSEAGNTEAFF	7	167
CASSLTGYTGELFF	648	2
CASRGGGTDTQYF	3	379
CASSFRGSSSYEQYF	425	2
CASSQGTGELFF	44	277
CASSVGGGELFF	44	277
CASSVGYGELFF	44	277
CASSPDRETQYF	627	2
CASSVDGREDYGYTF	218	2
CASSHGTGYTEAFF	33	86
CASSSGFYGYTF	23	43
CASSRAGGNSPLHF	649	2
CASSLGVDWPQHF	103	2
CSVESGSNYGYTF	650	2
CASSITSLETQYF	651	2
CASSPESYNEQFF	40	64
CASSSGGENIQYF	652	3
CASSSGTLNIQYF	652	3
CASKGYGYTF	370	2
CASSQGLGGEETQYF	653	2
CASSYFSGANVLTF	314	3
CASSEFGGANVLTF	314	3
CASSLGGANQPQHF	19	18
CASSLGGQAYEQYF	16	222
CASSLGGAAYEQYF	16	222
CASRPTGDYGYTF	322	2
CASSRTSYNEQFF	40	64
CASSLPFYGYTF	23	43
CASSEGGDPYEQYF	403	2
CASSLGLGETQYF	42	30
CASGTVNTGELFF	654	2
CASSLGLAGGQETQYF	95	2
CASSYRGYYEQYF	655	2
CASSPDSNYGYTF	145	2
CASSQRTTNTEAFF	597	2
CASSVGQGGTDTQYF	656	2
CASSQGTNQPQHF	34	49
CASSSGTNQPQHF	34	49
CASSLSAGEETQYF	657	2
CASSLGQGAYEQFF	16	222
CASSFGQGAYEQYF	16	222
CASSLVQGAYEQYF	16	222
CASSLIQGAYEQYF	16	222
CASSSGLAETDTQYF	658	2
CASSLSSETQYF	48	77
CASSYSGETQYF	48	77
CASSQGTSGTNEQFF	659	2
CASSSNTEAFF	213	35
CASWENTEAFF	213	35
CASSQQGGFYGYTF	660	2
CASSLRQGFYNEQFF	414	6
CASSLGSINQPQHF	81	6
CASSTSMNTEAFF	7	167
CASSFEGAYEQYF	3	379
CASSSTGRGNQPQHF	661	2
CASSEFANTEAFF	662	2
CASSWADNQPQHF	34	49
CASSLRRGDEQYF	3	379
CASSLGRIDEQYF	3	379
CASMSSGANVLTF	55	9
CASSVGLSSYNEQFF	73	31
CASSVGGVSYNEQFF	73	31
CASSLSGWTYEQYF	16	222
CSARRPNTGELFF	663	2
CSVRDRSYEQYF	323	3
CASSVEGKGTDTQYF	664	2
CASSPGRGNSPLHF	665	3
CASSPGTGNSPLHF	665	3
CASSLQGLEKLFF	294	2
CASSPGTASTDTQYF	287	3
CASSLITETQYF	48	77
CASSLGIEQFF	15	181
CASSLGGEQFF	15	181
CASSGTGYYEQYF	609	2
CASSLWGLYNEQFF	636	2
CASSLAGAYNEQFF	92	45
CASSLTGDAQYF	44	277
CASSTTGDEQYF	44	277
CASSVSGNSYEQYF	16	222
CASSPTSTGELFF	31	19
CASSPTVNTEAFF	7	167
CASSMGTATNEKLFF	402	5
CASSYSFGTGELFF	43	20
CASSRTLNTEAFF	7	167
CASSTTVNTEAFF	7	167
CASSLAGGLNEQFF	666	3
CASSPGTGRNEQFF	92	45
CASSLSLGNEQYF	3	379
CASSLTGGDTQYF	128	2
CASSTSSYNEQFF	40	64
CASSLRTHNEQFF	351	3
CSVGQGGSNQPQHF	667	2
CASSLAANTEAFF	7	167
CASSLGRGIYEQYF	16	222
CASSLEQGIYEQYF	16	222
CASSYSSGGDNEQFF	590	3
CASSSPGGAGELFF	325	2
CASSPGTGRTDTQYF	359	3
CASSPLTGSTDTQYF	359	3
CASSQNNYEQYF	251	2
CASSQGAGDTQYF	601	3
CASSDRGYTEAFF	668	2
CASSQPGGSYNEQFF	73	31
CASSQGRESYEQYF	16	222
CASSQERGSYEQYF	16	222
CASSQGRGGYEQYF	16	222
CASSSWGNTEAFF	7	167
CASQSADTQYF	15	181
CASSIGATNEKLFF	349	2
CASSVSGSGTDTQYF	669	2
CASSERATNEKLFF	433	2
CASSIGLAPTYEQYF	670	2
CASSQDRGNTGELFF	358	2
CASSPTGYNEQFF	40	64
CASSFSGANVLTF	55	9
CATSSSGANVLTF	55	9
CASASSGANVLTF	55	9
CASSYRGTEAFF	17	69
CASSSLGTEAFF	17	69
CASSLLGSPLHF	110	3
CASSSSGTGGYEQYF	671	2
CASSLDSGAYEQYF	16	222
CASSYGTGNGYTF	231	3
CASSLSQGGNEQFF	92	45
CASSLRSGGNEQFF	92	45
CASSLAWGGTDTQYF	79	11
CASSVAGANVLTF	507	2
CASSPDRGQTEAFF	421	2
CASSFGIAKNIQYF	574	4
CASSLGGAKNIQYF	574	4
CASSLGQAKNIQYF	574	4
CASSLGQGSSYEQYF	97	10
CASTLDKNTEAFF	273	2
CASSLSTGDEKLFF	415	2
CASSQGYHEQFF	44	277
CASSQTLEYEQYF	286	2
CASSRAGTNTEAFF	672	2
CASSEVLTDTQYF	673	2
CASSFVGTNEKLFF	674	2
CASRRQGNEKLFF	21	3
CASSFSFNEQFF	44	277
CASSFSGVEQFF	44	277
CASSVSGTGGSEQFF	410	2
CASSLSMTGEAFF	675	2
CASSRQGNIQYF	676	2
CASSPGLAGGEQFF	65	9
CASSPGLAGYEQYF	65	9
CATSDRTSGYNEQFF	677	3
CASSQIGGPGNTIYF	678	2
CASSLFHEQYF	15	181
CASSSGHEQYF	15	181
CASSLGHGEQYF	44	277
CASSQGTGSGANVLTF	492	3
CASSQELGSGANVLTF	492	3
CASSRPYEQFF	15	181
CSARDLGNYGYTF	238	2
CASSTTGGSTEAFF	216	4
CASSPVNTEAFF	17	69
CASREGGGGTEAFF	33	86
CASSELGGGTEAFF	33	86
CASSLRGTGNTGELFF	679	2
CASSLGRATNEKLFF	402	5
CASSSSGGGYEQYF	483	4
CASSHGLAGVEQYF	65	9
CASSQYGNQPQHF	34	49
CASSPGQGNSPLHF	665	3
CASSIAYEQYF	15	181
CASSPGGGTQYF	48	77
CASSLGPEEQYF	44	277
CASSLRLNEQFF	44	277
CASSPRGEKLFF	680	2
CASSEYEGVGYEQYF	681	2
CASSSAFTDTQYF	682	2
CASSQVTGGAYEQYF	308	2
CASSYTGSYNEQFF	92	45
CASSPGTGYYNEQFF	246	4
CASSPAQGFYNEQFF	356	2
CASSLRRRDTQYF	3	379
CASSLSSGRTDTQYF	126	3
CASSLVGGDDEQYF	570	4
CASSTVGGWDEQYF	570	4
CASSLDRNQPQHF	34	49
CASSQEKNTEAFF	278	4
CATSPGGEQYF	639	2
CASSWPGGTEAFF	7	167
CASSLDDSYNEQFF	463	2
CASSQATNTGELFF	244	4
CASSLAGGPSYNEQFF	365	4
CASSTFGASTDTQYF	497	4
CASSLRGASTDTQYF	497	4
CASSVDSYSNQPQHF	220	3
CASSPGSYSNQPQHF	220	3
CASSVEGTGDEQYF	683	2
CASSLFGYSYNEQFF	684	2
CSVGDGGSNQPQHF	667	2
CASSLAAGMGGYTF	74	2
CASSPSGDSYEQYF	16	222
CASTQGLEQYF	685	3
CASSQRTFEQYF	626	2
CASSEPGSSYNEQFF	686	2
CASSYVGGGYEQYF	483	4
CASSVGDWSYEQYF	16	222
CASSLVQGDYGYTF	27	25
CASSQVRGDYGYTF	27	25
CASSLRRSNEKLFF	465	2
CASSLGANVLTF	317	3
CASSQERDYEQFF	687	3
CASSQPRDYEQYF	687	3
CASSYSQSYEQYF	3	379
CASSYLQGYEQYF	3	379
CASSYSSVTEAFF	502	2
CATSTGTTGELFF	611	2
CASTRLAGASTDTQYF	422	2
CASSLIGGTDTQYF	364	25
CASSLAGGVDTQYF	364	25
CASELAGGTDTQYF	364	25
CASRLAGGTDTQYF	364	25
CASSLSWNQPQHF	34	49
CASSVGDRTYEQYF	688	2
CASSTPGLAYNEQFF	450	2
CASRGPSSYNEQFF	689	2
CASGNSYEQYF	15	181
CASSVGGGTEQFF	7	167
CASGTSSYEQYF	44	277
CASSVGGPTYEQYF	16	222
CASSVAGDTYEQYF	16	222
CASTQGYNQPQHF	690	2
CASRGQGVGSYNEQFF	385	2
CASSLGPETQYF	44	277
CASSGTGELFF	15	181
CASTLTGELFF	15	181
CASSLGWGSYEQYF	16	222
CASSPWDRAYEQYF	585	2
CASSQEPAGGSYEQYF	691	2
CASSAGGNGYTF	24	7
CASSLGPNGYTF	24	7
CASSLSSYYEQYF	3	379
CASSFVGDNEQFF	692	2
CASSQGQGVNEQYF	693	2
CASSPRGAGELFF	633	5
CASSYGLTEAFF	267	2
CASSLVEGAYEQYF	16	222
CASSPTGYEQYF	44	277
CASSRGTSGTYEQYF	201	10
CASSFNEQFF	4	16
CASSYHEQFF	4	16
CASSPRDNSYEQYF	694	3
CASSLSGSGYEQYF	16	222
CASSLGGSPYEQYF	16	222
CASSPPGVYEQYF	544	2
CASSLAGQVYEQYF	573	2
CASSLLLDEQYF	44	277
CASNTGDSNQPQHF	1	7
CASSLGGASYGYTF	695	2
CASSLRGDNQPQHF	119	2
CASSDRDKSYEQYF	696	2
CASSQARGDTEAFF	697	2
CSAINNEQFF	344	2
CASSLSGATYNEQFF	123	2
CASSLSWDEQFF	604	3
CASSLGQGTNEKLFF	698	2
CASSPGAPGELFF	169	12
CASSPRDTDNEQFF	699	2
CASSPSVAYEQYF	3	379
CASSHRLAGDTDTQYF	700	2
CASSQAYSSGNTIYF	377	2
CASSLSGASYEQYF	16	222
CASSDGSAYEQYF	3	379
CASSLDANTEAFF	7	167
CASSLVFRGQETQYF	491	2
CASSPGQGINYGYTF	701	2
CASSVGQGVDTQYF	702	2
CASNSGREQYF	703	2
CASSSVLDTQYF	704	2
CASSFTDTQYF	15	181
CAISSTDTQYF	15	181
CASSPNGLNTEAFF	158	14
CASSLSGLNTEAFF	158	14
CASSSGGLNIQYF	652	3
CASSLVQNYEQYF	338	4
CASSFGGRSYEQYF	16	222
CASSPNRGGQETQYF	159	2
CASSQVQGDYGYTF	27	25
CASSQEWLAGGPGTQYF	180	2
CASSEGTSGADTQYF	705	3
CASSSGTSGADTQYF	705	3
CASSYPWNEQYF	706	2
CASSFGGADEQYF	3	379
CASAPGSGYEQYF	3	379
CASSLGDSTYEQYF	707	2
CASSYLHEQYF	15	181
CASNMGPYEQYF	8	2
CASSPGGGPEAFF	7	167
CASSPLGGEETQYF	413	6
CASSSLAGEETQYF	413	6
CASSARDGDNYGYTF	455	2
CASSLVEYNEQFF	40	64
CASSLSRGNTEAFF	125	3
CASSVGAGTTYEQYF	708	2
CSARLSGSYEQYF	623	2
CASSEWTGGGYEQYF	709	2
CASSFGTDLYEQYF	710	2
CASSGNTQYF	63	2
CATSSGQSYEQYF	638	2
CASSGVEAFF	599	2
CASSETGFQPQHF	711	2
CASSVGVGEQFF	44	277
CASSQGRNTGELFF	591	4
CASSPGGNTGELFF	591	4
CASSLIGVSTDTQYF	386	4
CASSLAGESTDTQYF	386	4
CASSLAGVGTDTQYF	386	4
CASSLASGNYEQYF	468	2
CASSLQGTEQYF	44	277
CASSLQLGEQYF	44	277
CASSSDRGTGELFF	194	2
CASSLTSGGQYEQYF	712	2
CASSLLAGGSYEQYF	327	3
CASSLGGDTYNEQFF	73	31
CASSLRETQYF	15	181
CASSYTAYEQYF	44	277
CASSPEAYEQYF	44	277
CASSPTGSNQPQHF	713	3
CASSLRYGELFF	44	277
CASSQGKGNQPQHF	714	2
CASSLGHIYGYTF	38	66
CASSLAPDYEQYF	3	379
CASPEGTGELFF	514	3
CASGGGPAYEQYF	561	2
CASSLGYGETQYF	42	30
CASSEAGEETQYF	715	3
CASSPTSNTEAFF	7	167
CASSFGHQETQYF	57	4
CASSIGQSYEQYF	3	379
CASSPWGNTGELFF	591	4
CASSLSPGTEAFF	7	167
CASSLLAGETQYF	716	2
CASSYGQGGTDTQYF	656	2
CASSLSGLDEQYF	124	4
CASSLRGWDEQYF	124	4
CASSWGTDYEQYF	3	379
CASSPGLLADTQYF	499	3
CASSPGLAGDTQYF	499	3
CSASGGAYEQYF	457	2
CASGLQGSYEQYF	3	379
CASSATGLNTEAFF	158	14
CATSRDGNNEQFF	717	2
CASSDDSGNEQFF	718	2
CASSLVTGPNEKLFF	719	2
CASSLGGAFYGYTF	695	2
CASSLMSGSTDTQYF	305	2
CASSSAGTGYYEQYF	260	2
CATGDYEQYF	384	4
CASGPYEQYF	384	4
CATSRDRLAGSNYEQYF	720	2
CASSLLAGGSSYEQYF	107	2
CASSPRGGAYNEQFF	721	2
CASSSEGEQYF	15	181
CASSFEGEQYF	15	181
CASSQPGEQYF	15	181
CASSPRDTYNEQFF	699	2
CASSPTPPSSYNEQFF	557	2
CASSLYLGPYEQYF	16	222
CASSQDGMETNEKLFF	324	2
CASSQASGGSYEQYF	722	2
CASSLQGSGTGELFF	116	3
CASTGNTGELFF	723	2
CASSVARSSYEQYF	16	222
CASSVGQATEAFF	7	167
CASSQDGYNEQFF	175	3
CASSPMGSYEQYF	3	379
CASSLPGQDYGYTF	113	2
CASSPRDRGLYEQYF	724	2
CASSSDRGNTEAFF	545	2
CASSLIGREQYF	44	277
CASSLGGSGANVLTF	93	4
CASTGGLEQYF	685	3
CASRQGLEQYF	685	3
CASSSQGAGELFF	633	5
CASSGTSGDNEQFF	618	2
CASSPDVTGELFF	31	19
CASSSYRGPYEQYF	725	2
CASRPDSRTDTQYF	647	2
CASSYPGSNQPQHF	726	2
CATQGRGNTEAFF	512	2
CASSFDRYQETQYF	517	3
CASSQDRSQETQYF	517	3
CASSESRQETQYF	727	2
CASSPQMNTEAFF	7	167
CASSAGTGINQPQHF	728	2
CASSLGPDSNSPLHF	593	2
CASSVVEETQYF	249	2
CASSQSTGYEQYF	3	379
CASGDNEQFF	4	16
CAWSPGRDYGYTF	38	66
CASSLGGLYGYTF	38	66
CASSIAGADTQYF	729	2
CASSVEGLGTEAFF	428	2
CASSQAVNTGELFF	244	4
CASSLVGGAKNIQYF	134	3
CASSLAAGAKNIQYF	134	3
CASSQGTSGLNEQFF	659	2
CSAHNEQFF	336	2
CASSPNYEQYF	15	181
CASSPSREQYF	15	181
CASSWDTSYEQYF	3	379
CASSFGGSNQPQHF	730	5
CASKIGQGYEQYF	3	379
CASSIGRGYEQYF	3	379
CASSFGFSYEQYF	3	379
CASSLTGGAEAFF	7	167
CASSLTGPTEAFF	7	167
CASSLGLAGEGNEQFF	470	2
CASSHRLAGYTDTQYF	700	2
CASSLVRGGNQPQHF	136	2
CASSTSGGWYEQYF	731	2
CASSMGTGGNQPQHF	501	2
CASSERDNEQFF	44	277
CASSSSEETQYF	48	77
CASSSTQETQYF	48	77
CASSYTENTEAFF	7	167
CASSLGDRGYDEQYF	397	2
CASSLSGTGIYNEQFF	732	2
CASSEGSGNSPLHF	733	2
CASSQAGTNYGYTF	407	6
CASSLDGTNYGYTF	407	6
CASSPRDRVYEQYF	734	2
CASGTDTQYF	735	3
CASSFLGTGELFF	277	16
CASSQSREQYF	15	181
CASSQDPGNSYEQYF	736	2
CASSSGVYEQYF	44	277
CSARDQGYEQYF	438	5
CASSQGYGNQPQHF	714	2
CATSRDGYNEQFF	717	2
CASSSGLNTGELFF	553	5
CASSVGDSGTDTQYF	737	2
CASSFRDTGELFF	277	16
CASSLGRANTEAFF	379	3
CASSQEGEQYF	15	181
CASSAGSGAEQFF	738	2
CASSVEGGGTDTQYF	664	2
CASSVEAGPYEQYF	484	2
CASSSPRSYEQYF	3	379
CASSLGQINEQFF	98	2
CASSSTEAFF	739	2
CASSLGQGAYNEQFF	414	6
CASSPGGSEQYF	44	277
CASSQGTGEETQYF	740	2
CASSLEGTGLYEQYF	398	2
CASSYGQGQETQYF	90	13
CASSERDRGYEQYF	39	8
CASSVVNTGELFF	741	3
CASSPGAFYEQYF	3	379
CASNSGGNTIYF	9	7
CASSPTGASYNEQFF	172	13
CASSPGLAGGIQETQYF	742	2
CSARRDRGNYEQYF	743	2
CASSLLGGRYGYTF	109	3
CASSPTGGRYGYTF	109	3
CASSSLGEQYF	15	181
CASSSPGEQYF	15	181
CASSLGGGDYEQYF	16	222
CASGLGGGSYEQYF	16	222
CASSAARNTGELFF	43	20
CASSTETGNTEAFF	33	86
CASSFGNPEAFF	17	69
CASSEQGGFYGYTF	660	2
CASSLYSATGELFF	142	2
CASGISNQPQHF	434	2
CASSPTGSSYEQYF	16	222
CASSQAGSSYEQYF	16	222
CSARPSGGYEQYF	635	2
CASSIWAYTEAFF	315	2
CASSVGQGGTEAFF	33	86
CASSLGQGLTEAFF	33	86
CASSLGQGGSEAFF	33	86
CASSLVQGGTEAFF	33	86
CASSPNRGSSYEQYF	464	2
CASSSGLAATDTQYF	658	2
CASSPDGEKLFF	680	2
CASRHSYEQYF	15	181
CASSQGTSGADTQYF	705	3
CASSLSMGEQYF	44	277
CASRLGYEQYF	15	181
CASSLPPRYEQYF	744	2
CASSLGQGSDTQYF	230	12
CASSMGQGPDTQYF	230	12
CASSPLGDTEAFF	7	167
CASSENGNQPQHF	745	2
CASSPRGANTEAFF	158	14
CASSLRGTNTEAFF	158	14
CASSPGTGPNQPQHF	154	4
CASSVGTGSNQPQHF	154	4
CASSPTTGSNQPQHF	154	4
CASSATGAETQYF	42	30
CASSSGLLYEQYF	566	2
CASSVGGMETQYF	644	3
CASSVDGEETQYF	644	3
CASSVGGFSGNTIYF	746	2
CASSSGLTNTEAFF	436	2
CASSVGAGDTYEQYF	708	2
CASSAYNEKLFF	532	4
CASSSPSGSGTGELFF	204	2
CASSIGSGNTEAFF	747	2
CASSLAYGYTF	80	2
CASSPTGSYGYTF	748	2
CASSTGRNYGYTF	38	66
CASSPGPNYGYTF	38	66
CASSYRGNEQFF	44	277
CAISTGDSNQPQHF	1	7
CASSVGDSNQPQHF	1	7
CASWTGDSNQPQHF	1	7
CASSTRDSNQPQHF	1	7
CASSRGTGSTGELFF	749	2
CASSQGTGTGELFF	750	2
CASSFVSSEQYF	292	2
CASGTMNTEAFF	408	3
CASRTENTEAFF	408	3
CASSLSADYEQYF	3	379
CASSSKGLNTEAFF	158	14
CASSSTGVNTEAFF	158	14
CASSPGQGQGYTF	285	2
CASSLGTSGMNEQFF	61	4
CASSRDASSYEQYF	190	3
CASSLDRSSYEQYF	190	3
CASSSSGRGNQPQHF	661	2
CASSYFANTEAFF	662	2
CASSQDLAGYNEQFF	276	2
CASKGNTGELFF	723	2
CASSHRGTGELFF	277	16
CASSFTGTGELFF	277	16
CASSLRQGSYEQYF	16	222
CASSYGSTGTEAFF	630	2
CASSLSVVNEQFF	127	2
CASSLVNTGELFF	741	3
CASSVANTGELFF	741	3
CASSLGDRGWEQYF	39	8
CASSPGDRGYEQYF	39	8
CASSPGTVNQPQHF	496	3
CASSLVGQTYEQYF	16	222
CASSLGTVEAFF	352	2
CASSLQDGYGYTF	38	66
CASSFLAGGPTDTQYF	471	3
CASSLQADEQFF	44	277
CASSLTGTEAFF	17	69
CASSFQGALEQYF	616	2
CASSLRGSNYGYTF	407	6
CASSSGQGYYNEQFF	414	6
CASSLVGEQYF	15	181
CASSQDRDGYTF	751	2
CASSLGLAGLNEQFF	96	6
CASSLGTGGGDGYTF	518	2
CASSLGGADGYTF	38	66
CASSVAGELFF	15	181
CASSTSGGTYEQYF	731	2
CASSSYRRPYEQYF	725	2
CASSTPGFTEAFF	565	2
CSAATGNTEAFF	237	2
CASRYTGELFF	437	2
CASSLVETDTQYF	528	2
CASSQVAGSGYTF	752	2
CASSLAGPSSYNEQFF	753	2
CASSTNPYEQYF	487	2
CASSYGQGWGYTF	38	66
CASSLGQGGGYTF	38	66
CASSVEGTGSEQYF	683	2
CASSQEDGLNTEAFF	381	2
CASSLQITDTQYF	3	379
CASSSTGGVYGYTF	311	3
CASSATGGGYGYTF	311	3
CASSRLTSTDTQYF	392	3
CASSARTSTDTQYF	392	3
CASSESGGRYEQYF	552	2
CASSSDGNEQFF	44	277
CASSIDSYYGYTF	754	2
CASSLNRYEQYF	44	277
CASSLLGEQYF	15	181
CASSLTGDGTEAFF	216	4
CASSPGQGAHEQYF	16	222
CASSLGGSPSYEQYF	559	4
CASSLGRGPSYEQYF	559	4
CASSLAGAVNEQFF	92	45
CASSSTSGTYEQYF	16	222
CASRWRGTEAFF	755	3
CASRPMGTEAFF	755	3
CASSLAGEGEQFF	539	2
CASSLVGGAPDTQYF	259	2
CASSYRGGDTQYF	533	6
CASSPGDLQETQYF	342	2
CASSQGRYSGNTIYF	248	2
CASSSGTISTDTQYF	446	2
CATSRDRLAGSSYEQYF	720	2
CASSGGPISGNTIYF	320	2
CASSDDGMNTEAFF	250	3
CSARGGRYGYTF	480	2
CASSLGQCNQPQHF	560	2
CASSPTGLEAFF	170	2
CASSLPGSSYEQYF	16	222
CASSRSTAQETQYF	756	2
CASSFGPRYEQYF	3	379
CASSYRGYEQYF	613	2
CASSSGTSEAFF	44	277
CASSRGTGSPGELFF	749	2
CASSPSGGDYNEQFF	333	2
CASSFGGGYGYTF	38	66
CASSVGSNYEQYF	3	379
CASSVGRTYEQYF	3	379
CASSYLLGYEQYF	3	379
CASSQDSYYGYTF	754	2
CASSFQGLGYEQYF	52	2
CASSLRLAGETQYF	757	2
CASSLSGGRDEQFF	339	2
CASSPGSGANVLTF	758	2
CASSFLYEQYF	15	181
CATSPGSTQYF	527	2
CASSQDQGRNYGYTF	759	2
CASSVGGRTGELFF	221	4
CASSVGGDPGELFF	221	4
CASSVTGDTGELFF	221	4
CASSPPGGEQFF	44	277
CASSLVPRSYEQYF	505	3
CASSLDPLSYEQYF	505	3
CASSLQGIGNTIYF	115	2
CASSQVGRTYEQYF	16	222
CASSLSSTNEQFF	40	64
CASSQDRGGYTF	751	2
CASSLIGNTGELFF	43	20
CASSASTAQETQYF	756	2
CASSPEGGGEKLFF	274	4
CASSWSSSGANVLTF	568	3
CASSPDSSGANVLTF	568	3
CASSLASGTTDTQYF	79	11
CASRGTGVNEQFF	619	2
CASSQGQGDYEQYF	16	222
CASSHGTRTYEQYF	66	3
CASSLVSDTQYF	48	77
CASSLVSTYEQYF	3	379
CSASWTGGTYEQYF	760	2
CASSYIGGNTEAFF	486	2
CASSFGGRNQPQHF	730	5
CASSTTGTSGDEQFF	761	2
CASSLSGTGPYNEQFF	732	2
CASSYSTGGSGYTF	453	2
CASSSGDNYEQYF	3	379
CASSFVVQETQYF	57	4
CASSFGTQETQYF	57	4
CASSDPGPYEQYF	454	2
CASSETGGQPQHF	711	2
CASSVGGLAGYNEQFF	326	4
CASSLGGLAGSNEQFF	326	4
CASSVGGEQFF	15	181
CASSSIGTSYEQYF	371	2
CASSSAGADTQYF	729	2
CASSFGQNSNQPQHF	393	2
CASSPGQGATGYTF	27	25
CASSLLGAQPQHF	34	49
CASSRTGVNQPQHF	310	2
CASSLPGTGVGNEQFF	762	2
CATSDPGTGEEETQYF	763	2
CASSPMGSNEQYF	3	379
CASSVGLGQPQHF	503	2
CASSSGGGNTIYF	76	5
CASSYSFQGGELFF	233	2
CSARWGGGTDTQYF	243	2
CASSYGSDTGELFF	764	2
CASSSVADTQYF	704	2
CASSQELAGGSYEQYF	691	2
CASSLGRTGELFF	169	12
CASSYWGYYEQYF	655	2
CSARQPNTGELFF	663	2
CASSPPGGAYEQYF	16	222
CASSPGTDTGELFF	481	3
CASSYGVSGNTIYF	475	2
CASRPPGSYNEQFF	646	2
CASSFVGNNEQFF	692	2
CASSLGTGTTDTQYF	79	11
CASSLGKSLGETQYF	94	5
CASSLVGTGDYGYTF	765	2
CASSWGQGSPLHF	225	2
CASSLLVGSQPQHF	111	3
CASSLVVGNQPQHF	111	3
CASSVGGSGREQYF	16	222
CASSLDSPYEQYF	602	2
CASSLEPGQGYEQYF	448	3
CASSLDVQETQYF	85	7
CASSYGVSYEQYF	3	379
CASSALGYEQYF	44	277
CASSRLNTGELFF	277	16
CASSLGAGIYGYTF	766	2
CASSLLWINEQFF	382	2
CASSQSQGTGELFF	767	2
CASSALGRGSYEQYF	548	3
CASSQSGRGSYEQYF	548	3
CASSESNEQYF	15	181
CASSLTGNPEAFF	7	167
CASSVTGNTEAFF	7	167
CASMADNPYEQYF	577	2
CASSPGTDLYEQYF	710	2
CASSLQGLETQYF	85	7
CASSLLDGYEQYF	3	379
CASSVGDSDTDTQYF	737	2
CASSLGGGNNEQFF	89	4
CASSLGGLGNEQFF	89	4
CASAVGETQYF	15	181
CASSSPGQGVEQYF	768	2
CSARLVDTQYF	458	2
CASRWTSGQETQYF	596	2
CASSPSGGSYEQYF	16	222
CASSDGGASYEQYF	16	222
CASSPGGGGETQYF	413	6
CASSELGGGETQYF	413	6
CASSLEAGYGYTF	435	2
CASSFSDSSETQYF	592	2
CASSSSGAYNEQFF	605	3
CASSFGQSNQPQHF	730	5
CASSIASLETQYF	651	2
CASSFRADYGYTF	769	3
CASSLTGGVVNTEAFF	330	2
CASSLVQGLNTEAFF	135	2
CASSSRGSYNEQFF	92	45
CASSYKDTGELFF	169	12
CASSAGQGVNEQYF	693	2
CASSYGGVGAYEQYF	228	5
CASSFGSHEQYF	44	277
CASNTGGGNQPQHF	581	2
CASSFPGPTGELFF	431	2
CASSSGIGNTIYF	76	5
CASGSGTEAFF	213	35
CASGRNTEAFF	213	35
CASSPIGGETQYF	42	30
CASSADSPSYEQYF	22	2
CASGGGSYEQYF	443	2
CASSYLAEQYF	15	181
CASRETYNEQFF	642	2
CASSFYLNTEAFF	7	167
CASSLEGGDYNEQFF	261	3
CASSLAGTDYNEQFF	261	3
CASSPTSNTGELFF	369	2
CASSVTGGELFF	44	277
CASSRSTEAFF	213	35
CASSQAPGETQYF	770	2
CASSLGWGETQYF	42	30
CASSLSYGETQYF	42	30
CASSDRGVTEAFF	668	2
CASSLGYGMNTEAFF	312	8
CASSLEGGMNTEAFF	312	8
CASSTDDNEQFF	44	277
CASSLRGSTDTQYF	479	7
CAWSQGQGSYEQYF	16	222
CASSTTGTSGLEQFF	761	2
CASSIGIGNTEAFF	747	2
CASSQDPGETQYF	770	2
CASSLFGTGNTGELFF	679	2
CASRPGSSYEQYF	293	2
CASSWGQVTDTQYF	230	12
CASSLGQSTDTQYF	230	12
CASSLGDFFTQETQYF	88	2
CASSSRGRSTDTQYF	208	2
CASSPGLAGGDQETQYF	742	2
CASSTGTGHTDTQYF	79	11
CASRETGVYEQYF	12	2
CASSQTGGPGNTIYF	678	2
CASSLGPNTGELFF	771	2
CASSQVGSGELFF	772	2
CASSYLGQGYEQYF	232	2
CASSAGQGTNEKLFF	698	2
CASSVQGSGTDTQYF	669	2
CASSFLTGNTEAFF	51	5
CASSFWTGRTEAFF	51	5
CASSGAGAEAFF	59	2
CASSTINEQFF	15	181
CASSIGYEQFF	15	181
CASSIGWEQYF	15	181
CASSPGTPRGYTF	38	66
CASSSTDSSYEQYF	348	2
CASSFEGGYTF	36	6
CASGGRNTEAFF	773	2
CASSQDPGHSYEQYF	736	2
CASSGGDGYTF	343	2
CASSLEGAGETQYF	645	4
CASSFGGAGETQYF	645	4
CASSLGGALETQYF	645	4
CASRPRGTEAFF	755	3
CASSQDQGSTDTQYF	547	2
CASSEGQGWTEAFF	33	86
CASSLLPGNTEAFF	33	86
CASGLGPGNTEAFF	33	86
CASSQERDYEQYF	687	3
CASSSPGQGAEQYF	768	2
CASSPRDRNYEQYF	734	2
CASSFEGGNEQFF	405	9
CASSFSTGNEQFF	405	9
CASSQRDLSYNSPLHF	290	2
CASSQTDSYEQYF	3	379
CASSPTTSYEQYF	3	379
CASSPGQGGNYGYTF	701	2
CASSWGSNSPLHF	82	6
CASSLGANSPLHF	82	6
CASSFRGTNEKLFF	674	2
CASIGGTGELFF	628	2
CASSPGTAGVETQYF	774	2
CASSVGLAGSNEQFF	96	6
CASSFQQETQYF	48	77
CASSLNSGNTIYF	152	10
CASSGGGDQPQHF	306	2
CASSLAQGRTEAFF	33	86
CASSPGTGGYDEQFF	246	4
CASSVDSGSGYEQYF	624	2
CASSDQTSGGNEQFF	247	2
CASSEYVGVGYEQYF	681	2
CASSDRSSYNEQFF	92	45
CASGPRNTEAFF	773	2
CASSLAGSGSKDTQYF	272	2
CASSLAGLHYEQYF	409	3
CASSLAGATYEQYF	409	3
CASSLSVEAFF	213	35
CASSLAGYSYNEQFF	684	2
CASSRTSGSLYNEQFF	193	2
CASSVGQGADTQYF	702	2
CASSLGGGIYGYTF	766	2
CASSDTSGGVTDTQYF	380	2
CASSLDGSTYEQYF	432	2
CASSISQGTGELFF	767	2
CASSLERNTIYF	9	7
CASSQVLNQPQHF	34	49
CASSLEGSEYGYTF	775	2
CASSRGLGETQYF	42	30
CASSLEGSAYGYTF	775	2
CASSRAGLNTEAFF	672	2
CASSFGTAYNEQFF	47	2
CATGTDTQYF	735	3
CASSTDTQYF	735	3
CASSSLAGETQYF	716	2
CASSLSTVNTEAFF	158	14
CASSLGDSDYEQYF	707	2
CASSLSGNRQETQYF	519	2
CASSLTSGGTYEQYF	712	2
CASSLDQTYEQYF	3	379
CASSQGQGQPQHF	185	3
CASSSGYGQPQHF	185	3
CASSDGPAYEQYF	3	379
CASSQVWDSPYEQYF	576	2
CASSSLTEAFF	213	35
CASSESETQYF	15	181
CASSQEGPSYEQYF	16	222
CASSIGTGGEQYF	776	2
CASSPGTSGSDTQYF	452	2
CASSLYAGGQPQHF	138	2
CASSLALAGAYNEQFF	777	2
CASSSESYNEQFF	40	64
CASSRPDTQYF	15	181
CASSLGGISSYNEQFF	522	2
CASSPQGTNEKLFF	274	4
CASSPEGGNEKLFF	274	4
CASSLVQGGETQYF	439	2
CASSLKGEKLFF	104	2
CASKGTDTQYF	6	2
CASSAGTGGEQYF	776	2
CASSMLGTGELFF	277	16
CASSHGGGSEQFF	7	167
CASSPGEGGEQYF	3	379
CASSSGGAADTQYF	572	5
CSARSYNEQFF	778	2
CASSSSPEQYF	15	181
CASSSYYEQYF	15	181
CASSHSGGTDTQYF	67	3
CASSASPGTDTQYF	67	3
CASSIGDSSNQPQHF	779	2
CASSLSGVNTEAFF	158	14
CASSPGQSSGNTIYF	153	2
CASSLVGTGHYGYTF	765	2
CASSLSQIYEQYF	338	4
CASSYPENTGELFF	780	2
CASSYGQGTDTQYF	230	12
CASSQGSGANVLTF	758	2
CASSLAGYTGELFF	648	2
CAWSVLGGNEQYF	255	2
CASSQVRRNTEAFF	467	2
CASSSGSGNSPLHF	733	2
CASSASGNTIYF	302	2
CASSPGGGVNTEAFF	312	8
CASSFIDNEQFF	44	277
CSVETGSNYGYTF	650	2
CASSRGRDYEQYF	781	2
CASSLGAGNSYEQYF	516	2
CASSLGGLSSYEQYF	782	2
CASSQDPGRNYGYTF	759	2
CASSLAGGLDEQFF	666	3
CASSLAGGRNEQFF	666	3
CASSPQGFQPQHF	163	2
CASSLGASAYEQYF	16	222
CASKKDTQYF	783	2
CASTGGTDTQYF	48	77
CASSLAAREQFF	400	2
CASKEVLTDTQYF	673	2
CASSDRDRSYEQYF	696	2
CASSQGPAGLTDTQYF	184	3
CASSQGPLGGTDTQYF	184	3
CASSVGGGTDTQYF	364	25
CASSQGQHYGYTF	523	2
CASSYSMTGEAFF	675	2
CASGGRSSYNEQFF	92	45
CASSPVGGTDTQYF	364	25
CASSVASSGYEQYF	600	2
CASSLVGTAYGYTF	530	2
CASSVTRDTQYF	48	77
CASSHGQGYGYTF	38	66
CASSLGGDSSYEQYF	782	2
CASRDRGKNEQYF	10	2
CASSFGQNTGELFF	553	5
CASSIGTGYYGYTF	27	25
CASSLGQGAAGYTF	27	25
CASSIYDSSNQPQHF	779	2
CASSLATGSSYEQYF	524	2
CASSSDRGQETQYF	90	13
CASSLDQGQETQYF	90	13
CASSWTGLGTEAFF	226	3
CASSRQGLGTEAFF	226	3
CASSPTGARDTQYF	460	2
CSARSGNEQFF	778	2
CASSTRGNYGYTF	38	66
CASSLRSNYGYTF	38	66
CASSLPPAYEQYF	744	2
CASSRDEQETQYF	784	2
CASSQVLSGELFF	772	2
CASSSAVTDTQYF	682	2
CASSLRGSTGELFF	785	2
CATSSGGTEAFF	17	69
CASSYGGWSYEQYF	612	3
CASSYGWSSYEQYF	612	3
CASSLSAGGETQYF	657	2
CASSPLGITDTQYF	364	25
CASSPLGGSDTQYF	364	25
CASSPDRSTDTQYF	786	2
CASSVAGTEAFF	17	69
CASSRGVDEQFF	607	2
CASSYSSDQPQHF	787	2
CASSSGGDLYEQYF	196	2
CASSQGGVNQPQHF	199	7
CASRAGGEQYF	15	181
CASSLPGQGFSGELFF	586	2
CASSGQGGSYEQYF	622	2
CASSPSGVYEQFF	615	2
CASGTSYNEQFF	44	277
CASSPRGLGYGYTF	617	2
CASSDGGDNEQFF	788	2
CASSPGQVGYEQYF	541	2
CASSYPGNYGYTF	161	4
CASSPDRGSYEQYF	550	4
CASSPDRGLDEQYF	550	4
CASSEGQGNTGELFF	789	2
CASSPGTESYEQYF	16	222
CASRLGQGTYEQYF	16	222
CASSSLAASTDTQYF	62	14
CASSATGIGYEQYF	790	2
CASSQVGGDQPQHF	189	2
CASSPPGIYGYTF	161	4
CASSATGDGYEQYF	790	2
CASSLVASTDTQYF	479	7
CASSLHGSTDTQYF	479	7
CASRYTPDTQYF	542	2
CASSVGSANYGYTF	26	9
CASSPDSGNEQFF	718	2
CASSLGTSGRTDTQYF	485	2
CASGLGNTEAFF	17	69
CASGTSGAYEQYF	5	2
CASSQAAYNEQFF	40	64
CASSPLPPNTEAFF	354	4
CASSDGVNEQFF	44	277
CASSLSGYYGYTF	38	66
CASRQGYGYTF	520	4
CASSYGYGYTF	520	4
CASSARADYGYTF	769	3
CASSFRAPYGYTF	769	3
CASSWGQNNEQFF	3	379
CASSQAGTSNTGELFF	606	2
CASSLGQLGEQYF	620	2
CASSLSGEGYTF	24	7
CASSDGENTEAFF	7	167
CASSLSSGETQYF	42	30
CASSSLDTDTQYF	621	2
CASSRRGGAYNEQFF	721	2
CASSPGGRDTQYF	3	379
CASSFTGLGNTIYF	791	2
CASSNSGASYEQYF	16	222
CASSLGGRSDTQYF	529	2
CAISDSGANVLTF	55	9
CASSDLGANVLTF	55	9
CASSLVVGKETQYF	375	2
CASSQGTQDGYTF	38	66
CASSEDGNQPQHF	745	2
CASSLTGGDGYTF	417	4
CASSLGLASNEQFF	362	2
CASSYSSTDTQYF	3	379
CASSHGQGAGSPLHF	792	2
CASQAGSSYEQYF	3	379
CASSSVNPYEQYF	3	379
CASSLSGGSTDTQYF	459	2
CSARDPYEQYF	631	2
CASRGGSSYNEQFF	689	2
CASSFGQGNTGELFF	789	2
CASSSGTAQGNTIYF	793	2
CASSLGLVTEAFF	7	167
CASSLYTGDGYTF	38	66
CASSAGQGAGSPLHF	792	2
CSGRDYTEAFF	253	2
CASSHTGPQPQHF	641	2
CSARRDRGIYEQYF	743	2
CASSLTGANEKLFF	309	3
CASSLWGTNEKLFF	309	3
CASSPTNEKLFF	532	4
CASSLERFYEQYF	3	379
CASSEGGDNEQFF	788	2
CASSQDDTTYEQYF	173	2
CASSLIQGDGYTF	38	66
CASSQGPGTGELFF	750	2
CASSERTGGGYEQYF	709	2
CASSFGGPQETQYF	603	2
CASSIGRGTEAFF	412	2
CASSSISGNTIYF	202	2
CASSWTANTEAFF	7	167
CAAGTVNTGELFF	654	2
CASSLSFAGGTDTQYF	401	2
CASSSPGGMETQYF	203	3
CASSSPTGRETQYF	203	3
CASSLAGGNTIYF	76	5
CASSLGEGNTIYF	76	5
CASSQKTVNTEAFF	33	86
CASSWAGGNSPLHF	649	2
CASSLAPNQETQYF	634	2
CASSAGTGMNQPQHF	728	2
CASSLALAGTYNEQFF	777	2
CASSPWGAGELFF	633	5
CASSGAPTDTQYF	3	379
CASSIGPTDTQYF	3	379
CASSPDEQETQYF	784	2
CASTRTGNTEAFF	794	2
CASSKGVNTEAFF	7	167
CSARGTVSYEQYF	263	2
CASSWGSEQYF	15	181
CASSLDGTLDEQYF	506	2
CASSLGVRSYEQYF	16	222
CASSPQGGNTEAFF	33	86
CASSQALSYEQYF	3	379
CASSLNGGHGYTF	417	4
CASSLQGGQPQHF	643	2
CASSLAGEETQYF	715	3
CASSEPGEETQYF	715	3
CASSLGPGKGYTF	38	66
CASSLLGRETQYF	588	2
CASSVGLNTEAFF	7	167
CSVGGGDSYEQYF	795	2
CASSLRQGRSYEQYF	97	10
CASSEGTTSTDTQYF	796	2
CASSLGTGYQETQYF	367	2
CASSSSGTGDYEQYF	671	2
CASTLITGELFF	44	277
CASSEGGGSTDTQYF	280	2
CASSITSGSYNEQFF	172	13
CASSGESSYEQYF	346	2
CASSVDDYGYTF	23	43
CASTQGGNQPQHF	690	2
CASSPGVGTYNEQFF	156	2
CASSQRAGELFF	472	2
CASSLPSGYEQYF	3	379
CASSSGTATGNTIYF	793	2
CASSRGTSGGNEQFF	580	2
CASSGGQNTGELFF	553	5
CASSLGRTNQPQHF	101	2
CASSVVTGNTEAFF	51	5
CASALGLYNEQFF	40	64
CASSIGTGEYEQYF	16	222
CASSPHVNQPQHF	147	7
CASSVSQGYNEQFF	92	45
CSARDRSSYNEQFF	416	2
CASSLGFLTEAFF	7	167
CASSSADYEQYF	426	2
CASSMGLADNEQFF	563	3
CASILGLNTEAFF	7	167
CASSPQGNIQYF	676	2
CASSLGYPANEQFF	257	2
CASSQDQGGTEAFF	33	86
CSARGQGLEQYF	438	5
CASSSDLYGYTF	23	43
CASSSTGSYGYTF	748	2
CASSSSSEAFF	213	35
CASSVGSEAFF	213	35
CASSYGTGGTYEQYF	144	8
CASSPGTGRTYEQYF	144	8
CASRSSTDTQYF	48	77
CASSYGTDGYTF	353	4
CASSSGADGYTF	353	4
CASSSTGGNSPLHF	399	6
CASSGRGDTQYF	575	2
CASSLAPSGEQFF	40	64
CASSLANSNEQFF	40	64
CASSFLAGGPYNEQFF	50	2
CASEGTSGYEQYF	625	2
CASSVRGFSGNTIYF	746	2
CASSRGGDYNEQFF	92	45
CASSLGGTGVGNEQFF	762	2
CASSGQNNEQFF	44	277
CSARNTGELFF	240	3
CSAIFTGELFF	240	3
CASSPGPAGVETQYF	774	2
CASSPKGAEETQYF	427	2
CASSSRGGGLETQYF	266	2
CASSKSGGSYEQYF	16	222
CASSFTGRNQPQHF	730	5
CASSEGGRNQPQHF	730	5
CASSLGHNTGELFF	771	2
CSVARMNTEAFF	555	2
CASSPTGENQPQHF	713	3
CASSETGSNQPQHF	713	3
CASSASSGAEQFF	738	2
CASRTENYGYTF	562	2
CASSLLSYYEQYF	3	379
CASSQELASSYEQYF	411	8
CASSDGLASSYEQYF	411	8
CASSQGLGGPETQYF	653	2
CASSQARGWTEAFF	697	2
CASSTNRNTEAFF	7	167
CASSLNLGNTIYF	152	10
CASSSAGEDEQYF	564	2
CASSQVEGLETQYF	534	2
CASSPSSGSYNEQFF	172	13
CASSTPGQGQETQYF	214	2
CASTGVGSYEQYF	279	2
CASSPPSGLTDTQYF	430	2
CASSSSGGPSYNEQFF	365	4
CASSLDHEQFF	15	181
CASSPSSSYEQYF	3	379
CASSPDESYEQYF	3	379
CASSPPDNSYEQYF	694	3
CASSPRDGSYEQYF	694	3
CATSDRTSGVNEQFF	677	3
CATSDRTSPYNEQFF	677	3
CASSQTSGGSYEQYF	722	2
CAISEPGSSYNEQFF	686	2
CASSKQGATEAFF	7	167
CASSTGTTSTDTQYF	796	2
CASSEYRGQPQHF	637	2
CASSLFLGTEAFF	7	167
CASSISEYNEQFF	72	2
CASSAGSGNYGYTF	26	9
CASSLGMGNYGYTF	26	9
CASSQDGETQYF	48	77
CASSRRLAGYYEQYF	192	2
CASSATEAFF	739	2
CASSAGGYEQFF	44	277
CASSTGGADTQYF	3	379
CASSQVAGYGYTF	752	2
CASSQDRGHEQYF	3	379
CSVGTSDTGELFF	388	2
CASSGAPYNEQFF	40	64
CASSSYLSYEQYF	3	379
CASSDGGATGELFF	43	20
CASSQDRDYNEQFF	558	2
CASSLLGVNSPLHF	399	6
CASRGLETQYF	14	2
CASRKDTQYF	783	2
CASSQAELTEAFF	278	4
CASSSNYNEQFF	44	277
CASSQDSSSYNEQFF	543	2
CASSLPTGEQFF	44	277
CASSYSETSGDTQYF	245	2
CASSSETGLDYGYTF	456	2
CASSYLVGSSYEQYF	340	2
CASSLIAGGGDTQYF	62	14
CASSLAPPSSYNEQFF	753	2
CASSVGDRTVEQYF	688	2
CSVGGGHSYEQYF	795	2
CASSQEGAGELFF	77	15
CASSPGRANYGYTF	297	2
CASSYPGNEQYF	706	2
CASSLNRGDTQYF	584	2
CASTWTGNTEAFF	794	2
CASSPGRDYEQYF	781	2
CASSYRENTGELFF	780	2
CASSFYSGGDTQYF	390	2
CASSLGPELFF	15	181
CASSQAPGAYEQYF	264	7
CSARSGTGELFF	242	2
CASSYSSVQPQHF	787	2
CASSFRGGYNEQFF	92	45
CASNGGREQYF	703	2
CASSLSLAGVNEQFF	270	2
CSAPWTGGTYEQYF	760	2
CASSYSAGSYEQYF	494	3
CASSFSSGSYEQYF	494	3
CASSYSGDSYEQYF	16	222
CASSMGGSTYEQYF	16	222
CASSYSRQETQYF	727	2
CASSLTGNEKLFF	510	2
CASSLKGSTGELFF	785	2
CASSRTGAYEQYF	3	379
CASSLRLAEETQYF	757	2
CASSQLGGAYEQYF	373	2
CASSDGRSYEQYF	640	2
CASSPALGSTEAFF	608	2
CATSDPGTGGEETQYF	763	2
CASSSGTGGSNQPQHF	334	2
CASSQGDEQFF	15	181
CASSLYGGDEQYF	3	379
CASSQEANTGELFF	244	4
CASSLPTGPNEKLFF	719	2
CASSLGRTGEQYF	3	379
CASSSGGGAFF	578	2
CASSQAGVTDTQYF	364	25
CASSQRTGEETQYF	740	2
CASSLTGQGSYNEQFF	129	2
CASSMGLAPTYEQYF	670	2
CASSLDRGTYEQYF	583	2
CASSYLGSNQPQHF	726	2
CASSARDRGLYEQYF	724	2
CASSFGGLGNTIYF	791	2
CASSGGSDTGELFF	764	2
CASSYQPNTEAFF	629	2
CASSVAGSIYEQYF	16	222
CASSEGSGSSYNEQFF	594	3
CASSFGSGGSYNEQFF	594	3
CASSQDPGLAGVGDTQYF	632	2
CASSLDGEGYEQYF	535	2
CASSLSGLQPQHF	34	49
CASSPGTGGYEQFF	16	222
CASYGGEQYF	4	16
CASSQELAGTQYF	301	2
CASGPGSSYNEQFF	424	2
CASRAGGSYEQYF	3	379
CASSPDSSTDTQYF	786	2
CASSYRVNEQFF	44	277
CASSQDGDSYEQYF	16	222
CASTLAGGNNEQFF	489	2
CASRHAGDTGELFF	569	2
